{
  "type": "FeatureCollection",
  "name": "demo-parcels",
  "crs": {
    "type": "name",
    "properties": {
      "name": "urn:ogc:def:crs:OGC:1.3:CRS84"
    }
  },
  "metadata": {
    "generated_by": "scripts/generate-demo-parcels.mjs",
    "location": "T. Nagar, Chennai, Tamil Nadu, India",
    "center": [
      80.23,
      13.04
    ],
    "note": "Demonstration data — synthetic, not an official land record",
    "disclaimer": "DEMONSTRATION DATA. Not an official land record. Survey numbers, ownership status, encroachment, boundary confidence, valuations and timestamps are all fabricated. Parcel geometry is a derived regular grid, NOT verified cadastral boundary. Discrepancy / encroachment figures are potential indicators only, not legal determinations.",
    "feature_count": 144
  },
  "features": [
    {
      "type": "Feature",
      "id": "IND-TN-CHN-DEMO-0001",
      "geometry": {
        "type": "Polygon",
        "coordinates": [
          [
            [
              80.23313640967753,
              13.040537872799138
            ],
            [
              80.23323784023779,
              13.040537872799138
            ],
            [
              80.23323784023779,
              13.040690585698886
            ],
            [
              80.23313640967753,
              13.040690585698886
            ],
            [
              80.23313640967753,
              13.040537872799138
            ]
          ]
        ]
      },
      "properties": {
        "parcel_id": "IND-TN-CHN-DEMO-0001",
        "survey_no": "T.S. No. 1002",
        "subdivision_no": "2",
        "state": "Tamil Nadu",
        "district": "Chennai",
        "taluk": "Mambalam",
        "village_ward": "Ward 120, T. Nagar",
        "local_body": "Greater Chennai Corporation",
        "pin_code": "600017",
        "city": "Chennai",
        "locality": "T. Nagar",
        "address": "Plot 1, 1st Main Rd, T. Nagar",
        "land_use": "Vacant",
        "observed_use": "No active use observed",
        "zoning_code": "R1",
        "zoning_description": "Primary Residential Use Zone (undeveloped)",
        "development_status": "Vacant / Undeveloped",
        "tenure_class": "Public",
        "agri_status": "Non-agricultural",
        "ownership_status": "On record (details not public in this dataset)",
        "owner_record_available": false,
        "ownership_type": "Public",
        "last_verified": "2026-09-01",
        "area_sqm": 186.6,
        "area_sqft": 2008,
        "perimeter_m": 56,
        "reference_area_sqm": 178.4,
        "reference_area_sqft": 1921,
        "discrepancy_area_sqm": 8.2,
        "discrepancy_pct": 4.57,
        "boundary_confidence": 0.65,
        "boundary_confidence_label": "Medium",
        "boundary_source": "Derived — regular grid aligned to a real basemap location",
        "built_up_area_sqm": 2.1,
        "built_up_pct": 1.1,
        "floors": 0,
        "vegetation_pct": 50,
        "encroachment_area_sqm": 5.9,
        "encroachment_status": "Minor",
        "previous": {
          "observed_on": "2026-03-05",
          "built_up_area_sqm": 1.8,
          "vegetation_pct": 57,
          "encroachment_area_sqm": 0
        },
        "assessed_value_inr": 39000000,
        "last_updated": "2026-09-01",
        "data_source": "Demonstration data — synthetic, not an official land record",
        "data_quality": "DEMO"
      }
    },
    {
      "type": "Feature",
      "id": "IND-TN-CHN-DEMO-0002",
      "geometry": {
        "type": "Polygon",
        "coordinates": [
          [
            [
              80.23330238695796,
              13.040537872799138
            ],
            [
              80.23340381751822,
              13.040537872799138
            ],
            [
              80.23340381751822,
              13.040690585698886
            ],
            [
              80.23330238695796,
              13.040690585698886
            ],
            [
              80.23330238695796,
              13.040537872799138
            ]
          ]
        ]
      },
      "properties": {
        "parcel_id": "IND-TN-CHN-DEMO-0002",
        "survey_no": "T.S. No. 1005",
        "subdivision_no": "3",
        "state": "Tamil Nadu",
        "district": "Chennai",
        "taluk": "Mambalam",
        "village_ward": "Ward 120, T. Nagar",
        "local_body": "Greater Chennai Corporation",
        "pin_code": "600017",
        "city": "Chennai",
        "locality": "T. Nagar",
        "address": "Plot 2, 1st Main Rd, T. Nagar",
        "land_use": "Mixed Residential",
        "observed_use": "Mixed Residential",
        "zoning_code": "R2",
        "zoning_description": "Mixed Residential Use Zone",
        "development_status": "Developed",
        "tenure_class": "Institutional",
        "agri_status": "Non-agricultural",
        "ownership_status": "On record (details not public in this dataset)",
        "owner_record_available": false,
        "ownership_type": "Institutional",
        "last_verified": "2026-09-01",
        "area_sqm": 186.6,
        "area_sqft": 2008,
        "perimeter_m": 56,
        "reference_area_sqm": 175.2,
        "reference_area_sqft": 1886,
        "discrepancy_area_sqm": 11.4,
        "discrepancy_pct": 6.48,
        "boundary_confidence": 0.68,
        "boundary_confidence_label": "Medium",
        "boundary_source": "Derived — regular grid aligned to a real basemap location",
        "built_up_area_sqm": 135,
        "built_up_pct": 72.4,
        "floors": 2,
        "vegetation_pct": 10,
        "encroachment_area_sqm": 0,
        "encroachment_status": "None",
        "previous": {
          "observed_on": "2026-03-05",
          "built_up_area_sqm": 110.4,
          "vegetation_pct": 15,
          "encroachment_area_sqm": 0
        },
        "assessed_value_inr": 45100000,
        "last_updated": "2026-09-01",
        "data_source": "Demonstration data — synthetic, not an official land record",
        "data_quality": "DEMO"
      }
    },
    {
      "type": "Feature",
      "id": "IND-TN-CHN-DEMO-0003",
      "geometry": {
        "type": "Polygon",
        "coordinates": [
          [
            [
              80.23346836423838,
              13.040537872799138
            ],
            [
              80.23356979479864,
              13.040537872799138
            ],
            [
              80.23356979479864,
              13.040690585698886
            ],
            [
              80.23346836423838,
              13.040690585698886
            ],
            [
              80.23346836423838,
              13.040537872799138
            ]
          ]
        ]
      },
      "properties": {
        "parcel_id": "IND-TN-CHN-DEMO-0003",
        "survey_no": "T.S. No. 1008",
        "subdivision_no": "4",
        "state": "Tamil Nadu",
        "district": "Chennai",
        "taluk": "Mambalam",
        "village_ward": "Ward 120, T. Nagar",
        "local_body": "Greater Chennai Corporation",
        "pin_code": "600017",
        "city": "Chennai",
        "locality": "T. Nagar",
        "address": "Plot 3, 1st Main Rd, T. Nagar",
        "land_use": "Residential",
        "observed_use": "Residential",
        "zoning_code": "R1",
        "zoning_description": "Primary Residential Use Zone",
        "development_status": "Under review",
        "tenure_class": "Private",
        "agri_status": "Non-agricultural",
        "ownership_status": "On record (details not public in this dataset)",
        "owner_record_available": false,
        "ownership_type": "Individual / private",
        "last_verified": "2026-09-01",
        "area_sqm": 186.6,
        "area_sqft": 2008,
        "perimeter_m": 56,
        "reference_area_sqm": 175.8,
        "reference_area_sqft": 1892,
        "discrepancy_area_sqm": 10.8,
        "discrepancy_pct": 6.16,
        "boundary_confidence": 0.79,
        "boundary_confidence_label": "Medium",
        "boundary_source": "Derived — regular grid aligned to a real basemap location",
        "built_up_area_sqm": 87.7,
        "built_up_pct": 47,
        "floors": 2,
        "vegetation_pct": 16,
        "encroachment_area_sqm": 0,
        "encroachment_status": "None",
        "previous": {
          "observed_on": "2026-03-05",
          "built_up_area_sqm": 70.1,
          "vegetation_pct": 23,
          "encroachment_area_sqm": 0
        },
        "assessed_value_inr": 47000000,
        "last_updated": "2026-09-01",
        "data_source": "Demonstration data — synthetic, not an official land record",
        "data_quality": "DEMO"
      }
    },
    {
      "type": "Feature",
      "id": "IND-TN-CHN-DEMO-0004",
      "geometry": {
        "type": "Polygon",
        "coordinates": [
          [
            [
              80.23363434151881,
              13.040537872799138
            ],
            [
              80.23373577207907,
              13.040537872799138
            ],
            [
              80.23373577207907,
              13.040690585698886
            ],
            [
              80.23363434151881,
              13.040690585698886
            ],
            [
              80.23363434151881,
              13.040537872799138
            ]
          ]
        ]
      },
      "properties": {
        "parcel_id": "IND-TN-CHN-DEMO-0004",
        "survey_no": "T.S. No. 1010",
        "subdivision_no": "5",
        "state": "Tamil Nadu",
        "district": "Chennai",
        "taluk": "Mambalam",
        "village_ward": "Ward 120, T. Nagar",
        "local_body": "Greater Chennai Corporation",
        "pin_code": "600017",
        "city": "Chennai",
        "locality": "T. Nagar",
        "address": "Plot 4, 1st Main Rd, T. Nagar",
        "land_use": "Mixed Residential",
        "observed_use": "Mixed Residential",
        "zoning_code": "R2",
        "zoning_description": "Mixed Residential Use Zone",
        "development_status": "Developed",
        "tenure_class": "Institutional",
        "agri_status": "Non-agricultural",
        "ownership_status": "On record (details not public in this dataset)",
        "owner_record_available": false,
        "ownership_type": "Institutional",
        "last_verified": "2026-09-01",
        "area_sqm": 186.6,
        "area_sqft": 2008,
        "perimeter_m": 56,
        "reference_area_sqm": 184.5,
        "reference_area_sqft": 1986,
        "discrepancy_area_sqm": 2.1,
        "discrepancy_pct": 1.14,
        "boundary_confidence": 0.44,
        "boundary_confidence_label": "Low",
        "boundary_source": "Derived — regular grid aligned to a real basemap location",
        "built_up_area_sqm": 102.7,
        "built_up_pct": 55,
        "floors": 2,
        "vegetation_pct": 5,
        "encroachment_area_sqm": 0,
        "encroachment_status": "None",
        "previous": {
          "observed_on": "2026-03-05",
          "built_up_area_sqm": 83.8,
          "vegetation_pct": 12,
          "encroachment_area_sqm": 0
        },
        "assessed_value_inr": 55400000,
        "last_updated": "2026-09-01",
        "data_source": "Demonstration data — synthetic, not an official land record",
        "data_quality": "DEMO"
      }
    },
    {
      "type": "Feature",
      "id": "IND-TN-CHN-DEMO-0005",
      "geometry": {
        "type": "Polygon",
        "coordinates": [
          [
            [
              80.23380031879923,
              13.040537872799138
            ],
            [
              80.23390174935949,
              13.040537872799138
            ],
            [
              80.23390174935949,
              13.040690585698886
            ],
            [
              80.23380031879923,
              13.040690585698886
            ],
            [
              80.23380031879923,
              13.040537872799138
            ]
          ]
        ]
      },
      "properties": {
        "parcel_id": "IND-TN-CHN-DEMO-0005",
        "survey_no": "T.S. No. 1013",
        "subdivision_no": "6",
        "state": "Tamil Nadu",
        "district": "Chennai",
        "taluk": "Mambalam",
        "village_ward": "Ward 120, T. Nagar",
        "local_body": "Greater Chennai Corporation",
        "pin_code": "600017",
        "city": "Chennai",
        "locality": "T. Nagar",
        "address": "Plot 5, 1st Main Rd, T. Nagar",
        "land_use": "Institutional",
        "observed_use": "Institutional",
        "zoning_code": "I1",
        "zoning_description": "Institutional Use Zone",
        "development_status": "Developed",
        "tenure_class": "Institutional",
        "agri_status": "Non-agricultural",
        "ownership_status": "On record (details not public in this dataset)",
        "owner_record_available": false,
        "ownership_type": "Institutional",
        "last_verified": "2026-09-01",
        "area_sqm": 186.6,
        "area_sqft": 2008,
        "perimeter_m": 56,
        "reference_area_sqm": 196.6,
        "reference_area_sqft": 2117,
        "discrepancy_area_sqm": 10.1,
        "discrepancy_pct": 5.11,
        "boundary_confidence": 0.85,
        "boundary_confidence_label": "High",
        "boundary_source": "Derived — regular grid aligned to a real basemap location",
        "built_up_area_sqm": 86.6,
        "built_up_pct": 46.4,
        "floors": 1,
        "vegetation_pct": 18,
        "encroachment_area_sqm": 0,
        "encroachment_status": "None",
        "previous": {
          "observed_on": "2026-03-05",
          "built_up_area_sqm": 70.6,
          "vegetation_pct": 22,
          "encroachment_area_sqm": 0
        },
        "assessed_value_inr": 32400000,
        "last_updated": "2026-09-01",
        "data_source": "Demonstration data — synthetic, not an official land record",
        "data_quality": "DEMO"
      }
    },
    {
      "type": "Feature",
      "id": "IND-TN-CHN-DEMO-0006",
      "geometry": {
        "type": "Polygon",
        "coordinates": [
          [
            [
              80.23396629607966,
              13.040537872799138
            ],
            [
              80.23406772663992,
              13.040537872799138
            ],
            [
              80.23406772663992,
              13.040690585698886
            ],
            [
              80.23396629607966,
              13.040690585698886
            ],
            [
              80.23396629607966,
              13.040537872799138
            ]
          ]
        ]
      },
      "properties": {
        "parcel_id": "IND-TN-CHN-DEMO-0006",
        "survey_no": "T.S. No. 1016",
        "subdivision_no": "7",
        "state": "Tamil Nadu",
        "district": "Chennai",
        "taluk": "Mambalam",
        "village_ward": "Ward 120, T. Nagar",
        "local_body": "Greater Chennai Corporation",
        "pin_code": "600017",
        "city": "Chennai",
        "locality": "T. Nagar",
        "address": "Plot 6, 1st Main Rd, T. Nagar",
        "land_use": "Residential",
        "observed_use": "Residential",
        "zoning_code": "R1",
        "zoning_description": "Primary Residential Use Zone",
        "development_status": "Under review",
        "tenure_class": "Government",
        "agri_status": "Non-agricultural",
        "ownership_status": "On record (details not public in this dataset)",
        "owner_record_available": false,
        "ownership_type": "Government",
        "last_verified": "2026-09-01",
        "area_sqm": 186.6,
        "area_sqft": 2008,
        "perimeter_m": 56,
        "reference_area_sqm": 186,
        "reference_area_sqft": 2003,
        "discrepancy_area_sqm": 0.5,
        "discrepancy_pct": 0.29,
        "boundary_confidence": 0.59,
        "boundary_confidence_label": "Medium",
        "boundary_source": "Derived — regular grid aligned to a real basemap location",
        "built_up_area_sqm": 102.3,
        "built_up_pct": 54.8,
        "floors": 2,
        "vegetation_pct": 27,
        "encroachment_area_sqm": 0,
        "encroachment_status": "None",
        "previous": {
          "observed_on": "2026-03-05",
          "built_up_area_sqm": 86.6,
          "vegetation_pct": 30,
          "encroachment_area_sqm": 0
        },
        "assessed_value_inr": 49400000,
        "last_updated": "2026-09-01",
        "data_source": "Demonstration data — synthetic, not an official land record",
        "data_quality": "DEMO"
      }
    },
    {
      "type": "Feature",
      "id": "IND-TN-CHN-DEMO-0007",
      "geometry": {
        "type": "Polygon",
        "coordinates": [
          [
            [
              80.23413227336009,
              13.040537872799138
            ],
            [
              80.23423370392035,
              13.040537872799138
            ],
            [
              80.23423370392035,
              13.040690585698886
            ],
            [
              80.23413227336009,
              13.040690585698886
            ],
            [
              80.23413227336009,
              13.040537872799138
            ]
          ]
        ]
      },
      "properties": {
        "parcel_id": "IND-TN-CHN-DEMO-0007",
        "survey_no": "T.S. No. 1018",
        "subdivision_no": "8",
        "state": "Tamil Nadu",
        "district": "Chennai",
        "taluk": "Mambalam",
        "village_ward": "Ward 120, T. Nagar",
        "local_body": "Greater Chennai Corporation",
        "pin_code": "600017",
        "city": "Chennai",
        "locality": "T. Nagar",
        "address": "Plot 7, 1st Main Rd, T. Nagar",
        "land_use": "Commercial",
        "observed_use": "Commercial",
        "zoning_code": "C2",
        "zoning_description": "General Commercial Use Zone",
        "development_status": "Developed",
        "tenure_class": "Government",
        "agri_status": "Non-agricultural",
        "ownership_status": "On record (details not public in this dataset)",
        "owner_record_available": false,
        "ownership_type": "Government",
        "last_verified": "2026-09-01",
        "area_sqm": 186.6,
        "area_sqft": 2008,
        "perimeter_m": 56,
        "reference_area_sqm": 195.4,
        "reference_area_sqft": 2103,
        "discrepancy_area_sqm": 8.8,
        "discrepancy_pct": 4.51,
        "boundary_confidence": 0.84,
        "boundary_confidence_label": "High",
        "boundary_source": "Derived — regular grid aligned to a real basemap location",
        "built_up_area_sqm": 113.5,
        "built_up_pct": 60.8,
        "floors": 3,
        "vegetation_pct": 3,
        "encroachment_area_sqm": 0,
        "encroachment_status": "None",
        "previous": {
          "observed_on": "2026-03-05",
          "built_up_area_sqm": 102.9,
          "vegetation_pct": 13,
          "encroachment_area_sqm": 0
        },
        "assessed_value_inr": 77000000,
        "last_updated": "2026-09-01",
        "data_source": "Demonstration data — synthetic, not an official land record",
        "data_quality": "DEMO"
      }
    },
    {
      "type": "Feature",
      "id": "IND-TN-CHN-DEMO-0008",
      "geometry": {
        "type": "Polygon",
        "coordinates": [
          [
            [
              80.2342982506405,
              13.040537872799138
            ],
            [
              80.23439968120077,
              13.040537872799138
            ],
            [
              80.23439968120077,
              13.040690585698886
            ],
            [
              80.2342982506405,
              13.040690585698886
            ],
            [
              80.2342982506405,
              13.040537872799138
            ]
          ]
        ]
      },
      "properties": {
        "parcel_id": "IND-TN-CHN-DEMO-0008",
        "survey_no": "T.S. No. 1021",
        "subdivision_no": "9",
        "state": "Tamil Nadu",
        "district": "Chennai",
        "taluk": "Mambalam",
        "village_ward": "Ward 120, T. Nagar",
        "local_body": "Greater Chennai Corporation",
        "pin_code": "600017",
        "city": "Chennai",
        "locality": "T. Nagar",
        "address": "Plot 8, 1st Main Rd, T. Nagar",
        "land_use": "Institutional",
        "observed_use": "Institutional",
        "zoning_code": "I1",
        "zoning_description": "Institutional Use Zone",
        "development_status": "Developed",
        "tenure_class": "Institutional",
        "agri_status": "Non-agricultural",
        "ownership_status": "On record (details not public in this dataset)",
        "owner_record_available": false,
        "ownership_type": "Institutional",
        "last_verified": "2026-09-01",
        "area_sqm": 186.6,
        "area_sqft": 2008,
        "perimeter_m": 56,
        "reference_area_sqm": 199.6,
        "reference_area_sqft": 2148,
        "discrepancy_area_sqm": 13,
        "discrepancy_pct": 6.51,
        "boundary_confidence": 0.41,
        "boundary_confidence_label": "Low",
        "boundary_source": "Derived — regular grid aligned to a real basemap location",
        "built_up_area_sqm": 70.3,
        "built_up_pct": 37.7,
        "floors": 2,
        "vegetation_pct": 21,
        "encroachment_area_sqm": 15.1,
        "encroachment_status": "Moderate",
        "previous": {
          "observed_on": "2026-03-05",
          "built_up_area_sqm": 61.7,
          "vegetation_pct": 28,
          "encroachment_area_sqm": 0
        },
        "assessed_value_inr": 30500000,
        "last_updated": "2026-09-01",
        "data_source": "Demonstration data — synthetic, not an official land record",
        "data_quality": "DEMO"
      }
    },
    {
      "type": "Feature",
      "id": "IND-TN-CHN-DEMO-0009",
      "geometry": {
        "type": "Polygon",
        "coordinates": [
          [
            [
              80.23446422792094,
              13.040537872799138
            ],
            [
              80.2345656584812,
              13.040537872799138
            ],
            [
              80.2345656584812,
              13.040690585698886
            ],
            [
              80.23446422792094,
              13.040690585698886
            ],
            [
              80.23446422792094,
              13.040537872799138
            ]
          ]
        ]
      },
      "properties": {
        "parcel_id": "IND-TN-CHN-DEMO-0009",
        "survey_no": "T.S. No. 1024",
        "subdivision_no": "1",
        "state": "Tamil Nadu",
        "district": "Chennai",
        "taluk": "Mambalam",
        "village_ward": "Ward 120, T. Nagar",
        "local_body": "Greater Chennai Corporation",
        "pin_code": "600017",
        "city": "Chennai",
        "locality": "T. Nagar",
        "address": "Plot 9, 1st Main Rd, T. Nagar",
        "land_use": "Residential",
        "observed_use": "Residential",
        "zoning_code": "R1",
        "zoning_description": "Primary Residential Use Zone",
        "development_status": "Developed — discrepancy flagged",
        "tenure_class": "Government",
        "agri_status": "Non-agricultural",
        "ownership_status": "On record (details not public in this dataset)",
        "owner_record_available": false,
        "ownership_type": "Government",
        "last_verified": "2026-09-01",
        "area_sqm": 186.6,
        "area_sqft": 2008,
        "perimeter_m": 56,
        "reference_area_sqm": 179.1,
        "reference_area_sqft": 1928,
        "discrepancy_area_sqm": 7.5,
        "discrepancy_pct": 4.17,
        "boundary_confidence": 0.66,
        "boundary_confidence_label": "Medium",
        "boundary_source": "Derived — regular grid aligned to a real basemap location",
        "built_up_area_sqm": 98.7,
        "built_up_pct": 52.9,
        "floors": 3,
        "vegetation_pct": 14,
        "encroachment_area_sqm": 78.6,
        "encroachment_status": "Critical",
        "previous": {
          "observed_on": "2026-03-05",
          "built_up_area_sqm": 84.8,
          "vegetation_pct": 16,
          "encroachment_area_sqm": 47.2
        },
        "assessed_value_inr": 42800000,
        "last_updated": "2026-09-01",
        "data_source": "Demonstration data — synthetic, not an official land record",
        "data_quality": "DEMO"
      }
    },
    {
      "type": "Feature",
      "id": "IND-TN-CHN-DEMO-0010",
      "geometry": {
        "type": "Polygon",
        "coordinates": [
          [
            [
              80.23463020520136,
              13.040537872799138
            ],
            [
              80.23473163576162,
              13.040537872799138
            ],
            [
              80.23473163576162,
              13.040690585698886
            ],
            [
              80.23463020520136,
              13.040690585698886
            ],
            [
              80.23463020520136,
              13.040537872799138
            ]
          ]
        ]
      },
      "properties": {
        "parcel_id": "IND-TN-CHN-DEMO-0010",
        "survey_no": "T.S. No. 1027",
        "subdivision_no": "2",
        "state": "Tamil Nadu",
        "district": "Chennai",
        "taluk": "Mambalam",
        "village_ward": "Ward 120, T. Nagar",
        "local_body": "Greater Chennai Corporation",
        "pin_code": "600017",
        "city": "Chennai",
        "locality": "T. Nagar",
        "address": "Plot 10, 1st Main Rd, T. Nagar",
        "land_use": "Mixed Residential",
        "observed_use": "Mixed Residential",
        "zoning_code": "R2",
        "zoning_description": "Mixed Residential Use Zone",
        "development_status": "Developed",
        "tenure_class": "Private",
        "agri_status": "Non-agricultural",
        "ownership_status": "On record (details not public in this dataset)",
        "owner_record_available": false,
        "ownership_type": "Individual / private",
        "last_verified": "2026-09-01",
        "area_sqm": 186.6,
        "area_sqft": 2008,
        "perimeter_m": 56,
        "reference_area_sqm": 195.7,
        "reference_area_sqft": 2107,
        "discrepancy_area_sqm": 9.2,
        "discrepancy_pct": 4.68,
        "boundary_confidence": 0.66,
        "boundary_confidence_label": "Medium",
        "boundary_source": "Derived — regular grid aligned to a real basemap location",
        "built_up_area_sqm": 125.4,
        "built_up_pct": 67.2,
        "floors": 3,
        "vegetation_pct": 8,
        "encroachment_area_sqm": 0,
        "encroachment_status": "None",
        "previous": {
          "observed_on": "2026-03-05",
          "built_up_area_sqm": 101.6,
          "vegetation_pct": 16,
          "encroachment_area_sqm": 0
        },
        "assessed_value_inr": 56100000,
        "last_updated": "2026-09-01",
        "data_source": "Demonstration data — synthetic, not an official land record",
        "data_quality": "DEMO"
      }
    },
    {
      "type": "Feature",
      "id": "IND-TN-CHN-DEMO-0011",
      "geometry": {
        "type": "Polygon",
        "coordinates": [
          [
            [
              80.23479618248179,
              13.040537872799138
            ],
            [
              80.23489761304205,
              13.040537872799138
            ],
            [
              80.23489761304205,
              13.040690585698886
            ],
            [
              80.23479618248179,
              13.040690585698886
            ],
            [
              80.23479618248179,
              13.040537872799138
            ]
          ]
        ]
      },
      "properties": {
        "parcel_id": "IND-TN-CHN-DEMO-0011",
        "survey_no": "T.S. No. 1029",
        "subdivision_no": "3",
        "state": "Tamil Nadu",
        "district": "Chennai",
        "taluk": "Mambalam",
        "village_ward": "Ward 120, T. Nagar",
        "local_body": "Greater Chennai Corporation",
        "pin_code": "600017",
        "city": "Chennai",
        "locality": "T. Nagar",
        "address": "Plot 11, 1st Main Rd, T. Nagar",
        "land_use": "Residential",
        "observed_use": "Residential",
        "zoning_code": "R1",
        "zoning_description": "Primary Residential Use Zone",
        "development_status": "Developed",
        "tenure_class": "Institutional",
        "agri_status": "Non-agricultural",
        "ownership_status": "On record (details not public in this dataset)",
        "owner_record_available": false,
        "ownership_type": "Institutional",
        "last_verified": "2026-09-01",
        "area_sqm": 186.6,
        "area_sqft": 2008,
        "perimeter_m": 56,
        "reference_area_sqm": 191.8,
        "reference_area_sqft": 2065,
        "discrepancy_area_sqm": 5.3,
        "discrepancy_pct": 2.74,
        "boundary_confidence": 0.59,
        "boundary_confidence_label": "Medium",
        "boundary_source": "Derived — regular grid aligned to a real basemap location",
        "built_up_area_sqm": 118.7,
        "built_up_pct": 63.6,
        "floors": 3,
        "vegetation_pct": 17,
        "encroachment_area_sqm": 0,
        "encroachment_status": "None",
        "previous": {
          "observed_on": "2026-03-05",
          "built_up_area_sqm": 103.6,
          "vegetation_pct": 26,
          "encroachment_area_sqm": 0
        },
        "assessed_value_inr": 39100000,
        "last_updated": "2026-09-01",
        "data_source": "Demonstration data — synthetic, not an official land record",
        "data_quality": "DEMO"
      }
    },
    {
      "type": "Feature",
      "id": "IND-TN-CHN-DEMO-0012",
      "geometry": {
        "type": "Polygon",
        "coordinates": [
          [
            [
              80.23496215976222,
              13.040537872799138
            ],
            [
              80.23506359032248,
              13.040537872799138
            ],
            [
              80.23506359032248,
              13.040690585698886
            ],
            [
              80.23496215976222,
              13.040690585698886
            ],
            [
              80.23496215976222,
              13.040537872799138
            ]
          ]
        ]
      },
      "properties": {
        "parcel_id": "IND-TN-CHN-DEMO-0012",
        "survey_no": "T.S. No. 1032",
        "subdivision_no": "4",
        "state": "Tamil Nadu",
        "district": "Chennai",
        "taluk": "Mambalam",
        "village_ward": "Ward 120, T. Nagar",
        "local_body": "Greater Chennai Corporation",
        "pin_code": "600017",
        "city": "Chennai",
        "locality": "T. Nagar",
        "address": "Plot 12, 1st Main Rd, T. Nagar",
        "land_use": "Residential",
        "observed_use": "Residential",
        "zoning_code": "R1",
        "zoning_description": "Primary Residential Use Zone",
        "development_status": "Developed",
        "tenure_class": "Government",
        "agri_status": "Non-agricultural",
        "ownership_status": "On record (details not public in this dataset)",
        "owner_record_available": false,
        "ownership_type": "Government",
        "last_verified": "2026-09-01",
        "area_sqm": 186.6,
        "area_sqft": 2008,
        "perimeter_m": 56,
        "reference_area_sqm": 198.2,
        "reference_area_sqft": 2134,
        "discrepancy_area_sqm": 11.7,
        "discrepancy_pct": 5.88,
        "boundary_confidence": 0.62,
        "boundary_confidence_label": "Medium",
        "boundary_source": "Derived — regular grid aligned to a real basemap location",
        "built_up_area_sqm": 113.2,
        "built_up_pct": 60.7,
        "floors": 2,
        "vegetation_pct": 17,
        "encroachment_area_sqm": 2.2,
        "encroachment_status": "Minor",
        "previous": {
          "observed_on": "2026-03-05",
          "built_up_area_sqm": 90.5,
          "vegetation_pct": 17,
          "encroachment_area_sqm": 0
        },
        "assessed_value_inr": 46300000,
        "last_updated": "2026-09-01",
        "data_source": "Demonstration data — synthetic, not an official land record",
        "data_quality": "DEMO"
      }
    },
    {
      "type": "Feature",
      "id": "IND-TN-CHN-DEMO-0013",
      "geometry": {
        "type": "Polygon",
        "coordinates": [
          [
            [
              80.23313640967753,
              13.040753467481137
            ],
            [
              80.23323784023779,
              13.040753467481137
            ],
            [
              80.23323784023779,
              13.040906180380885
            ],
            [
              80.23313640967753,
              13.040906180380885
            ],
            [
              80.23313640967753,
              13.040753467481137
            ]
          ]
        ]
      },
      "properties": {
        "parcel_id": "IND-TN-CHN-DEMO-0013",
        "survey_no": "T.S. No. 1035",
        "subdivision_no": "5",
        "state": "Tamil Nadu",
        "district": "Chennai",
        "taluk": "Mambalam",
        "village_ward": "Ward 121, T. Nagar",
        "local_body": "Greater Chennai Corporation",
        "pin_code": "600017",
        "city": "Chennai",
        "locality": "T. Nagar",
        "address": "Plot 1, 2nd Main Rd, T. Nagar",
        "land_use": "Mixed Residential",
        "observed_use": "Mixed Residential",
        "zoning_code": "R2",
        "zoning_description": "Mixed Residential Use Zone",
        "development_status": "Developed",
        "tenure_class": "Public",
        "agri_status": "Non-agricultural",
        "ownership_status": "On record (details not public in this dataset)",
        "owner_record_available": false,
        "ownership_type": "Public",
        "last_verified": "2026-09-01",
        "area_sqm": 186.6,
        "area_sqft": 2008,
        "perimeter_m": 56,
        "reference_area_sqm": 177.9,
        "reference_area_sqft": 1915,
        "discrepancy_area_sqm": 8.7,
        "discrepancy_pct": 4.88,
        "boundary_confidence": 0.46,
        "boundary_confidence_label": "Low",
        "boundary_source": "Derived — regular grid aligned to a real basemap location",
        "built_up_area_sqm": 96.4,
        "built_up_pct": 51.7,
        "floors": 3,
        "vegetation_pct": 15,
        "encroachment_area_sqm": 20.6,
        "encroachment_status": "Moderate",
        "previous": {
          "observed_on": "2026-03-05",
          "built_up_area_sqm": 82.4,
          "vegetation_pct": 18,
          "encroachment_area_sqm": 12.3
        },
        "assessed_value_inr": 55000000,
        "last_updated": "2026-09-01",
        "data_source": "Demonstration data — synthetic, not an official land record",
        "data_quality": "DEMO"
      }
    },
    {
      "type": "Feature",
      "id": "IND-TN-CHN-DEMO-0014",
      "geometry": {
        "type": "Polygon",
        "coordinates": [
          [
            [
              80.23330238695796,
              13.040753467481137
            ],
            [
              80.23340381751822,
              13.040753467481137
            ],
            [
              80.23340381751822,
              13.040906180380885
            ],
            [
              80.23330238695796,
              13.040906180380885
            ],
            [
              80.23330238695796,
              13.040753467481137
            ]
          ]
        ]
      },
      "properties": {
        "parcel_id": "IND-TN-CHN-DEMO-0014",
        "survey_no": "T.S. No. 1037",
        "subdivision_no": "6",
        "state": "Tamil Nadu",
        "district": "Chennai",
        "taluk": "Mambalam",
        "village_ward": "Ward 121, T. Nagar",
        "local_body": "Greater Chennai Corporation",
        "pin_code": "600017",
        "city": "Chennai",
        "locality": "T. Nagar",
        "address": "Plot 2, 2nd Main Rd, T. Nagar",
        "land_use": "Mixed Residential",
        "observed_use": "Mixed Residential",
        "zoning_code": "R2",
        "zoning_description": "Mixed Residential Use Zone",
        "development_status": "Developed",
        "tenure_class": "Institutional",
        "agri_status": "Non-agricultural",
        "ownership_status": "On record (details not public in this dataset)",
        "owner_record_available": false,
        "ownership_type": "Institutional",
        "last_verified": "2026-09-01",
        "area_sqm": 186.6,
        "area_sqft": 2008,
        "perimeter_m": 56,
        "reference_area_sqm": 179.1,
        "reference_area_sqft": 1928,
        "discrepancy_area_sqm": 7.5,
        "discrepancy_pct": 4.17,
        "boundary_confidence": 0.42,
        "boundary_confidence_label": "Low",
        "boundary_source": "Derived — regular grid aligned to a real basemap location",
        "built_up_area_sqm": 129,
        "built_up_pct": 69.1,
        "floors": 2,
        "vegetation_pct": 14,
        "encroachment_area_sqm": 0,
        "encroachment_status": "None",
        "previous": {
          "observed_on": "2026-03-05",
          "built_up_area_sqm": 103.6,
          "vegetation_pct": 20,
          "encroachment_area_sqm": 0
        },
        "assessed_value_inr": 52500000,
        "last_updated": "2026-09-01",
        "data_source": "Demonstration data — synthetic, not an official land record",
        "data_quality": "DEMO"
      }
    },
    {
      "type": "Feature",
      "id": "IND-TN-CHN-DEMO-0015",
      "geometry": {
        "type": "Polygon",
        "coordinates": [
          [
            [
              80.23346836423838,
              13.040753467481137
            ],
            [
              80.23356979479864,
              13.040753467481137
            ],
            [
              80.23356979479864,
              13.040906180380885
            ],
            [
              80.23346836423838,
              13.040906180380885
            ],
            [
              80.23346836423838,
              13.040753467481137
            ]
          ]
        ]
      },
      "properties": {
        "parcel_id": "IND-TN-CHN-DEMO-0015",
        "survey_no": "T.S. No. 1040",
        "subdivision_no": "7",
        "state": "Tamil Nadu",
        "district": "Chennai",
        "taluk": "Mambalam",
        "village_ward": "Ward 121, T. Nagar",
        "local_body": "Greater Chennai Corporation",
        "pin_code": "600017",
        "city": "Chennai",
        "locality": "T. Nagar",
        "address": "Plot 3, 2nd Main Rd, T. Nagar",
        "land_use": "Commercial",
        "observed_use": "Commercial",
        "zoning_code": "C2",
        "zoning_description": "General Commercial Use Zone",
        "development_status": "Developed",
        "tenure_class": "Government",
        "agri_status": "Non-agricultural",
        "ownership_status": "On record (details not public in this dataset)",
        "owner_record_available": false,
        "ownership_type": "Government",
        "last_verified": "2026-09-01",
        "area_sqm": 186.6,
        "area_sqft": 2008,
        "perimeter_m": 56,
        "reference_area_sqm": 174.7,
        "reference_area_sqft": 1881,
        "discrepancy_area_sqm": 11.9,
        "discrepancy_pct": 6.78,
        "boundary_confidence": 0.89,
        "boundary_confidence_label": "High",
        "boundary_source": "Derived — regular grid aligned to a real basemap location",
        "built_up_area_sqm": 132,
        "built_up_pct": 70.7,
        "floors": 3,
        "vegetation_pct": 7,
        "encroachment_area_sqm": 0,
        "encroachment_status": "None",
        "previous": {
          "observed_on": "2026-03-05",
          "built_up_area_sqm": 111.7,
          "vegetation_pct": 17,
          "encroachment_area_sqm": 0
        },
        "assessed_value_inr": 63500000,
        "last_updated": "2026-09-01",
        "data_source": "Demonstration data — synthetic, not an official land record",
        "data_quality": "DEMO"
      }
    },
    {
      "type": "Feature",
      "id": "IND-TN-CHN-DEMO-0016",
      "geometry": {
        "type": "Polygon",
        "coordinates": [
          [
            [
              80.23363434151881,
              13.040753467481137
            ],
            [
              80.23373577207907,
              13.040753467481137
            ],
            [
              80.23373577207907,
              13.040906180380885
            ],
            [
              80.23363434151881,
              13.040906180380885
            ],
            [
              80.23363434151881,
              13.040753467481137
            ]
          ]
        ]
      },
      "properties": {
        "parcel_id": "IND-TN-CHN-DEMO-0016",
        "survey_no": "T.S. No. 1043",
        "subdivision_no": "8",
        "state": "Tamil Nadu",
        "district": "Chennai",
        "taluk": "Mambalam",
        "village_ward": "Ward 121, T. Nagar",
        "local_body": "Greater Chennai Corporation",
        "pin_code": "600017",
        "city": "Chennai",
        "locality": "T. Nagar",
        "address": "Plot 4, 2nd Main Rd, T. Nagar",
        "land_use": "Mixed Residential",
        "observed_use": "Mixed Residential",
        "zoning_code": "R2",
        "zoning_description": "Mixed Residential Use Zone",
        "development_status": "Developed",
        "tenure_class": "Private",
        "agri_status": "Non-agricultural",
        "ownership_status": "On record (details not public in this dataset)",
        "owner_record_available": false,
        "ownership_type": "Individual / private",
        "last_verified": "2026-09-01",
        "area_sqm": 186.6,
        "area_sqft": 2008,
        "perimeter_m": 56,
        "reference_area_sqm": 178.2,
        "reference_area_sqft": 1918,
        "discrepancy_area_sqm": 8.4,
        "discrepancy_pct": 4.71,
        "boundary_confidence": 0.7,
        "boundary_confidence_label": "Medium",
        "boundary_source": "Derived — regular grid aligned to a real basemap location",
        "built_up_area_sqm": 104.7,
        "built_up_pct": 56.1,
        "floors": 3,
        "vegetation_pct": 12,
        "encroachment_area_sqm": 0,
        "encroachment_status": "None",
        "previous": {
          "observed_on": "2026-03-05",
          "built_up_area_sqm": 90.4,
          "vegetation_pct": 13,
          "encroachment_area_sqm": 0
        },
        "assessed_value_inr": 45600000,
        "last_updated": "2026-09-01",
        "data_source": "Demonstration data — synthetic, not an official land record",
        "data_quality": "DEMO"
      }
    },
    {
      "type": "Feature",
      "id": "IND-TN-CHN-DEMO-0017",
      "geometry": {
        "type": "Polygon",
        "coordinates": [
          [
            [
              80.23380031879923,
              13.040753467481137
            ],
            [
              80.23390174935949,
              13.040753467481137
            ],
            [
              80.23390174935949,
              13.040906180380885
            ],
            [
              80.23380031879923,
              13.040906180380885
            ],
            [
              80.23380031879923,
              13.040753467481137
            ]
          ]
        ]
      },
      "properties": {
        "parcel_id": "IND-TN-CHN-DEMO-0017",
        "survey_no": "T.S. No. 1045",
        "subdivision_no": "9",
        "state": "Tamil Nadu",
        "district": "Chennai",
        "taluk": "Mambalam",
        "village_ward": "Ward 121, T. Nagar",
        "local_body": "Greater Chennai Corporation",
        "pin_code": "600017",
        "city": "Chennai",
        "locality": "T. Nagar",
        "address": "Plot 5, 2nd Main Rd, T. Nagar",
        "land_use": "Commercial",
        "observed_use": "Commercial",
        "zoning_code": "C2",
        "zoning_description": "General Commercial Use Zone",
        "development_status": "Developed",
        "tenure_class": "Institutional",
        "agri_status": "Non-agricultural",
        "ownership_status": "On record (details not public in this dataset)",
        "owner_record_available": false,
        "ownership_type": "Institutional",
        "last_verified": "2026-09-01",
        "area_sqm": 186.6,
        "area_sqft": 2008,
        "perimeter_m": 56,
        "reference_area_sqm": 197.3,
        "reference_area_sqft": 2124,
        "discrepancy_area_sqm": 10.7,
        "discrepancy_pct": 5.45,
        "boundary_confidence": 0.83,
        "boundary_confidence_label": "High",
        "boundary_source": "Derived — regular grid aligned to a real basemap location",
        "built_up_area_sqm": 112.9,
        "built_up_pct": 60.5,
        "floors": 3,
        "vegetation_pct": 1,
        "encroachment_area_sqm": 0,
        "encroachment_status": "None",
        "previous": {
          "observed_on": "2026-03-05",
          "built_up_area_sqm": 103.6,
          "vegetation_pct": 6,
          "encroachment_area_sqm": 0
        },
        "assessed_value_inr": 79900000,
        "last_updated": "2026-09-01",
        "data_source": "Demonstration data — synthetic, not an official land record",
        "data_quality": "DEMO"
      }
    },
    {
      "type": "Feature",
      "id": "IND-TN-CHN-DEMO-0018",
      "geometry": {
        "type": "Polygon",
        "coordinates": [
          [
            [
              80.23396629607966,
              13.040753467481137
            ],
            [
              80.23406772663992,
              13.040753467481137
            ],
            [
              80.23406772663992,
              13.040906180380885
            ],
            [
              80.23396629607966,
              13.040906180380885
            ],
            [
              80.23396629607966,
              13.040753467481137
            ]
          ]
        ]
      },
      "properties": {
        "parcel_id": "IND-TN-CHN-DEMO-0018",
        "survey_no": "T.S. No. 1048",
        "subdivision_no": "1",
        "state": "Tamil Nadu",
        "district": "Chennai",
        "taluk": "Mambalam",
        "village_ward": "Ward 121, T. Nagar",
        "local_body": "Greater Chennai Corporation",
        "pin_code": "600017",
        "city": "Chennai",
        "locality": "T. Nagar",
        "address": "Plot 6, 2nd Main Rd, T. Nagar",
        "land_use": "Commercial",
        "observed_use": "Commercial",
        "zoning_code": "C2",
        "zoning_description": "General Commercial Use Zone",
        "development_status": "Developed — discrepancy flagged",
        "tenure_class": "Public",
        "agri_status": "Non-agricultural",
        "ownership_status": "On record (details not public in this dataset)",
        "owner_record_available": false,
        "ownership_type": "Public",
        "last_verified": "2026-09-01",
        "area_sqm": 186.6,
        "area_sqft": 2008,
        "perimeter_m": 56,
        "reference_area_sqm": 194.1,
        "reference_area_sqft": 2089,
        "discrepancy_area_sqm": 7.5,
        "discrepancy_pct": 3.85,
        "boundary_confidence": 0.58,
        "boundary_confidence_label": "Medium",
        "boundary_source": "Derived — regular grid aligned to a real basemap location",
        "built_up_area_sqm": 143,
        "built_up_pct": 76.6,
        "floors": 4,
        "vegetation_pct": 4,
        "encroachment_area_sqm": 34.3,
        "encroachment_status": "Significant",
        "previous": {
          "observed_on": "2026-03-05",
          "built_up_area_sqm": 121.7,
          "vegetation_pct": 4,
          "encroachment_area_sqm": 0
        },
        "assessed_value_inr": 71100000,
        "last_updated": "2026-09-01",
        "data_source": "Demonstration data — synthetic, not an official land record",
        "data_quality": "DEMO"
      }
    },
    {
      "type": "Feature",
      "id": "IND-TN-CHN-DEMO-0019",
      "geometry": {
        "type": "Polygon",
        "coordinates": [
          [
            [
              80.23413227336009,
              13.040753467481137
            ],
            [
              80.23423370392035,
              13.040753467481137
            ],
            [
              80.23423370392035,
              13.040906180380885
            ],
            [
              80.23413227336009,
              13.040906180380885
            ],
            [
              80.23413227336009,
              13.040753467481137
            ]
          ]
        ]
      },
      "properties": {
        "parcel_id": "IND-TN-CHN-DEMO-0019",
        "survey_no": "T.S. No. 1051",
        "subdivision_no": "2",
        "state": "Tamil Nadu",
        "district": "Chennai",
        "taluk": "Mambalam",
        "village_ward": "Ward 121, T. Nagar",
        "local_body": "Greater Chennai Corporation",
        "pin_code": "600017",
        "city": "Chennai",
        "locality": "T. Nagar",
        "address": "Plot 7, 2nd Main Rd, T. Nagar",
        "land_use": "Residential",
        "observed_use": "Residential",
        "zoning_code": "R1",
        "zoning_description": "Primary Residential Use Zone",
        "development_status": "Developed",
        "tenure_class": "Private",
        "agri_status": "Non-agricultural",
        "ownership_status": "On record (details not public in this dataset)",
        "owner_record_available": false,
        "ownership_type": "Individual / private",
        "last_verified": "2026-09-01",
        "area_sqm": 186.6,
        "area_sqft": 2008,
        "perimeter_m": 56,
        "reference_area_sqm": 199.4,
        "reference_area_sqft": 2146,
        "discrepancy_area_sqm": 12.8,
        "discrepancy_pct": 6.41,
        "boundary_confidence": 0.7,
        "boundary_confidence_label": "Medium",
        "boundary_source": "Derived — regular grid aligned to a real basemap location",
        "built_up_area_sqm": 106.2,
        "built_up_pct": 56.9,
        "floors": 2,
        "vegetation_pct": 16,
        "encroachment_area_sqm": 0,
        "encroachment_status": "None",
        "previous": {
          "observed_on": "2026-03-05",
          "built_up_area_sqm": 95.6,
          "vegetation_pct": 24,
          "encroachment_area_sqm": 0
        },
        "assessed_value_inr": 38800000,
        "last_updated": "2026-09-01",
        "data_source": "Demonstration data — synthetic, not an official land record",
        "data_quality": "DEMO"
      }
    },
    {
      "type": "Feature",
      "id": "IND-TN-CHN-DEMO-0020",
      "geometry": {
        "type": "Polygon",
        "coordinates": [
          [
            [
              80.2342982506405,
              13.040753467481137
            ],
            [
              80.23439968120077,
              13.040753467481137
            ],
            [
              80.23439968120077,
              13.040906180380885
            ],
            [
              80.2342982506405,
              13.040906180380885
            ],
            [
              80.2342982506405,
              13.040753467481137
            ]
          ]
        ]
      },
      "properties": {
        "parcel_id": "IND-TN-CHN-DEMO-0020",
        "survey_no": "T.S. No. 1054",
        "subdivision_no": "3",
        "state": "Tamil Nadu",
        "district": "Chennai",
        "taluk": "Mambalam",
        "village_ward": "Ward 121, T. Nagar",
        "local_body": "Greater Chennai Corporation",
        "pin_code": "600017",
        "city": "Chennai",
        "locality": "T. Nagar",
        "address": "Plot 8, 2nd Main Rd, T. Nagar",
        "land_use": "Vacant",
        "observed_use": "No active use observed",
        "zoning_code": "R1",
        "zoning_description": "Primary Residential Use Zone (undeveloped)",
        "development_status": "Vacant / Undeveloped",
        "tenure_class": "Private",
        "agri_status": "Non-agricultural",
        "ownership_status": "On record (details not public in this dataset)",
        "owner_record_available": false,
        "ownership_type": "Individual / private",
        "last_verified": "2026-09-01",
        "area_sqm": 186.6,
        "area_sqft": 2008,
        "perimeter_m": 56,
        "reference_area_sqm": 190.2,
        "reference_area_sqft": 2047,
        "discrepancy_area_sqm": 3.6,
        "discrepancy_pct": 1.91,
        "boundary_confidence": 0.65,
        "boundary_confidence_label": "Medium",
        "boundary_source": "Derived — regular grid aligned to a real basemap location",
        "built_up_area_sqm": 5,
        "built_up_pct": 2.7,
        "floors": 0,
        "vegetation_pct": 21,
        "encroachment_area_sqm": 0,
        "encroachment_status": "None",
        "previous": {
          "observed_on": "2026-03-05",
          "built_up_area_sqm": 4.5,
          "vegetation_pct": 22,
          "encroachment_area_sqm": 0
        },
        "assessed_value_inr": 36800000,
        "last_updated": "2026-09-01",
        "data_source": "Demonstration data — synthetic, not an official land record",
        "data_quality": "DEMO"
      }
    },
    {
      "type": "Feature",
      "id": "IND-TN-CHN-DEMO-0021",
      "geometry": {
        "type": "Polygon",
        "coordinates": [
          [
            [
              80.23446422792094,
              13.040753467481137
            ],
            [
              80.2345656584812,
              13.040753467481137
            ],
            [
              80.2345656584812,
              13.040906180380885
            ],
            [
              80.23446422792094,
              13.040906180380885
            ],
            [
              80.23446422792094,
              13.040753467481137
            ]
          ]
        ]
      },
      "properties": {
        "parcel_id": "IND-TN-CHN-DEMO-0021",
        "survey_no": "T.S. No. 1056",
        "subdivision_no": "4",
        "state": "Tamil Nadu",
        "district": "Chennai",
        "taluk": "Mambalam",
        "village_ward": "Ward 121, T. Nagar",
        "local_body": "Greater Chennai Corporation",
        "pin_code": "600017",
        "city": "Chennai",
        "locality": "T. Nagar",
        "address": "Plot 9, 2nd Main Rd, T. Nagar",
        "land_use": "Residential",
        "observed_use": "Residential",
        "zoning_code": "R1",
        "zoning_description": "Primary Residential Use Zone",
        "development_status": "Developed",
        "tenure_class": "Institutional",
        "agri_status": "Non-agricultural",
        "ownership_status": "On record (details not public in this dataset)",
        "owner_record_available": false,
        "ownership_type": "Institutional",
        "last_verified": "2026-09-01",
        "area_sqm": 186.6,
        "area_sqft": 2008,
        "perimeter_m": 56,
        "reference_area_sqm": 177.5,
        "reference_area_sqft": 1910,
        "discrepancy_area_sqm": 9.1,
        "discrepancy_pct": 5.14,
        "boundary_confidence": 0.62,
        "boundary_confidence_label": "Medium",
        "boundary_source": "Derived — regular grid aligned to a real basemap location",
        "built_up_area_sqm": 85.8,
        "built_up_pct": 46,
        "floors": 2,
        "vegetation_pct": 24,
        "encroachment_area_sqm": 0,
        "encroachment_status": "None",
        "previous": {
          "observed_on": "2026-03-05",
          "built_up_area_sqm": 77.6,
          "vegetation_pct": 27,
          "encroachment_area_sqm": 0
        },
        "assessed_value_inr": 47600000,
        "last_updated": "2026-09-01",
        "data_source": "Demonstration data — synthetic, not an official land record",
        "data_quality": "DEMO"
      }
    },
    {
      "type": "Feature",
      "id": "IND-TN-CHN-DEMO-0022",
      "geometry": {
        "type": "Polygon",
        "coordinates": [
          [
            [
              80.23463020520136,
              13.040753467481137
            ],
            [
              80.23473163576162,
              13.040753467481137
            ],
            [
              80.23473163576162,
              13.040906180380885
            ],
            [
              80.23463020520136,
              13.040906180380885
            ],
            [
              80.23463020520136,
              13.040753467481137
            ]
          ]
        ]
      },
      "properties": {
        "parcel_id": "IND-TN-CHN-DEMO-0022",
        "survey_no": "T.S. No. 1059",
        "subdivision_no": "5",
        "state": "Tamil Nadu",
        "district": "Chennai",
        "taluk": "Mambalam",
        "village_ward": "Ward 121, T. Nagar",
        "local_body": "Greater Chennai Corporation",
        "pin_code": "600017",
        "city": "Chennai",
        "locality": "T. Nagar",
        "address": "Plot 10, 2nd Main Rd, T. Nagar",
        "land_use": "Commercial",
        "observed_use": "Commercial",
        "zoning_code": "C2",
        "zoning_description": "General Commercial Use Zone",
        "development_status": "Developed",
        "tenure_class": "Private",
        "agri_status": "Non-agricultural",
        "ownership_status": "On record (details not public in this dataset)",
        "owner_record_available": false,
        "ownership_type": "Individual / private",
        "last_verified": "2026-09-01",
        "area_sqm": 186.6,
        "area_sqft": 2008,
        "perimeter_m": 56,
        "reference_area_sqm": 195.1,
        "reference_area_sqft": 2100,
        "discrepancy_area_sqm": 8.5,
        "discrepancy_pct": 4.37,
        "boundary_confidence": 0.43,
        "boundary_confidence_label": "Low",
        "boundary_source": "Derived — regular grid aligned to a real basemap location",
        "built_up_area_sqm": 163.4,
        "built_up_pct": 87.6,
        "floors": 4,
        "vegetation_pct": 5,
        "encroachment_area_sqm": 0,
        "encroachment_status": "None",
        "previous": {
          "observed_on": "2026-03-05",
          "built_up_area_sqm": 140,
          "vegetation_pct": 10,
          "encroachment_area_sqm": 0
        },
        "assessed_value_inr": 82900000,
        "last_updated": "2026-09-01",
        "data_source": "Demonstration data — synthetic, not an official land record",
        "data_quality": "DEMO"
      }
    },
    {
      "type": "Feature",
      "id": "IND-TN-CHN-DEMO-0023",
      "geometry": {
        "type": "Polygon",
        "coordinates": [
          [
            [
              80.23479618248179,
              13.040753467481137
            ],
            [
              80.23489761304205,
              13.040753467481137
            ],
            [
              80.23489761304205,
              13.040906180380885
            ],
            [
              80.23479618248179,
              13.040906180380885
            ],
            [
              80.23479618248179,
              13.040753467481137
            ]
          ]
        ]
      },
      "properties": {
        "parcel_id": "IND-TN-CHN-DEMO-0023",
        "survey_no": "T.S. No. 1062",
        "subdivision_no": "6",
        "state": "Tamil Nadu",
        "district": "Chennai",
        "taluk": "Mambalam",
        "village_ward": "Ward 121, T. Nagar",
        "local_body": "Greater Chennai Corporation",
        "pin_code": "600017",
        "city": "Chennai",
        "locality": "T. Nagar",
        "address": "Plot 11, 2nd Main Rd, T. Nagar",
        "land_use": "Commercial",
        "observed_use": "Commercial",
        "zoning_code": "C2",
        "zoning_description": "General Commercial Use Zone",
        "development_status": "Developed",
        "tenure_class": "Private",
        "agri_status": "Non-agricultural",
        "ownership_status": "On record (details not public in this dataset)",
        "owner_record_available": false,
        "ownership_type": "Individual / private",
        "last_verified": "2026-09-01",
        "area_sqm": 186.6,
        "area_sqft": 2008,
        "perimeter_m": 56,
        "reference_area_sqm": 175.5,
        "reference_area_sqft": 1889,
        "discrepancy_area_sqm": 11.1,
        "discrepancy_pct": 6.34,
        "boundary_confidence": 0.57,
        "boundary_confidence_label": "Medium",
        "boundary_source": "Derived — regular grid aligned to a real basemap location",
        "built_up_area_sqm": 112.8,
        "built_up_pct": 60.5,
        "floors": 2,
        "vegetation_pct": 3,
        "encroachment_area_sqm": 0,
        "encroachment_status": "None",
        "previous": {
          "observed_on": "2026-03-05",
          "built_up_area_sqm": 93.9,
          "vegetation_pct": 7,
          "encroachment_area_sqm": 0
        },
        "assessed_value_inr": 76200000,
        "last_updated": "2026-09-01",
        "data_source": "Demonstration data — synthetic, not an official land record",
        "data_quality": "DEMO"
      }
    },
    {
      "type": "Feature",
      "id": "IND-TN-CHN-DEMO-0024",
      "geometry": {
        "type": "Polygon",
        "coordinates": [
          [
            [
              80.23496215976222,
              13.040753467481137
            ],
            [
              80.23506359032248,
              13.040753467481137
            ],
            [
              80.23506359032248,
              13.040906180380885
            ],
            [
              80.23496215976222,
              13.040906180380885
            ],
            [
              80.23496215976222,
              13.040753467481137
            ]
          ]
        ]
      },
      "properties": {
        "parcel_id": "IND-TN-CHN-DEMO-0024",
        "survey_no": "T.S. No. 1064",
        "subdivision_no": "7",
        "state": "Tamil Nadu",
        "district": "Chennai",
        "taluk": "Mambalam",
        "village_ward": "Ward 121, T. Nagar",
        "local_body": "Greater Chennai Corporation",
        "pin_code": "600017",
        "city": "Chennai",
        "locality": "T. Nagar",
        "address": "Plot 12, 2nd Main Rd, T. Nagar",
        "land_use": "Institutional",
        "observed_use": "Institutional",
        "zoning_code": "I1",
        "zoning_description": "Institutional Use Zone",
        "development_status": "Developed — discrepancy flagged",
        "tenure_class": "Institutional",
        "agri_status": "Non-agricultural",
        "ownership_status": "On record (details not public in this dataset)",
        "owner_record_available": false,
        "ownership_type": "Institutional",
        "last_verified": "2026-09-01",
        "area_sqm": 186.6,
        "area_sqft": 2008,
        "perimeter_m": 56,
        "reference_area_sqm": 178.6,
        "reference_area_sqft": 1923,
        "discrepancy_area_sqm": 8,
        "discrepancy_pct": 4.46,
        "boundary_confidence": 0.69,
        "boundary_confidence_label": "Medium",
        "boundary_source": "Derived — regular grid aligned to a real basemap location",
        "built_up_area_sqm": 87.8,
        "built_up_pct": 47.1,
        "floors": 2,
        "vegetation_pct": 21,
        "encroachment_area_sqm": 29.6,
        "encroachment_status": "Significant",
        "previous": {
          "observed_on": "2026-03-05",
          "built_up_area_sqm": 74.2,
          "vegetation_pct": 27,
          "encroachment_area_sqm": 17.8
        },
        "assessed_value_inr": 33100000,
        "last_updated": "2026-09-01",
        "data_source": "Demonstration data — synthetic, not an official land record",
        "data_quality": "DEMO"
      }
    },
    {
      "type": "Feature",
      "id": "IND-TN-CHN-DEMO-0025",
      "geometry": {
        "type": "Polygon",
        "coordinates": [
          [
            [
              80.23313640967753,
              13.040969062163134
            ],
            [
              80.23323784023779,
              13.040969062163134
            ],
            [
              80.23323784023779,
              13.041121775062882
            ],
            [
              80.23313640967753,
              13.041121775062882
            ],
            [
              80.23313640967753,
              13.040969062163134
            ]
          ]
        ]
      },
      "properties": {
        "parcel_id": "IND-TN-CHN-DEMO-0025",
        "survey_no": "T.S. No. 1067",
        "subdivision_no": "8",
        "state": "Tamil Nadu",
        "district": "Chennai",
        "taluk": "Mambalam",
        "village_ward": "Ward 122, T. Nagar",
        "local_body": "Greater Chennai Corporation",
        "pin_code": "600017",
        "city": "Chennai",
        "locality": "T. Nagar",
        "address": "Plot 1, Habibullah Rd, T. Nagar",
        "land_use": "Residential",
        "observed_use": "Residential",
        "zoning_code": "R1",
        "zoning_description": "Primary Residential Use Zone",
        "development_status": "Developed",
        "tenure_class": "Private",
        "agri_status": "Non-agricultural",
        "ownership_status": "On record (details not public in this dataset)",
        "owner_record_available": false,
        "ownership_type": "Individual / private",
        "last_verified": "2026-09-01",
        "area_sqm": 186.6,
        "area_sqft": 2008,
        "perimeter_m": 56,
        "reference_area_sqm": 194.2,
        "reference_area_sqft": 2090,
        "discrepancy_area_sqm": 7.6,
        "discrepancy_pct": 3.92,
        "boundary_confidence": 0.67,
        "boundary_confidence_label": "Medium",
        "boundary_source": "Derived — regular grid aligned to a real basemap location",
        "built_up_area_sqm": 105.4,
        "built_up_pct": 56.5,
        "floors": 3,
        "vegetation_pct": 17,
        "encroachment_area_sqm": 0,
        "encroachment_status": "None",
        "previous": {
          "observed_on": "2026-03-05",
          "built_up_area_sqm": 94,
          "vegetation_pct": 27,
          "encroachment_area_sqm": 0
        },
        "assessed_value_inr": 42800000,
        "last_updated": "2026-09-01",
        "data_source": "Demonstration data — synthetic, not an official land record",
        "data_quality": "DEMO"
      }
    },
    {
      "type": "Feature",
      "id": "IND-TN-CHN-DEMO-0026",
      "geometry": {
        "type": "Polygon",
        "coordinates": [
          [
            [
              80.23330238695796,
              13.040969062163134
            ],
            [
              80.23340381751822,
              13.040969062163134
            ],
            [
              80.23340381751822,
              13.041121775062882
            ],
            [
              80.23330238695796,
              13.041121775062882
            ],
            [
              80.23330238695796,
              13.040969062163134
            ]
          ]
        ]
      },
      "properties": {
        "parcel_id": "IND-TN-CHN-DEMO-0026",
        "survey_no": "T.S. No. 1070",
        "subdivision_no": "9",
        "state": "Tamil Nadu",
        "district": "Chennai",
        "taluk": "Mambalam",
        "village_ward": "Ward 122, T. Nagar",
        "local_body": "Greater Chennai Corporation",
        "pin_code": "600017",
        "city": "Chennai",
        "locality": "T. Nagar",
        "address": "Plot 2, Habibullah Rd, T. Nagar",
        "land_use": "Residential",
        "observed_use": "Residential",
        "zoning_code": "R1",
        "zoning_description": "Primary Residential Use Zone",
        "development_status": "Developed — discrepancy flagged",
        "tenure_class": "Private",
        "agri_status": "Non-agricultural",
        "ownership_status": "On record (details not public in this dataset)",
        "owner_record_available": false,
        "ownership_type": "Individual / private",
        "last_verified": "2026-09-01",
        "area_sqm": 186.6,
        "area_sqft": 2008,
        "perimeter_m": 56,
        "reference_area_sqm": 177.3,
        "reference_area_sqft": 1909,
        "discrepancy_area_sqm": 9.3,
        "discrepancy_pct": 5.23,
        "boundary_confidence": 0.37,
        "boundary_confidence_label": "Low",
        "boundary_source": "Derived — regular grid aligned to a real basemap location",
        "built_up_area_sqm": 106.2,
        "built_up_pct": 56.9,
        "floors": 3,
        "vegetation_pct": 29,
        "encroachment_area_sqm": 28.7,
        "encroachment_status": "Significant",
        "previous": {
          "observed_on": "2026-03-05",
          "built_up_area_sqm": 97.4,
          "vegetation_pct": 35,
          "encroachment_area_sqm": 17.2
        },
        "assessed_value_inr": 40900000,
        "last_updated": "2026-09-01",
        "data_source": "Demonstration data — synthetic, not an official land record",
        "data_quality": "DEMO"
      }
    },
    {
      "type": "Feature",
      "id": "IND-TN-CHN-DEMO-0027",
      "geometry": {
        "type": "Polygon",
        "coordinates": [
          [
            [
              80.23346836423838,
              13.040969062163134
            ],
            [
              80.23356979479864,
              13.040969062163134
            ],
            [
              80.23356979479864,
              13.041121775062882
            ],
            [
              80.23346836423838,
              13.041121775062882
            ],
            [
              80.23346836423838,
              13.040969062163134
            ]
          ]
        ]
      },
      "properties": {
        "parcel_id": "IND-TN-CHN-DEMO-0027",
        "survey_no": "T.S. No. 1072",
        "subdivision_no": "1",
        "state": "Tamil Nadu",
        "district": "Chennai",
        "taluk": "Mambalam",
        "village_ward": "Ward 122, T. Nagar",
        "local_body": "Greater Chennai Corporation",
        "pin_code": "600017",
        "city": "Chennai",
        "locality": "T. Nagar",
        "address": "Plot 3, Habibullah Rd, T. Nagar",
        "land_use": "Residential",
        "observed_use": "Residential",
        "zoning_code": "R1",
        "zoning_description": "Primary Residential Use Zone",
        "development_status": "Developed",
        "tenure_class": "Private",
        "agri_status": "Non-agricultural",
        "ownership_status": "On record (details not public in this dataset)",
        "owner_record_available": false,
        "ownership_type": "Individual / private",
        "last_verified": "2026-09-01",
        "area_sqm": 186.6,
        "area_sqft": 2008,
        "perimeter_m": 56,
        "reference_area_sqm": 197,
        "reference_area_sqft": 2120,
        "discrepancy_area_sqm": 10.4,
        "discrepancy_pct": 5.27,
        "boundary_confidence": 0.77,
        "boundary_confidence_label": "Medium",
        "boundary_source": "Derived — regular grid aligned to a real basemap location",
        "built_up_area_sqm": 109.8,
        "built_up_pct": 58.8,
        "floors": 2,
        "vegetation_pct": 10,
        "encroachment_area_sqm": 5.8,
        "encroachment_status": "Minor",
        "previous": {
          "observed_on": "2026-03-05",
          "built_up_area_sqm": 89.3,
          "vegetation_pct": 11,
          "encroachment_area_sqm": 3.5
        },
        "assessed_value_inr": 48600000,
        "last_updated": "2026-09-01",
        "data_source": "Demonstration data — synthetic, not an official land record",
        "data_quality": "DEMO"
      }
    },
    {
      "type": "Feature",
      "id": "IND-TN-CHN-DEMO-0028",
      "geometry": {
        "type": "Polygon",
        "coordinates": [
          [
            [
              80.23363434151881,
              13.040969062163134
            ],
            [
              80.23373577207907,
              13.040969062163134
            ],
            [
              80.23373577207907,
              13.041121775062882
            ],
            [
              80.23363434151881,
              13.041121775062882
            ],
            [
              80.23363434151881,
              13.040969062163134
            ]
          ]
        ]
      },
      "properties": {
        "parcel_id": "IND-TN-CHN-DEMO-0028",
        "survey_no": "T.S. No. 1075",
        "subdivision_no": "2",
        "state": "Tamil Nadu",
        "district": "Chennai",
        "taluk": "Mambalam",
        "village_ward": "Ward 122, T. Nagar",
        "local_body": "Greater Chennai Corporation",
        "pin_code": "600017",
        "city": "Chennai",
        "locality": "T. Nagar",
        "address": "Plot 4, Habibullah Rd, T. Nagar",
        "land_use": "Commercial",
        "observed_use": "Commercial",
        "zoning_code": "C2",
        "zoning_description": "General Commercial Use Zone",
        "development_status": "Developed",
        "tenure_class": "Private",
        "agri_status": "Non-agricultural",
        "ownership_status": "On record (details not public in this dataset)",
        "owner_record_available": false,
        "ownership_type": "Individual / private",
        "last_verified": "2026-09-01",
        "area_sqm": 186.6,
        "area_sqft": 2008,
        "perimeter_m": 56,
        "reference_area_sqm": 189.7,
        "reference_area_sqft": 2042,
        "discrepancy_area_sqm": 3.1,
        "discrepancy_pct": 1.65,
        "boundary_confidence": 0.58,
        "boundary_confidence_label": "Medium",
        "boundary_source": "Derived — regular grid aligned to a real basemap location",
        "built_up_area_sqm": 122.2,
        "built_up_pct": 65.5,
        "floors": 4,
        "vegetation_pct": 1,
        "encroachment_area_sqm": 0,
        "encroachment_status": "None",
        "previous": {
          "observed_on": "2026-03-05",
          "built_up_area_sqm": 106.4,
          "vegetation_pct": 1,
          "encroachment_area_sqm": 0
        },
        "assessed_value_inr": 81200000,
        "last_updated": "2026-09-01",
        "data_source": "Demonstration data — synthetic, not an official land record",
        "data_quality": "DEMO"
      }
    },
    {
      "type": "Feature",
      "id": "IND-TN-CHN-DEMO-0029",
      "geometry": {
        "type": "Polygon",
        "coordinates": [
          [
            [
              80.23380031879923,
              13.040969062163134
            ],
            [
              80.23390174935949,
              13.040969062163134
            ],
            [
              80.23390174935949,
              13.041121775062882
            ],
            [
              80.23380031879923,
              13.041121775062882
            ],
            [
              80.23380031879923,
              13.040969062163134
            ]
          ]
        ]
      },
      "properties": {
        "parcel_id": "IND-TN-CHN-DEMO-0029",
        "survey_no": "T.S. No. 1078",
        "subdivision_no": "3",
        "state": "Tamil Nadu",
        "district": "Chennai",
        "taluk": "Mambalam",
        "village_ward": "Ward 122, T. Nagar",
        "local_body": "Greater Chennai Corporation",
        "pin_code": "600017",
        "city": "Chennai",
        "locality": "T. Nagar",
        "address": "Plot 5, Habibullah Rd, T. Nagar",
        "land_use": "Mixed Residential",
        "observed_use": "Mixed Residential",
        "zoning_code": "R2",
        "zoning_description": "Mixed Residential Use Zone",
        "development_status": "Developed",
        "tenure_class": "Private",
        "agri_status": "Non-agricultural",
        "ownership_status": "On record (details not public in this dataset)",
        "owner_record_available": false,
        "ownership_type": "Individual / private",
        "last_verified": "2026-09-01",
        "area_sqm": 186.6,
        "area_sqft": 2008,
        "perimeter_m": 56,
        "reference_area_sqm": 188.2,
        "reference_area_sqft": 2026,
        "discrepancy_area_sqm": 1.6,
        "discrepancy_pct": 0.86,
        "boundary_confidence": 0.61,
        "boundary_confidence_label": "Medium",
        "boundary_source": "Derived — regular grid aligned to a real basemap location",
        "built_up_area_sqm": 136,
        "built_up_pct": 72.9,
        "floors": 2,
        "vegetation_pct": 9,
        "encroachment_area_sqm": 4.8,
        "encroachment_status": "Minor",
        "previous": {
          "observed_on": "2026-03-05",
          "built_up_area_sqm": 118.4,
          "vegetation_pct": 19,
          "encroachment_area_sqm": 2.9
        },
        "assessed_value_inr": 44400000,
        "last_updated": "2026-09-01",
        "data_source": "Demonstration data — synthetic, not an official land record",
        "data_quality": "DEMO"
      }
    },
    {
      "type": "Feature",
      "id": "IND-TN-CHN-DEMO-0030",
      "geometry": {
        "type": "Polygon",
        "coordinates": [
          [
            [
              80.23396629607966,
              13.040969062163134
            ],
            [
              80.23406772663992,
              13.040969062163134
            ],
            [
              80.23406772663992,
              13.041121775062882
            ],
            [
              80.23396629607966,
              13.041121775062882
            ],
            [
              80.23396629607966,
              13.040969062163134
            ]
          ]
        ]
      },
      "properties": {
        "parcel_id": "IND-TN-CHN-DEMO-0030",
        "survey_no": "T.S. No. 1081",
        "subdivision_no": "4",
        "state": "Tamil Nadu",
        "district": "Chennai",
        "taluk": "Mambalam",
        "village_ward": "Ward 122, T. Nagar",
        "local_body": "Greater Chennai Corporation",
        "pin_code": "600017",
        "city": "Chennai",
        "locality": "T. Nagar",
        "address": "Plot 6, Habibullah Rd, T. Nagar",
        "land_use": "Residential",
        "observed_use": "Residential",
        "zoning_code": "R1",
        "zoning_description": "Primary Residential Use Zone",
        "development_status": "Developed",
        "tenure_class": "Private",
        "agri_status": "Non-agricultural",
        "ownership_status": "On record (details not public in this dataset)",
        "owner_record_available": false,
        "ownership_type": "Individual / private",
        "last_verified": "2026-09-01",
        "area_sqm": 186.6,
        "area_sqft": 2008,
        "perimeter_m": 56,
        "reference_area_sqm": 187,
        "reference_area_sqft": 2013,
        "discrepancy_area_sqm": 0.4,
        "discrepancy_pct": 0.23,
        "boundary_confidence": 0.54,
        "boundary_confidence_label": "Low",
        "boundary_source": "Derived — regular grid aligned to a real basemap location",
        "built_up_area_sqm": 120.2,
        "built_up_pct": 64.4,
        "floors": 2,
        "vegetation_pct": 16,
        "encroachment_area_sqm": 0,
        "encroachment_status": "None",
        "previous": {
          "observed_on": "2026-03-05",
          "built_up_area_sqm": 110.4,
          "vegetation_pct": 17,
          "encroachment_area_sqm": 0
        },
        "assessed_value_inr": 41500000,
        "last_updated": "2026-09-01",
        "data_source": "Demonstration data — synthetic, not an official land record",
        "data_quality": "DEMO"
      }
    },
    {
      "type": "Feature",
      "id": "IND-TN-CHN-DEMO-0031",
      "geometry": {
        "type": "Polygon",
        "coordinates": [
          [
            [
              80.23413227336009,
              13.040969062163134
            ],
            [
              80.23423370392035,
              13.040969062163134
            ],
            [
              80.23423370392035,
              13.041121775062882
            ],
            [
              80.23413227336009,
              13.041121775062882
            ],
            [
              80.23413227336009,
              13.040969062163134
            ]
          ]
        ]
      },
      "properties": {
        "parcel_id": "IND-TN-CHN-DEMO-0031",
        "survey_no": "T.S. No. 1083",
        "subdivision_no": "5",
        "state": "Tamil Nadu",
        "district": "Chennai",
        "taluk": "Mambalam",
        "village_ward": "Ward 122, T. Nagar",
        "local_body": "Greater Chennai Corporation",
        "pin_code": "600017",
        "city": "Chennai",
        "locality": "T. Nagar",
        "address": "Plot 7, Habibullah Rd, T. Nagar",
        "land_use": "Residential",
        "observed_use": "Residential",
        "zoning_code": "R1",
        "zoning_description": "Primary Residential Use Zone",
        "development_status": "Developed — discrepancy flagged",
        "tenure_class": "Private",
        "agri_status": "Non-agricultural",
        "ownership_status": "On record (details not public in this dataset)",
        "owner_record_available": false,
        "ownership_type": "Individual / private",
        "last_verified": "2026-09-01",
        "area_sqm": 186.6,
        "area_sqft": 2008,
        "perimeter_m": 56,
        "reference_area_sqm": 190,
        "reference_area_sqft": 2045,
        "discrepancy_area_sqm": 3.4,
        "discrepancy_pct": 1.81,
        "boundary_confidence": 0.54,
        "boundary_confidence_label": "Low",
        "boundary_source": "Derived — regular grid aligned to a real basemap location",
        "built_up_area_sqm": 98.8,
        "built_up_pct": 52.9,
        "floors": 3,
        "vegetation_pct": 18,
        "encroachment_area_sqm": 45.4,
        "encroachment_status": "Significant",
        "previous": {
          "observed_on": "2026-03-05",
          "built_up_area_sqm": 88.6,
          "vegetation_pct": 27,
          "encroachment_area_sqm": 0
        },
        "assessed_value_inr": 44800000,
        "last_updated": "2026-09-01",
        "data_source": "Demonstration data — synthetic, not an official land record",
        "data_quality": "DEMO"
      }
    },
    {
      "type": "Feature",
      "id": "IND-TN-CHN-DEMO-0032",
      "geometry": {
        "type": "Polygon",
        "coordinates": [
          [
            [
              80.2342982506405,
              13.040969062163134
            ],
            [
              80.23439968120077,
              13.040969062163134
            ],
            [
              80.23439968120077,
              13.041121775062882
            ],
            [
              80.2342982506405,
              13.041121775062882
            ],
            [
              80.2342982506405,
              13.040969062163134
            ]
          ]
        ]
      },
      "properties": {
        "parcel_id": "IND-TN-CHN-DEMO-0032",
        "survey_no": "T.S. No. 1086",
        "subdivision_no": "6",
        "state": "Tamil Nadu",
        "district": "Chennai",
        "taluk": "Mambalam",
        "village_ward": "Ward 122, T. Nagar",
        "local_body": "Greater Chennai Corporation",
        "pin_code": "600017",
        "city": "Chennai",
        "locality": "T. Nagar",
        "address": "Plot 8, Habibullah Rd, T. Nagar",
        "land_use": "Mixed Residential",
        "observed_use": "Mixed Residential",
        "zoning_code": "R2",
        "zoning_description": "Mixed Residential Use Zone",
        "development_status": "Developed",
        "tenure_class": "Government",
        "agri_status": "Non-agricultural",
        "ownership_status": "On record (details not public in this dataset)",
        "owner_record_available": false,
        "ownership_type": "Government",
        "last_verified": "2026-09-01",
        "area_sqm": 186.6,
        "area_sqft": 2008,
        "perimeter_m": 56,
        "reference_area_sqm": 193.9,
        "reference_area_sqft": 2087,
        "discrepancy_area_sqm": 7.3,
        "discrepancy_pct": 3.75,
        "boundary_confidence": 0.68,
        "boundary_confidence_label": "Medium",
        "boundary_source": "Derived — regular grid aligned to a real basemap location",
        "built_up_area_sqm": 118.9,
        "built_up_pct": 63.7,
        "floors": 3,
        "vegetation_pct": 9,
        "encroachment_area_sqm": 0,
        "encroachment_status": "None",
        "previous": {
          "observed_on": "2026-03-05",
          "built_up_area_sqm": 100.3,
          "vegetation_pct": 14,
          "encroachment_area_sqm": 0
        },
        "assessed_value_inr": 57400000,
        "last_updated": "2026-09-01",
        "data_source": "Demonstration data — synthetic, not an official land record",
        "data_quality": "DEMO"
      }
    },
    {
      "type": "Feature",
      "id": "IND-TN-CHN-DEMO-0033",
      "geometry": {
        "type": "Polygon",
        "coordinates": [
          [
            [
              80.23446422792094,
              13.040969062163134
            ],
            [
              80.2345656584812,
              13.040969062163134
            ],
            [
              80.2345656584812,
              13.041121775062882
            ],
            [
              80.23446422792094,
              13.041121775062882
            ],
            [
              80.23446422792094,
              13.040969062163134
            ]
          ]
        ]
      },
      "properties": {
        "parcel_id": "IND-TN-CHN-DEMO-0033",
        "survey_no": "T.S. No. 1089",
        "subdivision_no": "7",
        "state": "Tamil Nadu",
        "district": "Chennai",
        "taluk": "Mambalam",
        "village_ward": "Ward 122, T. Nagar",
        "local_body": "Greater Chennai Corporation",
        "pin_code": "600017",
        "city": "Chennai",
        "locality": "T. Nagar",
        "address": "Plot 9, Habibullah Rd, T. Nagar",
        "land_use": "Commercial",
        "observed_use": "Commercial",
        "zoning_code": "C2",
        "zoning_description": "General Commercial Use Zone",
        "development_status": "Developed",
        "tenure_class": "Private",
        "agri_status": "Non-agricultural",
        "ownership_status": "On record (details not public in this dataset)",
        "owner_record_available": false,
        "ownership_type": "Individual / private",
        "last_verified": "2026-09-01",
        "area_sqm": 186.6,
        "area_sqft": 2008,
        "perimeter_m": 56,
        "reference_area_sqm": 173.8,
        "reference_area_sqft": 1871,
        "discrepancy_area_sqm": 12.8,
        "discrepancy_pct": 7.36,
        "boundary_confidence": 0.56,
        "boundary_confidence_label": "Medium",
        "boundary_source": "Derived — regular grid aligned to a real basemap location",
        "built_up_area_sqm": 148.8,
        "built_up_pct": 79.8,
        "floors": 6,
        "vegetation_pct": 5,
        "encroachment_area_sqm": 0,
        "encroachment_status": "None",
        "previous": {
          "observed_on": "2026-03-05",
          "built_up_area_sqm": 126.1,
          "vegetation_pct": 12,
          "encroachment_area_sqm": 0
        },
        "assessed_value_inr": 82500000,
        "last_updated": "2026-09-01",
        "data_source": "Demonstration data — synthetic, not an official land record",
        "data_quality": "DEMO"
      }
    },
    {
      "type": "Feature",
      "id": "IND-TN-CHN-DEMO-0034",
      "geometry": {
        "type": "Polygon",
        "coordinates": [
          [
            [
              80.23463020520136,
              13.040969062163134
            ],
            [
              80.23473163576162,
              13.040969062163134
            ],
            [
              80.23473163576162,
              13.041121775062882
            ],
            [
              80.23463020520136,
              13.041121775062882
            ],
            [
              80.23463020520136,
              13.040969062163134
            ]
          ]
        ]
      },
      "properties": {
        "parcel_id": "IND-TN-CHN-DEMO-0034",
        "survey_no": "T.S. No. 1091",
        "subdivision_no": "8",
        "state": "Tamil Nadu",
        "district": "Chennai",
        "taluk": "Mambalam",
        "village_ward": "Ward 122, T. Nagar",
        "local_body": "Greater Chennai Corporation",
        "pin_code": "600017",
        "city": "Chennai",
        "locality": "T. Nagar",
        "address": "Plot 10, Habibullah Rd, T. Nagar",
        "land_use": "Commercial",
        "observed_use": "Commercial",
        "zoning_code": "C2",
        "zoning_description": "General Commercial Use Zone",
        "development_status": "Developed",
        "tenure_class": "Government",
        "agri_status": "Non-agricultural",
        "ownership_status": "On record (details not public in this dataset)",
        "owner_record_available": false,
        "ownership_type": "Government",
        "last_verified": "2026-09-01",
        "area_sqm": 186.6,
        "area_sqft": 2008,
        "perimeter_m": 56,
        "reference_area_sqm": 185.6,
        "reference_area_sqft": 1998,
        "discrepancy_area_sqm": 1,
        "discrepancy_pct": 0.51,
        "boundary_confidence": 0.63,
        "boundary_confidence_label": "Medium",
        "boundary_source": "Derived — regular grid aligned to a real basemap location",
        "built_up_area_sqm": 140,
        "built_up_pct": 75,
        "floors": 5,
        "vegetation_pct": 0,
        "encroachment_area_sqm": 0,
        "encroachment_status": "None",
        "previous": {
          "observed_on": "2026-03-05",
          "built_up_area_sqm": 129.7,
          "vegetation_pct": 9,
          "encroachment_area_sqm": 0
        },
        "assessed_value_inr": 78100000,
        "last_updated": "2026-09-01",
        "data_source": "Demonstration data — synthetic, not an official land record",
        "data_quality": "DEMO"
      }
    },
    {
      "type": "Feature",
      "id": "IND-TN-CHN-DEMO-0035",
      "geometry": {
        "type": "Polygon",
        "coordinates": [
          [
            [
              80.23479618248179,
              13.040969062163134
            ],
            [
              80.23489761304205,
              13.040969062163134
            ],
            [
              80.23489761304205,
              13.041121775062882
            ],
            [
              80.23479618248179,
              13.041121775062882
            ],
            [
              80.23479618248179,
              13.040969062163134
            ]
          ]
        ]
      },
      "properties": {
        "parcel_id": "IND-TN-CHN-DEMO-0035",
        "survey_no": "T.S. No. 1094",
        "subdivision_no": "9",
        "state": "Tamil Nadu",
        "district": "Chennai",
        "taluk": "Mambalam",
        "village_ward": "Ward 122, T. Nagar",
        "local_body": "Greater Chennai Corporation",
        "pin_code": "600017",
        "city": "Chennai",
        "locality": "T. Nagar",
        "address": "Plot 11, Habibullah Rd, T. Nagar",
        "land_use": "Industrial",
        "observed_use": "Industrial",
        "zoning_code": "IND",
        "zoning_description": "Primary Industrial Use Zone",
        "development_status": "Developed",
        "tenure_class": "Private",
        "agri_status": "Non-agricultural",
        "ownership_status": "On record (details not public in this dataset)",
        "owner_record_available": false,
        "ownership_type": "Individual / private",
        "last_verified": "2026-09-01",
        "area_sqm": 186.6,
        "area_sqft": 2008,
        "perimeter_m": 56,
        "reference_area_sqm": 191.4,
        "reference_area_sqft": 2060,
        "discrepancy_area_sqm": 4.8,
        "discrepancy_pct": 2.53,
        "boundary_confidence": 0.66,
        "boundary_confidence_label": "Medium",
        "boundary_source": "Derived — regular grid aligned to a real basemap location",
        "built_up_area_sqm": 94.5,
        "built_up_pct": 50.7,
        "floors": 2,
        "vegetation_pct": 7,
        "encroachment_area_sqm": 0,
        "encroachment_status": "None",
        "previous": {
          "observed_on": "2026-03-05",
          "built_up_area_sqm": 80.8,
          "vegetation_pct": 14,
          "encroachment_area_sqm": 0
        },
        "assessed_value_inr": 25700000,
        "last_updated": "2026-09-01",
        "data_source": "Demonstration data — synthetic, not an official land record",
        "data_quality": "DEMO"
      }
    },
    {
      "type": "Feature",
      "id": "IND-TN-CHN-DEMO-0036",
      "geometry": {
        "type": "Polygon",
        "coordinates": [
          [
            [
              80.23496215976222,
              13.040969062163134
            ],
            [
              80.23506359032248,
              13.040969062163134
            ],
            [
              80.23506359032248,
              13.041121775062882
            ],
            [
              80.23496215976222,
              13.041121775062882
            ],
            [
              80.23496215976222,
              13.040969062163134
            ]
          ]
        ]
      },
      "properties": {
        "parcel_id": "IND-TN-CHN-DEMO-0036",
        "survey_no": "T.S. No. 1097",
        "subdivision_no": "1",
        "state": "Tamil Nadu",
        "district": "Chennai",
        "taluk": "Mambalam",
        "village_ward": "Ward 122, T. Nagar",
        "local_body": "Greater Chennai Corporation",
        "pin_code": "600017",
        "city": "Chennai",
        "locality": "T. Nagar",
        "address": "Plot 12, Habibullah Rd, T. Nagar",
        "land_use": "Institutional",
        "observed_use": "Institutional",
        "zoning_code": "I1",
        "zoning_description": "Institutional Use Zone",
        "development_status": "Developed — discrepancy flagged",
        "tenure_class": "Institutional",
        "agri_status": "Non-agricultural",
        "ownership_status": "On record (details not public in this dataset)",
        "owner_record_available": false,
        "ownership_type": "Institutional",
        "last_verified": "2026-09-01",
        "area_sqm": 186.6,
        "area_sqft": 2008,
        "perimeter_m": 56,
        "reference_area_sqm": 187.9,
        "reference_area_sqft": 2023,
        "discrepancy_area_sqm": 1.4,
        "discrepancy_pct": 0.72,
        "boundary_confidence": 0.41,
        "boundary_confidence_label": "Low",
        "boundary_source": "Derived — regular grid aligned to a real basemap location",
        "built_up_area_sqm": 77.2,
        "built_up_pct": 41.4,
        "floors": 3,
        "vegetation_pct": 28,
        "encroachment_area_sqm": 53.2,
        "encroachment_status": "Significant",
        "previous": {
          "observed_on": "2026-03-05",
          "built_up_area_sqm": 73.6,
          "vegetation_pct": 38,
          "encroachment_area_sqm": 31.9
        },
        "assessed_value_inr": 35300000,
        "last_updated": "2026-09-01",
        "data_source": "Demonstration data — synthetic, not an official land record",
        "data_quality": "DEMO"
      }
    },
    {
      "type": "Feature",
      "id": "IND-TN-CHN-DEMO-0037",
      "geometry": {
        "type": "Polygon",
        "coordinates": [
          [
            [
              80.23313640967753,
              13.041184656845132
            ],
            [
              80.23323784023779,
              13.041184656845132
            ],
            [
              80.23323784023779,
              13.04133736974488
            ],
            [
              80.23313640967753,
              13.04133736974488
            ],
            [
              80.23313640967753,
              13.041184656845132
            ]
          ]
        ]
      },
      "properties": {
        "parcel_id": "IND-TN-CHN-DEMO-0037",
        "survey_no": "T.S. No. 1099",
        "subdivision_no": "2",
        "state": "Tamil Nadu",
        "district": "Chennai",
        "taluk": "Mambalam",
        "village_ward": "Ward 123, T. Nagar",
        "local_body": "Greater Chennai Corporation",
        "pin_code": "600017",
        "city": "Chennai",
        "locality": "T. Nagar",
        "address": "Plot 1, Thanikachalam Rd, T. Nagar",
        "land_use": "Open Space",
        "observed_use": "Open Space",
        "zoning_code": "OSR",
        "zoning_description": "Open Space & Recreation Zone",
        "development_status": "Vacant / Undeveloped",
        "tenure_class": "Public",
        "agri_status": "Non-agricultural",
        "ownership_status": "On record (details not public in this dataset)",
        "owner_record_available": false,
        "ownership_type": "Public",
        "last_verified": "2026-09-01",
        "area_sqm": 186.6,
        "area_sqft": 2008,
        "perimeter_m": 56,
        "reference_area_sqm": 193.4,
        "reference_area_sqft": 2082,
        "discrepancy_area_sqm": 6.9,
        "discrepancy_pct": 3.55,
        "boundary_confidence": 0.53,
        "boundary_confidence_label": "Low",
        "boundary_source": "Derived — regular grid aligned to a real basemap location",
        "built_up_area_sqm": 4.6,
        "built_up_pct": 2.4,
        "floors": 0,
        "vegetation_pct": 74,
        "encroachment_area_sqm": 0,
        "encroachment_status": "None",
        "previous": {
          "observed_on": "2026-03-05",
          "built_up_area_sqm": 3.7,
          "vegetation_pct": 78,
          "encroachment_area_sqm": 0
        },
        "assessed_value_inr": 6800000,
        "last_updated": "2026-09-01",
        "data_source": "Demonstration data — synthetic, not an official land record",
        "data_quality": "DEMO"
      }
    },
    {
      "type": "Feature",
      "id": "IND-TN-CHN-DEMO-0038",
      "geometry": {
        "type": "Polygon",
        "coordinates": [
          [
            [
              80.23330238695796,
              13.041184656845132
            ],
            [
              80.23340381751822,
              13.041184656845132
            ],
            [
              80.23340381751822,
              13.04133736974488
            ],
            [
              80.23330238695796,
              13.04133736974488
            ],
            [
              80.23330238695796,
              13.041184656845132
            ]
          ]
        ]
      },
      "properties": {
        "parcel_id": "IND-TN-CHN-DEMO-0038",
        "survey_no": "T.S. No. 1102",
        "subdivision_no": "3",
        "state": "Tamil Nadu",
        "district": "Chennai",
        "taluk": "Mambalam",
        "village_ward": "Ward 123, T. Nagar",
        "local_body": "Greater Chennai Corporation",
        "pin_code": "600017",
        "city": "Chennai",
        "locality": "T. Nagar",
        "address": "Plot 2, Thanikachalam Rd, T. Nagar",
        "land_use": "Residential",
        "observed_use": "Residential",
        "zoning_code": "R1",
        "zoning_description": "Primary Residential Use Zone",
        "development_status": "Developed",
        "tenure_class": "Institutional",
        "agri_status": "Non-agricultural",
        "ownership_status": "On record (details not public in this dataset)",
        "owner_record_available": false,
        "ownership_type": "Institutional",
        "last_verified": "2026-09-01",
        "area_sqm": 186.6,
        "area_sqft": 2008,
        "perimeter_m": 56,
        "reference_area_sqm": 191.9,
        "reference_area_sqft": 2065,
        "discrepancy_area_sqm": 5.3,
        "discrepancy_pct": 2.76,
        "boundary_confidence": 0.45,
        "boundary_confidence_label": "Low",
        "boundary_source": "Derived — regular grid aligned to a real basemap location",
        "built_up_area_sqm": 102.2,
        "built_up_pct": 54.8,
        "floors": 2,
        "vegetation_pct": 10,
        "encroachment_area_sqm": 14,
        "encroachment_status": "Moderate",
        "previous": {
          "observed_on": "2026-03-05",
          "built_up_area_sqm": 81.7,
          "vegetation_pct": 17,
          "encroachment_area_sqm": 8.4
        },
        "assessed_value_inr": 51000000,
        "last_updated": "2026-09-01",
        "data_source": "Demonstration data — synthetic, not an official land record",
        "data_quality": "DEMO"
      }
    },
    {
      "type": "Feature",
      "id": "IND-TN-CHN-DEMO-0039",
      "geometry": {
        "type": "Polygon",
        "coordinates": [
          [
            [
              80.23346836423838,
              13.041184656845132
            ],
            [
              80.23356979479864,
              13.041184656845132
            ],
            [
              80.23356979479864,
              13.04133736974488
            ],
            [
              80.23346836423838,
              13.04133736974488
            ],
            [
              80.23346836423838,
              13.041184656845132
            ]
          ]
        ]
      },
      "properties": {
        "parcel_id": "IND-TN-CHN-DEMO-0039",
        "survey_no": "T.S. No. 1105",
        "subdivision_no": "4",
        "state": "Tamil Nadu",
        "district": "Chennai",
        "taluk": "Mambalam",
        "village_ward": "Ward 123, T. Nagar",
        "local_body": "Greater Chennai Corporation",
        "pin_code": "600017",
        "city": "Chennai",
        "locality": "T. Nagar",
        "address": "Plot 3, Thanikachalam Rd, T. Nagar",
        "land_use": "Commercial",
        "observed_use": "Commercial",
        "zoning_code": "C2",
        "zoning_description": "General Commercial Use Zone",
        "development_status": "Under review",
        "tenure_class": "Government",
        "agri_status": "Non-agricultural",
        "ownership_status": "On record (details not public in this dataset)",
        "owner_record_available": false,
        "ownership_type": "Government",
        "last_verified": "2026-09-01",
        "area_sqm": 186.6,
        "area_sqft": 2008,
        "perimeter_m": 56,
        "reference_area_sqm": 175.2,
        "reference_area_sqft": 1886,
        "discrepancy_area_sqm": 11.4,
        "discrepancy_pct": 6.49,
        "boundary_confidence": 0.79,
        "boundary_confidence_label": "Medium",
        "boundary_source": "Derived — regular grid aligned to a real basemap location",
        "built_up_area_sqm": 145.8,
        "built_up_pct": 78.1,
        "floors": 5,
        "vegetation_pct": 0,
        "encroachment_area_sqm": 0,
        "encroachment_status": "None",
        "previous": {
          "observed_on": "2026-03-05",
          "built_up_area_sqm": 138.3,
          "vegetation_pct": 6,
          "encroachment_area_sqm": 0
        },
        "assessed_value_inr": 68500000,
        "last_updated": "2026-09-01",
        "data_source": "Demonstration data — synthetic, not an official land record",
        "data_quality": "DEMO"
      }
    },
    {
      "type": "Feature",
      "id": "IND-TN-CHN-DEMO-0040",
      "geometry": {
        "type": "Polygon",
        "coordinates": [
          [
            [
              80.23363434151881,
              13.041184656845132
            ],
            [
              80.23373577207907,
              13.041184656845132
            ],
            [
              80.23373577207907,
              13.04133736974488
            ],
            [
              80.23363434151881,
              13.04133736974488
            ],
            [
              80.23363434151881,
              13.041184656845132
            ]
          ]
        ]
      },
      "properties": {
        "parcel_id": "IND-TN-CHN-DEMO-0040",
        "survey_no": "T.S. No. 1108",
        "subdivision_no": "5",
        "state": "Tamil Nadu",
        "district": "Chennai",
        "taluk": "Mambalam",
        "village_ward": "Ward 123, T. Nagar",
        "local_body": "Greater Chennai Corporation",
        "pin_code": "600017",
        "city": "Chennai",
        "locality": "T. Nagar",
        "address": "Plot 4, Thanikachalam Rd, T. Nagar",
        "land_use": "Residential",
        "observed_use": "Residential",
        "zoning_code": "R1",
        "zoning_description": "Primary Residential Use Zone",
        "development_status": "Under review",
        "tenure_class": "Government",
        "agri_status": "Non-agricultural",
        "ownership_status": "On record (details not public in this dataset)",
        "owner_record_available": false,
        "ownership_type": "Government",
        "last_verified": "2026-09-01",
        "area_sqm": 186.6,
        "area_sqft": 2008,
        "perimeter_m": 56,
        "reference_area_sqm": 180.5,
        "reference_area_sqft": 1943,
        "discrepancy_area_sqm": 6.1,
        "discrepancy_pct": 3.39,
        "boundary_confidence": 0.51,
        "boundary_confidence_label": "Low",
        "boundary_source": "Derived — regular grid aligned to a real basemap location",
        "built_up_area_sqm": 91.3,
        "built_up_pct": 48.9,
        "floors": 1,
        "vegetation_pct": 24,
        "encroachment_area_sqm": 19,
        "encroachment_status": "Moderate",
        "previous": {
          "observed_on": "2026-03-05",
          "built_up_area_sqm": 78.4,
          "vegetation_pct": 26,
          "encroachment_area_sqm": 0
        },
        "assessed_value_inr": 45300000,
        "last_updated": "2026-09-01",
        "data_source": "Demonstration data — synthetic, not an official land record",
        "data_quality": "DEMO"
      }
    },
    {
      "type": "Feature",
      "id": "IND-TN-CHN-DEMO-0041",
      "geometry": {
        "type": "Polygon",
        "coordinates": [
          [
            [
              80.23380031879923,
              13.041184656845132
            ],
            [
              80.23390174935949,
              13.041184656845132
            ],
            [
              80.23390174935949,
              13.04133736974488
            ],
            [
              80.23380031879923,
              13.04133736974488
            ],
            [
              80.23380031879923,
              13.041184656845132
            ]
          ]
        ]
      },
      "properties": {
        "parcel_id": "IND-TN-CHN-DEMO-0041",
        "survey_no": "T.S. No. 1110",
        "subdivision_no": "6",
        "state": "Tamil Nadu",
        "district": "Chennai",
        "taluk": "Mambalam",
        "village_ward": "Ward 123, T. Nagar",
        "local_body": "Greater Chennai Corporation",
        "pin_code": "600017",
        "city": "Chennai",
        "locality": "T. Nagar",
        "address": "Plot 5, Thanikachalam Rd, T. Nagar",
        "land_use": "Residential",
        "observed_use": "Residential",
        "zoning_code": "R1",
        "zoning_description": "Primary Residential Use Zone",
        "development_status": "Developed",
        "tenure_class": "Private",
        "agri_status": "Non-agricultural",
        "ownership_status": "On record (details not public in this dataset)",
        "owner_record_available": false,
        "ownership_type": "Individual / private",
        "last_verified": "2026-09-01",
        "area_sqm": 186.6,
        "area_sqft": 2008,
        "perimeter_m": 56,
        "reference_area_sqm": 187.5,
        "reference_area_sqft": 2019,
        "discrepancy_area_sqm": 0.9,
        "discrepancy_pct": 0.5,
        "boundary_confidence": 0.82,
        "boundary_confidence_label": "High",
        "boundary_source": "Derived — regular grid aligned to a real basemap location",
        "built_up_area_sqm": 104.6,
        "built_up_pct": 56.1,
        "floors": 3,
        "vegetation_pct": 24,
        "encroachment_area_sqm": 21.7,
        "encroachment_status": "Moderate",
        "previous": {
          "observed_on": "2026-03-05",
          "built_up_area_sqm": 86.8,
          "vegetation_pct": 33,
          "encroachment_area_sqm": 13
        },
        "assessed_value_inr": 48400000,
        "last_updated": "2026-09-01",
        "data_source": "Demonstration data — synthetic, not an official land record",
        "data_quality": "DEMO"
      }
    },
    {
      "type": "Feature",
      "id": "IND-TN-CHN-DEMO-0042",
      "geometry": {
        "type": "Polygon",
        "coordinates": [
          [
            [
              80.23396629607966,
              13.041184656845132
            ],
            [
              80.23406772663992,
              13.041184656845132
            ],
            [
              80.23406772663992,
              13.04133736974488
            ],
            [
              80.23396629607966,
              13.04133736974488
            ],
            [
              80.23396629607966,
              13.041184656845132
            ]
          ]
        ]
      },
      "properties": {
        "parcel_id": "IND-TN-CHN-DEMO-0042",
        "survey_no": "T.S. No. 1113",
        "subdivision_no": "7",
        "state": "Tamil Nadu",
        "district": "Chennai",
        "taluk": "Mambalam",
        "village_ward": "Ward 123, T. Nagar",
        "local_body": "Greater Chennai Corporation",
        "pin_code": "600017",
        "city": "Chennai",
        "locality": "T. Nagar",
        "address": "Plot 6, Thanikachalam Rd, T. Nagar",
        "land_use": "Mixed Residential",
        "observed_use": "Mixed Residential",
        "zoning_code": "R2",
        "zoning_description": "Mixed Residential Use Zone",
        "development_status": "Developed",
        "tenure_class": "Public",
        "agri_status": "Non-agricultural",
        "ownership_status": "On record (details not public in this dataset)",
        "owner_record_available": false,
        "ownership_type": "Public",
        "last_verified": "2026-09-01",
        "area_sqm": 186.6,
        "area_sqft": 2008,
        "perimeter_m": 56,
        "reference_area_sqm": 182.5,
        "reference_area_sqft": 1964,
        "discrepancy_area_sqm": 4.1,
        "discrepancy_pct": 2.26,
        "boundary_confidence": 0.67,
        "boundary_confidence_label": "Medium",
        "boundary_source": "Derived — regular grid aligned to a real basemap location",
        "built_up_area_sqm": 131.3,
        "built_up_pct": 70.4,
        "floors": 3,
        "vegetation_pct": 14,
        "encroachment_area_sqm": 6.2,
        "encroachment_status": "Minor",
        "previous": {
          "observed_on": "2026-03-05",
          "built_up_area_sqm": 121.6,
          "vegetation_pct": 22,
          "encroachment_area_sqm": 3.7
        },
        "assessed_value_inr": 51600000,
        "last_updated": "2026-09-01",
        "data_source": "Demonstration data — synthetic, not an official land record",
        "data_quality": "DEMO"
      }
    },
    {
      "type": "Feature",
      "id": "IND-TN-CHN-DEMO-0043",
      "geometry": {
        "type": "Polygon",
        "coordinates": [
          [
            [
              80.23413227336009,
              13.041184656845132
            ],
            [
              80.23423370392035,
              13.041184656845132
            ],
            [
              80.23423370392035,
              13.04133736974488
            ],
            [
              80.23413227336009,
              13.04133736974488
            ],
            [
              80.23413227336009,
              13.041184656845132
            ]
          ]
        ]
      },
      "properties": {
        "parcel_id": "IND-TN-CHN-DEMO-0043",
        "survey_no": "T.S. No. 1116",
        "subdivision_no": "8",
        "state": "Tamil Nadu",
        "district": "Chennai",
        "taluk": "Mambalam",
        "village_ward": "Ward 123, T. Nagar",
        "local_body": "Greater Chennai Corporation",
        "pin_code": "600017",
        "city": "Chennai",
        "locality": "T. Nagar",
        "address": "Plot 7, Thanikachalam Rd, T. Nagar",
        "land_use": "Public/Semi-Public",
        "observed_use": "Public/Semi-Public",
        "zoning_code": "PSP",
        "zoning_description": "Public & Semi-Public Use Zone",
        "development_status": "Partly developed",
        "tenure_class": "Public",
        "agri_status": "Non-agricultural",
        "ownership_status": "On record (details not public in this dataset)",
        "owner_record_available": false,
        "ownership_type": "Public",
        "last_verified": "2026-09-01",
        "area_sqm": 186.6,
        "area_sqft": 2008,
        "perimeter_m": 56,
        "reference_area_sqm": 174.4,
        "reference_area_sqft": 1877,
        "discrepancy_area_sqm": 12.2,
        "discrepancy_pct": 6.99,
        "boundary_confidence": 0.43,
        "boundary_confidence_label": "Low",
        "boundary_source": "Derived — regular grid aligned to a real basemap location",
        "built_up_area_sqm": 23,
        "built_up_pct": 12.3,
        "floors": 1,
        "vegetation_pct": 49,
        "encroachment_area_sqm": 0,
        "encroachment_status": "None",
        "previous": {
          "observed_on": "2026-03-05",
          "built_up_area_sqm": 21.4,
          "vegetation_pct": 54,
          "encroachment_area_sqm": 0
        },
        "assessed_value_inr": 11900000,
        "last_updated": "2026-09-01",
        "data_source": "Demonstration data — synthetic, not an official land record",
        "data_quality": "DEMO"
      }
    },
    {
      "type": "Feature",
      "id": "IND-TN-CHN-DEMO-0044",
      "geometry": {
        "type": "Polygon",
        "coordinates": [
          [
            [
              80.2342982506405,
              13.041184656845132
            ],
            [
              80.23439968120077,
              13.041184656845132
            ],
            [
              80.23439968120077,
              13.04133736974488
            ],
            [
              80.2342982506405,
              13.04133736974488
            ],
            [
              80.2342982506405,
              13.041184656845132
            ]
          ]
        ]
      },
      "properties": {
        "parcel_id": "IND-TN-CHN-DEMO-0044",
        "survey_no": "T.S. No. 1118",
        "subdivision_no": "9",
        "state": "Tamil Nadu",
        "district": "Chennai",
        "taluk": "Mambalam",
        "village_ward": "Ward 123, T. Nagar",
        "local_body": "Greater Chennai Corporation",
        "pin_code": "600017",
        "city": "Chennai",
        "locality": "T. Nagar",
        "address": "Plot 8, Thanikachalam Rd, T. Nagar",
        "land_use": "Public/Semi-Public",
        "observed_use": "Public/Semi-Public",
        "zoning_code": "PSP",
        "zoning_description": "Public & Semi-Public Use Zone",
        "development_status": "Partly developed",
        "tenure_class": "Public",
        "agri_status": "Non-agricultural",
        "ownership_status": "On record (details not public in this dataset)",
        "owner_record_available": false,
        "ownership_type": "Public",
        "last_verified": "2026-09-01",
        "area_sqm": 186.6,
        "area_sqft": 2008,
        "perimeter_m": 56,
        "reference_area_sqm": 187.4,
        "reference_area_sqft": 2018,
        "discrepancy_area_sqm": 0.9,
        "discrepancy_pct": 0.46,
        "boundary_confidence": 0.61,
        "boundary_confidence_label": "Medium",
        "boundary_source": "Derived — regular grid aligned to a real basemap location",
        "built_up_area_sqm": 50.5,
        "built_up_pct": 27.1,
        "floors": 1,
        "vegetation_pct": 44,
        "encroachment_area_sqm": 0,
        "encroachment_status": "None",
        "previous": {
          "observed_on": "2026-03-05",
          "built_up_area_sqm": 48.2,
          "vegetation_pct": 49,
          "encroachment_area_sqm": 0
        },
        "assessed_value_inr": 14300000,
        "last_updated": "2026-09-01",
        "data_source": "Demonstration data — synthetic, not an official land record",
        "data_quality": "DEMO"
      }
    },
    {
      "type": "Feature",
      "id": "IND-TN-CHN-DEMO-0045",
      "geometry": {
        "type": "Polygon",
        "coordinates": [
          [
            [
              80.23446422792094,
              13.041184656845132
            ],
            [
              80.2345656584812,
              13.041184656845132
            ],
            [
              80.2345656584812,
              13.04133736974488
            ],
            [
              80.23446422792094,
              13.04133736974488
            ],
            [
              80.23446422792094,
              13.041184656845132
            ]
          ]
        ]
      },
      "properties": {
        "parcel_id": "IND-TN-CHN-DEMO-0045",
        "survey_no": "T.S. No. 1121",
        "subdivision_no": "1",
        "state": "Tamil Nadu",
        "district": "Chennai",
        "taluk": "Mambalam",
        "village_ward": "Ward 123, T. Nagar",
        "local_body": "Greater Chennai Corporation",
        "pin_code": "600017",
        "city": "Chennai",
        "locality": "T. Nagar",
        "address": "Plot 9, Thanikachalam Rd, T. Nagar",
        "land_use": "Residential",
        "observed_use": "Residential",
        "zoning_code": "R1",
        "zoning_description": "Primary Residential Use Zone",
        "development_status": "Developed — discrepancy flagged",
        "tenure_class": "Institutional",
        "agri_status": "Non-agricultural",
        "ownership_status": "On record (details not public in this dataset)",
        "owner_record_available": false,
        "ownership_type": "Institutional",
        "last_verified": "2026-09-01",
        "area_sqm": 186.6,
        "area_sqft": 2008,
        "perimeter_m": 56,
        "reference_area_sqm": 174,
        "reference_area_sqft": 1873,
        "discrepancy_area_sqm": 12.5,
        "discrepancy_pct": 7.21,
        "boundary_confidence": 0.47,
        "boundary_confidence_label": "Low",
        "boundary_source": "Derived — regular grid aligned to a real basemap location",
        "built_up_area_sqm": 102.4,
        "built_up_pct": 54.9,
        "floors": 2,
        "vegetation_pct": 28,
        "encroachment_area_sqm": 38.3,
        "encroachment_status": "Significant",
        "previous": {
          "observed_on": "2026-03-05",
          "built_up_area_sqm": 85.1,
          "vegetation_pct": 37,
          "encroachment_area_sqm": 0
        },
        "assessed_value_inr": 46000000,
        "last_updated": "2026-09-01",
        "data_source": "Demonstration data — synthetic, not an official land record",
        "data_quality": "DEMO"
      }
    },
    {
      "type": "Feature",
      "id": "IND-TN-CHN-DEMO-0046",
      "geometry": {
        "type": "Polygon",
        "coordinates": [
          [
            [
              80.23463020520136,
              13.041184656845132
            ],
            [
              80.23473163576162,
              13.041184656845132
            ],
            [
              80.23473163576162,
              13.04133736974488
            ],
            [
              80.23463020520136,
              13.04133736974488
            ],
            [
              80.23463020520136,
              13.041184656845132
            ]
          ]
        ]
      },
      "properties": {
        "parcel_id": "IND-TN-CHN-DEMO-0046",
        "survey_no": "T.S. No. 1124",
        "subdivision_no": "2",
        "state": "Tamil Nadu",
        "district": "Chennai",
        "taluk": "Mambalam",
        "village_ward": "Ward 123, T. Nagar",
        "local_body": "Greater Chennai Corporation",
        "pin_code": "600017",
        "city": "Chennai",
        "locality": "T. Nagar",
        "address": "Plot 10, Thanikachalam Rd, T. Nagar",
        "land_use": "Residential",
        "observed_use": "Residential",
        "zoning_code": "R1",
        "zoning_description": "Primary Residential Use Zone",
        "development_status": "Developed",
        "tenure_class": "Government",
        "agri_status": "Non-agricultural",
        "ownership_status": "On record (details not public in this dataset)",
        "owner_record_available": false,
        "ownership_type": "Government",
        "last_verified": "2026-09-01",
        "area_sqm": 186.6,
        "area_sqft": 2008,
        "perimeter_m": 56,
        "reference_area_sqm": 182.9,
        "reference_area_sqft": 1969,
        "discrepancy_area_sqm": 3.7,
        "discrepancy_pct": 2,
        "boundary_confidence": 0.48,
        "boundary_confidence_label": "Low",
        "boundary_source": "Derived — regular grid aligned to a real basemap location",
        "built_up_area_sqm": 113.6,
        "built_up_pct": 60.9,
        "floors": 2,
        "vegetation_pct": 14,
        "encroachment_area_sqm": 0,
        "encroachment_status": "None",
        "previous": {
          "observed_on": "2026-03-05",
          "built_up_area_sqm": 98.2,
          "vegetation_pct": 21,
          "encroachment_area_sqm": 0
        },
        "assessed_value_inr": 46800000,
        "last_updated": "2026-09-01",
        "data_source": "Demonstration data — synthetic, not an official land record",
        "data_quality": "DEMO"
      }
    },
    {
      "type": "Feature",
      "id": "IND-TN-CHN-DEMO-0047",
      "geometry": {
        "type": "Polygon",
        "coordinates": [
          [
            [
              80.23479618248179,
              13.041184656845132
            ],
            [
              80.23489761304205,
              13.041184656845132
            ],
            [
              80.23489761304205,
              13.04133736974488
            ],
            [
              80.23479618248179,
              13.04133736974488
            ],
            [
              80.23479618248179,
              13.041184656845132
            ]
          ]
        ]
      },
      "properties": {
        "parcel_id": "IND-TN-CHN-DEMO-0047",
        "survey_no": "T.S. No. 1126",
        "subdivision_no": "3",
        "state": "Tamil Nadu",
        "district": "Chennai",
        "taluk": "Mambalam",
        "village_ward": "Ward 123, T. Nagar",
        "local_body": "Greater Chennai Corporation",
        "pin_code": "600017",
        "city": "Chennai",
        "locality": "T. Nagar",
        "address": "Plot 11, Thanikachalam Rd, T. Nagar",
        "land_use": "Residential",
        "observed_use": "Residential",
        "zoning_code": "R1",
        "zoning_description": "Primary Residential Use Zone",
        "development_status": "Developed",
        "tenure_class": "Institutional",
        "agri_status": "Non-agricultural",
        "ownership_status": "On record (details not public in this dataset)",
        "owner_record_available": false,
        "ownership_type": "Institutional",
        "last_verified": "2026-09-01",
        "area_sqm": 186.6,
        "area_sqft": 2008,
        "perimeter_m": 56,
        "reference_area_sqm": 173.7,
        "reference_area_sqft": 1869,
        "discrepancy_area_sqm": 12.9,
        "discrepancy_pct": 7.44,
        "boundary_confidence": 0.68,
        "boundary_confidence_label": "Medium",
        "boundary_source": "Derived — regular grid aligned to a real basemap location",
        "built_up_area_sqm": 98.7,
        "built_up_pct": 52.9,
        "floors": 2,
        "vegetation_pct": 21,
        "encroachment_area_sqm": 0,
        "encroachment_status": "None",
        "previous": {
          "observed_on": "2026-03-05",
          "built_up_area_sqm": 81.2,
          "vegetation_pct": 26,
          "encroachment_area_sqm": 0
        },
        "assessed_value_inr": 49200000,
        "last_updated": "2026-09-01",
        "data_source": "Demonstration data — synthetic, not an official land record",
        "data_quality": "DEMO"
      }
    },
    {
      "type": "Feature",
      "id": "IND-TN-CHN-DEMO-0048",
      "geometry": {
        "type": "Polygon",
        "coordinates": [
          [
            [
              80.23496215976222,
              13.041184656845132
            ],
            [
              80.23506359032248,
              13.041184656845132
            ],
            [
              80.23506359032248,
              13.04133736974488
            ],
            [
              80.23496215976222,
              13.04133736974488
            ],
            [
              80.23496215976222,
              13.041184656845132
            ]
          ]
        ]
      },
      "properties": {
        "parcel_id": "IND-TN-CHN-DEMO-0048",
        "survey_no": "T.S. No. 1129",
        "subdivision_no": "4",
        "state": "Tamil Nadu",
        "district": "Chennai",
        "taluk": "Mambalam",
        "village_ward": "Ward 123, T. Nagar",
        "local_body": "Greater Chennai Corporation",
        "pin_code": "600017",
        "city": "Chennai",
        "locality": "T. Nagar",
        "address": "Plot 12, Thanikachalam Rd, T. Nagar",
        "land_use": "Residential",
        "observed_use": "Residential",
        "zoning_code": "R1",
        "zoning_description": "Primary Residential Use Zone",
        "development_status": "Developed",
        "tenure_class": "Institutional",
        "agri_status": "Non-agricultural",
        "ownership_status": "On record (details not public in this dataset)",
        "owner_record_available": false,
        "ownership_type": "Institutional",
        "last_verified": "2026-09-01",
        "area_sqm": 186.6,
        "area_sqft": 2008,
        "perimeter_m": 56,
        "reference_area_sqm": 184.3,
        "reference_area_sqft": 1984,
        "discrepancy_area_sqm": 2.3,
        "discrepancy_pct": 1.25,
        "boundary_confidence": 0.46,
        "boundary_confidence_label": "Low",
        "boundary_source": "Derived — regular grid aligned to a real basemap location",
        "built_up_area_sqm": 115,
        "built_up_pct": 61.7,
        "floors": 1,
        "vegetation_pct": 10,
        "encroachment_area_sqm": 0,
        "encroachment_status": "None",
        "previous": {
          "observed_on": "2026-03-05",
          "built_up_area_sqm": 97.6,
          "vegetation_pct": 20,
          "encroachment_area_sqm": 0
        },
        "assessed_value_inr": 46400000,
        "last_updated": "2026-09-01",
        "data_source": "Demonstration data — synthetic, not an official land record",
        "data_quality": "DEMO"
      }
    },
    {
      "type": "Feature",
      "id": "IND-TN-CHN-DEMO-0049",
      "geometry": {
        "type": "Polygon",
        "coordinates": [
          [
            [
              80.23313640967753,
              13.04140025152713
            ],
            [
              80.23323784023779,
              13.04140025152713
            ],
            [
              80.23323784023779,
              13.041552964426877
            ],
            [
              80.23313640967753,
              13.041552964426877
            ],
            [
              80.23313640967753,
              13.04140025152713
            ]
          ]
        ]
      },
      "properties": {
        "parcel_id": "IND-TN-CHN-DEMO-0049",
        "survey_no": "T.S. No. 1132",
        "subdivision_no": "5",
        "state": "Tamil Nadu",
        "district": "Chennai",
        "taluk": "Mambalam",
        "village_ward": "Ward 124, T. Nagar",
        "local_body": "Greater Chennai Corporation",
        "pin_code": "600017",
        "city": "Chennai",
        "locality": "T. Nagar",
        "address": "Plot 1, Bazullah Rd, T. Nagar",
        "land_use": "Open Space",
        "observed_use": "Open Space",
        "zoning_code": "OSR",
        "zoning_description": "Open Space & Recreation Zone",
        "development_status": "Partly developed",
        "tenure_class": "Public",
        "agri_status": "Non-agricultural",
        "ownership_status": "On record (details not public in this dataset)",
        "owner_record_available": false,
        "ownership_type": "Public",
        "last_verified": "2026-09-01",
        "area_sqm": 186.6,
        "area_sqft": 2008,
        "perimeter_m": 56,
        "reference_area_sqm": 199,
        "reference_area_sqft": 2142,
        "discrepancy_area_sqm": 12.4,
        "discrepancy_pct": 6.23,
        "boundary_confidence": 0.89,
        "boundary_confidence_label": "High",
        "boundary_source": "Derived — regular grid aligned to a real basemap location",
        "built_up_area_sqm": 6.1,
        "built_up_pct": 3.3,
        "floors": 0,
        "vegetation_pct": 87,
        "encroachment_area_sqm": 0,
        "encroachment_status": "None",
        "previous": {
          "observed_on": "2026-03-05",
          "built_up_area_sqm": 5,
          "vegetation_pct": 93,
          "encroachment_area_sqm": 0
        },
        "assessed_value_inr": 5500000,
        "last_updated": "2026-09-01",
        "data_source": "Demonstration data — synthetic, not an official land record",
        "data_quality": "DEMO"
      }
    },
    {
      "type": "Feature",
      "id": "IND-TN-CHN-DEMO-0050",
      "geometry": {
        "type": "Polygon",
        "coordinates": [
          [
            [
              80.23330238695796,
              13.04140025152713
            ],
            [
              80.23340381751822,
              13.04140025152713
            ],
            [
              80.23340381751822,
              13.041552964426877
            ],
            [
              80.23330238695796,
              13.041552964426877
            ],
            [
              80.23330238695796,
              13.04140025152713
            ]
          ]
        ]
      },
      "properties": {
        "parcel_id": "IND-TN-CHN-DEMO-0050",
        "survey_no": "T.S. No. 1135",
        "subdivision_no": "6",
        "state": "Tamil Nadu",
        "district": "Chennai",
        "taluk": "Mambalam",
        "village_ward": "Ward 124, T. Nagar",
        "local_body": "Greater Chennai Corporation",
        "pin_code": "600017",
        "city": "Chennai",
        "locality": "T. Nagar",
        "address": "Plot 2, Bazullah Rd, T. Nagar",
        "land_use": "Residential",
        "observed_use": "Residential",
        "zoning_code": "R1",
        "zoning_description": "Primary Residential Use Zone",
        "development_status": "Under review",
        "tenure_class": "Private",
        "agri_status": "Non-agricultural",
        "ownership_status": "On record (details not public in this dataset)",
        "owner_record_available": false,
        "ownership_type": "Individual / private",
        "last_verified": "2026-09-01",
        "area_sqm": 186.6,
        "area_sqft": 2008,
        "perimeter_m": 56,
        "reference_area_sqm": 187.5,
        "reference_area_sqft": 2018,
        "discrepancy_area_sqm": 0.9,
        "discrepancy_pct": 0.49,
        "boundary_confidence": 0.68,
        "boundary_confidence_label": "Medium",
        "boundary_source": "Derived — regular grid aligned to a real basemap location",
        "built_up_area_sqm": 86.2,
        "built_up_pct": 46.2,
        "floors": 2,
        "vegetation_pct": 26,
        "encroachment_area_sqm": 0,
        "encroachment_status": "None",
        "previous": {
          "observed_on": "2026-03-05",
          "built_up_area_sqm": 67.5,
          "vegetation_pct": 30,
          "encroachment_area_sqm": 0
        },
        "assessed_value_inr": 41900000,
        "last_updated": "2026-09-01",
        "data_source": "Demonstration data — synthetic, not an official land record",
        "data_quality": "DEMO"
      }
    },
    {
      "type": "Feature",
      "id": "IND-TN-CHN-DEMO-0051",
      "geometry": {
        "type": "Polygon",
        "coordinates": [
          [
            [
              80.23346836423838,
              13.04140025152713
            ],
            [
              80.23356979479864,
              13.04140025152713
            ],
            [
              80.23356979479864,
              13.041552964426877
            ],
            [
              80.23346836423838,
              13.041552964426877
            ],
            [
              80.23346836423838,
              13.04140025152713
            ]
          ]
        ]
      },
      "properties": {
        "parcel_id": "IND-TN-CHN-DEMO-0051",
        "survey_no": "T.S. No. 1137",
        "subdivision_no": "7",
        "state": "Tamil Nadu",
        "district": "Chennai",
        "taluk": "Mambalam",
        "village_ward": "Ward 124, T. Nagar",
        "local_body": "Greater Chennai Corporation",
        "pin_code": "600017",
        "city": "Chennai",
        "locality": "T. Nagar",
        "address": "Plot 3, Bazullah Rd, T. Nagar",
        "land_use": "Commercial",
        "observed_use": "Commercial",
        "zoning_code": "C2",
        "zoning_description": "General Commercial Use Zone",
        "development_status": "Developed",
        "tenure_class": "Institutional",
        "agri_status": "Non-agricultural",
        "ownership_status": "On record (details not public in this dataset)",
        "owner_record_available": false,
        "ownership_type": "Institutional",
        "last_verified": "2026-09-01",
        "area_sqm": 186.6,
        "area_sqft": 2008,
        "perimeter_m": 56,
        "reference_area_sqm": 174.4,
        "reference_area_sqft": 1877,
        "discrepancy_area_sqm": 12.2,
        "discrepancy_pct": 6.99,
        "boundary_confidence": 0.9,
        "boundary_confidence_label": "High",
        "boundary_source": "Derived — regular grid aligned to a real basemap location",
        "built_up_area_sqm": 161.6,
        "built_up_pct": 86.6,
        "floors": 5,
        "vegetation_pct": 1,
        "encroachment_area_sqm": 0,
        "encroachment_status": "None",
        "previous": {
          "observed_on": "2026-03-05",
          "built_up_area_sqm": 148.3,
          "vegetation_pct": 3,
          "encroachment_area_sqm": 0
        },
        "assessed_value_inr": 71000000,
        "last_updated": "2026-09-01",
        "data_source": "Demonstration data — synthetic, not an official land record",
        "data_quality": "DEMO"
      }
    },
    {
      "type": "Feature",
      "id": "IND-TN-CHN-DEMO-0052",
      "geometry": {
        "type": "Polygon",
        "coordinates": [
          [
            [
              80.23363434151881,
              13.04140025152713
            ],
            [
              80.23373577207907,
              13.04140025152713
            ],
            [
              80.23373577207907,
              13.041552964426877
            ],
            [
              80.23363434151881,
              13.041552964426877
            ],
            [
              80.23363434151881,
              13.04140025152713
            ]
          ]
        ]
      },
      "properties": {
        "parcel_id": "IND-TN-CHN-DEMO-0052",
        "survey_no": "T.S. No. 1140",
        "subdivision_no": "8",
        "state": "Tamil Nadu",
        "district": "Chennai",
        "taluk": "Mambalam",
        "village_ward": "Ward 124, T. Nagar",
        "local_body": "Greater Chennai Corporation",
        "pin_code": "600017",
        "city": "Chennai",
        "locality": "T. Nagar",
        "address": "Plot 4, Bazullah Rd, T. Nagar",
        "land_use": "Residential",
        "observed_use": "Residential",
        "zoning_code": "R1",
        "zoning_description": "Primary Residential Use Zone",
        "development_status": "Under review",
        "tenure_class": "Private",
        "agri_status": "Non-agricultural",
        "ownership_status": "On record (details not public in this dataset)",
        "owner_record_available": false,
        "ownership_type": "Individual / private",
        "last_verified": "2026-09-01",
        "area_sqm": 186.6,
        "area_sqft": 2008,
        "perimeter_m": 56,
        "reference_area_sqm": 180.7,
        "reference_area_sqft": 1945,
        "discrepancy_area_sqm": 5.8,
        "discrepancy_pct": 3.24,
        "boundary_confidence": 0.85,
        "boundary_confidence_label": "High",
        "boundary_source": "Derived — regular grid aligned to a real basemap location",
        "built_up_area_sqm": 111.7,
        "built_up_pct": 59.9,
        "floors": 2,
        "vegetation_pct": 19,
        "encroachment_area_sqm": 6.2,
        "encroachment_status": "Minor",
        "previous": {
          "observed_on": "2026-03-05",
          "built_up_area_sqm": 89.7,
          "vegetation_pct": 26,
          "encroachment_area_sqm": 0
        },
        "assessed_value_inr": 49500000,
        "last_updated": "2026-09-01",
        "data_source": "Demonstration data — synthetic, not an official land record",
        "data_quality": "DEMO"
      }
    },
    {
      "type": "Feature",
      "id": "IND-TN-CHN-DEMO-0053",
      "geometry": {
        "type": "Polygon",
        "coordinates": [
          [
            [
              80.23380031879923,
              13.04140025152713
            ],
            [
              80.23390174935949,
              13.04140025152713
            ],
            [
              80.23390174935949,
              13.041552964426877
            ],
            [
              80.23380031879923,
              13.041552964426877
            ],
            [
              80.23380031879923,
              13.04140025152713
            ]
          ]
        ]
      },
      "properties": {
        "parcel_id": "IND-TN-CHN-DEMO-0053",
        "survey_no": "T.S. No. 1143",
        "subdivision_no": "9",
        "state": "Tamil Nadu",
        "district": "Chennai",
        "taluk": "Mambalam",
        "village_ward": "Ward 124, T. Nagar",
        "local_body": "Greater Chennai Corporation",
        "pin_code": "600017",
        "city": "Chennai",
        "locality": "T. Nagar",
        "address": "Plot 5, Bazullah Rd, T. Nagar",
        "land_use": "Commercial",
        "observed_use": "Commercial",
        "zoning_code": "C2",
        "zoning_description": "General Commercial Use Zone",
        "development_status": "Developed",
        "tenure_class": "Institutional",
        "agri_status": "Non-agricultural",
        "ownership_status": "On record (details not public in this dataset)",
        "owner_record_available": false,
        "ownership_type": "Institutional",
        "last_verified": "2026-09-01",
        "area_sqm": 186.6,
        "area_sqft": 2008,
        "perimeter_m": 56,
        "reference_area_sqm": 188.3,
        "reference_area_sqft": 2027,
        "discrepancy_area_sqm": 1.7,
        "discrepancy_pct": 0.9,
        "boundary_confidence": 0.53,
        "boundary_confidence_label": "Low",
        "boundary_source": "Derived — regular grid aligned to a real basemap location",
        "built_up_area_sqm": 125.8,
        "built_up_pct": 67.4,
        "floors": 5,
        "vegetation_pct": 4,
        "encroachment_area_sqm": 0,
        "encroachment_status": "None",
        "previous": {
          "observed_on": "2026-03-05",
          "built_up_area_sqm": 112.9,
          "vegetation_pct": 12,
          "encroachment_area_sqm": 0
        },
        "assessed_value_inr": 70800000,
        "last_updated": "2026-09-01",
        "data_source": "Demonstration data — synthetic, not an official land record",
        "data_quality": "DEMO"
      }
    },
    {
      "type": "Feature",
      "id": "IND-TN-CHN-DEMO-0054",
      "geometry": {
        "type": "Polygon",
        "coordinates": [
          [
            [
              80.23396629607966,
              13.04140025152713
            ],
            [
              80.23406772663992,
              13.04140025152713
            ],
            [
              80.23406772663992,
              13.041552964426877
            ],
            [
              80.23396629607966,
              13.041552964426877
            ],
            [
              80.23396629607966,
              13.04140025152713
            ]
          ]
        ]
      },
      "properties": {
        "parcel_id": "IND-TN-CHN-DEMO-0054",
        "survey_no": "T.S. No. 1145",
        "subdivision_no": "1",
        "state": "Tamil Nadu",
        "district": "Chennai",
        "taluk": "Mambalam",
        "village_ward": "Ward 124, T. Nagar",
        "local_body": "Greater Chennai Corporation",
        "pin_code": "600017",
        "city": "Chennai",
        "locality": "T. Nagar",
        "address": "Plot 6, Bazullah Rd, T. Nagar",
        "land_use": "Residential",
        "observed_use": "Residential",
        "zoning_code": "R1",
        "zoning_description": "Primary Residential Use Zone",
        "development_status": "Developed — discrepancy flagged",
        "tenure_class": "Private",
        "agri_status": "Non-agricultural",
        "ownership_status": "On record (details not public in this dataset)",
        "owner_record_available": false,
        "ownership_type": "Individual / private",
        "last_verified": "2026-09-01",
        "area_sqm": 186.6,
        "area_sqft": 2008,
        "perimeter_m": 56,
        "reference_area_sqm": 196.4,
        "reference_area_sqft": 2114,
        "discrepancy_area_sqm": 9.8,
        "discrepancy_pct": 4.99,
        "boundary_confidence": 0.42,
        "boundary_confidence_label": "Low",
        "boundary_source": "Derived — regular grid aligned to a real basemap location",
        "built_up_area_sqm": 114.6,
        "built_up_pct": 61.4,
        "floors": 3,
        "vegetation_pct": 28,
        "encroachment_area_sqm": 37.5,
        "encroachment_status": "Significant",
        "previous": {
          "observed_on": "2026-03-05",
          "built_up_area_sqm": 101,
          "vegetation_pct": 37,
          "encroachment_area_sqm": 22.5
        },
        "assessed_value_inr": 47500000,
        "last_updated": "2026-09-01",
        "data_source": "Demonstration data — synthetic, not an official land record",
        "data_quality": "DEMO"
      }
    },
    {
      "type": "Feature",
      "id": "IND-TN-CHN-DEMO-0055",
      "geometry": {
        "type": "Polygon",
        "coordinates": [
          [
            [
              80.23413227336009,
              13.04140025152713
            ],
            [
              80.23423370392035,
              13.04140025152713
            ],
            [
              80.23423370392035,
              13.041552964426877
            ],
            [
              80.23413227336009,
              13.041552964426877
            ],
            [
              80.23413227336009,
              13.04140025152713
            ]
          ]
        ]
      },
      "properties": {
        "parcel_id": "IND-TN-CHN-DEMO-0055",
        "survey_no": "T.S. No. 1148",
        "subdivision_no": "2",
        "state": "Tamil Nadu",
        "district": "Chennai",
        "taluk": "Mambalam",
        "village_ward": "Ward 124, T. Nagar",
        "local_body": "Greater Chennai Corporation",
        "pin_code": "600017",
        "city": "Chennai",
        "locality": "T. Nagar",
        "address": "Plot 7, Bazullah Rd, T. Nagar",
        "land_use": "Public/Semi-Public",
        "observed_use": "Public/Semi-Public",
        "zoning_code": "PSP",
        "zoning_description": "Public & Semi-Public Use Zone",
        "development_status": "Developed — discrepancy flagged",
        "tenure_class": "Public",
        "agri_status": "Non-agricultural",
        "ownership_status": "On record (details not public in this dataset)",
        "owner_record_available": false,
        "ownership_type": "Public",
        "last_verified": "2026-09-01",
        "area_sqm": 186.6,
        "area_sqft": 2008,
        "perimeter_m": 56,
        "reference_area_sqm": 194.9,
        "reference_area_sqft": 2098,
        "discrepancy_area_sqm": 8.3,
        "discrepancy_pct": 4.28,
        "boundary_confidence": 0.49,
        "boundary_confidence_label": "Low",
        "boundary_source": "Derived — regular grid aligned to a real basemap location",
        "built_up_area_sqm": 31.1,
        "built_up_pct": 16.7,
        "floors": 2,
        "vegetation_pct": 50,
        "encroachment_area_sqm": 56.8,
        "encroachment_status": "Critical",
        "previous": {
          "observed_on": "2026-03-05",
          "built_up_area_sqm": 26.4,
          "vegetation_pct": 54,
          "encroachment_area_sqm": 34.1
        },
        "assessed_value_inr": 11100000,
        "last_updated": "2026-09-01",
        "data_source": "Demonstration data — synthetic, not an official land record",
        "data_quality": "DEMO"
      }
    },
    {
      "type": "Feature",
      "id": "IND-TN-CHN-DEMO-0056",
      "geometry": {
        "type": "Polygon",
        "coordinates": [
          [
            [
              80.2342982506405,
              13.04140025152713
            ],
            [
              80.23439968120077,
              13.04140025152713
            ],
            [
              80.23439968120077,
              13.041552964426877
            ],
            [
              80.2342982506405,
              13.041552964426877
            ],
            [
              80.2342982506405,
              13.04140025152713
            ]
          ]
        ]
      },
      "properties": {
        "parcel_id": "IND-TN-CHN-DEMO-0056",
        "survey_no": "T.S. No. 1151",
        "subdivision_no": "3",
        "state": "Tamil Nadu",
        "district": "Chennai",
        "taluk": "Mambalam",
        "village_ward": "Ward 124, T. Nagar",
        "local_body": "Greater Chennai Corporation",
        "pin_code": "600017",
        "city": "Chennai",
        "locality": "T. Nagar",
        "address": "Plot 8, Bazullah Rd, T. Nagar",
        "land_use": "Institutional",
        "observed_use": "Institutional",
        "zoning_code": "I1",
        "zoning_description": "Institutional Use Zone",
        "development_status": "Developed",
        "tenure_class": "Institutional",
        "agri_status": "Non-agricultural",
        "ownership_status": "On record (details not public in this dataset)",
        "owner_record_available": false,
        "ownership_type": "Institutional",
        "last_verified": "2026-09-01",
        "area_sqm": 186.6,
        "area_sqft": 2008,
        "perimeter_m": 56,
        "reference_area_sqm": 197.4,
        "reference_area_sqft": 2125,
        "discrepancy_area_sqm": 10.9,
        "discrepancy_pct": 5.5,
        "boundary_confidence": 0.77,
        "boundary_confidence_label": "Medium",
        "boundary_source": "Derived — regular grid aligned to a real basemap location",
        "built_up_area_sqm": 63.7,
        "built_up_pct": 34.1,
        "floors": 1,
        "vegetation_pct": 27,
        "encroachment_area_sqm": 1.7,
        "encroachment_status": "Minor",
        "previous": {
          "observed_on": "2026-03-05",
          "built_up_area_sqm": 60.8,
          "vegetation_pct": 36,
          "encroachment_area_sqm": 1
        },
        "assessed_value_inr": 31600000,
        "last_updated": "2026-09-01",
        "data_source": "Demonstration data — synthetic, not an official land record",
        "data_quality": "DEMO"
      }
    },
    {
      "type": "Feature",
      "id": "IND-TN-CHN-DEMO-0057",
      "geometry": {
        "type": "Polygon",
        "coordinates": [
          [
            [
              80.23446422792094,
              13.04140025152713
            ],
            [
              80.2345656584812,
              13.04140025152713
            ],
            [
              80.2345656584812,
              13.041552964426877
            ],
            [
              80.23446422792094,
              13.041552964426877
            ],
            [
              80.23446422792094,
              13.04140025152713
            ]
          ]
        ]
      },
      "properties": {
        "parcel_id": "IND-TN-CHN-DEMO-0057",
        "survey_no": "T.S. No. 1153",
        "subdivision_no": "4",
        "state": "Tamil Nadu",
        "district": "Chennai",
        "taluk": "Mambalam",
        "village_ward": "Ward 124, T. Nagar",
        "local_body": "Greater Chennai Corporation",
        "pin_code": "600017",
        "city": "Chennai",
        "locality": "T. Nagar",
        "address": "Plot 9, Bazullah Rd, T. Nagar",
        "land_use": "Mixed Residential",
        "observed_use": "Mixed Residential",
        "zoning_code": "R2",
        "zoning_description": "Mixed Residential Use Zone",
        "development_status": "Developed",
        "tenure_class": "Private",
        "agri_status": "Non-agricultural",
        "ownership_status": "On record (details not public in this dataset)",
        "owner_record_available": false,
        "ownership_type": "Individual / private",
        "last_verified": "2026-09-01",
        "area_sqm": 186.6,
        "area_sqft": 2008,
        "perimeter_m": 56,
        "reference_area_sqm": 188,
        "reference_area_sqft": 2024,
        "discrepancy_area_sqm": 1.5,
        "discrepancy_pct": 0.78,
        "boundary_confidence": 0.66,
        "boundary_confidence_label": "Medium",
        "boundary_source": "Derived — regular grid aligned to a real basemap location",
        "built_up_area_sqm": 110.8,
        "built_up_pct": 59.4,
        "floors": 2,
        "vegetation_pct": 10,
        "encroachment_area_sqm": 0,
        "encroachment_status": "None",
        "previous": {
          "observed_on": "2026-03-05",
          "built_up_area_sqm": 96.4,
          "vegetation_pct": 10,
          "encroachment_area_sqm": 0
        },
        "assessed_value_inr": 56900000,
        "last_updated": "2026-09-01",
        "data_source": "Demonstration data — synthetic, not an official land record",
        "data_quality": "DEMO"
      }
    },
    {
      "type": "Feature",
      "id": "IND-TN-CHN-DEMO-0058",
      "geometry": {
        "type": "Polygon",
        "coordinates": [
          [
            [
              80.23463020520136,
              13.04140025152713
            ],
            [
              80.23473163576162,
              13.04140025152713
            ],
            [
              80.23473163576162,
              13.041552964426877
            ],
            [
              80.23463020520136,
              13.041552964426877
            ],
            [
              80.23463020520136,
              13.04140025152713
            ]
          ]
        ]
      },
      "properties": {
        "parcel_id": "IND-TN-CHN-DEMO-0058",
        "survey_no": "T.S. No. 1156",
        "subdivision_no": "5",
        "state": "Tamil Nadu",
        "district": "Chennai",
        "taluk": "Mambalam",
        "village_ward": "Ward 124, T. Nagar",
        "local_body": "Greater Chennai Corporation",
        "pin_code": "600017",
        "city": "Chennai",
        "locality": "T. Nagar",
        "address": "Plot 10, Bazullah Rd, T. Nagar",
        "land_use": "Residential",
        "observed_use": "Residential",
        "zoning_code": "R1",
        "zoning_description": "Primary Residential Use Zone",
        "development_status": "Developed",
        "tenure_class": "Private",
        "agri_status": "Non-agricultural",
        "ownership_status": "On record (details not public in this dataset)",
        "owner_record_available": false,
        "ownership_type": "Individual / private",
        "last_verified": "2026-09-01",
        "area_sqm": 186.6,
        "area_sqft": 2008,
        "perimeter_m": 56,
        "reference_area_sqm": 189.9,
        "reference_area_sqft": 2044,
        "discrepancy_area_sqm": 3.3,
        "discrepancy_pct": 1.72,
        "boundary_confidence": 0.61,
        "boundary_confidence_label": "Medium",
        "boundary_source": "Derived — regular grid aligned to a real basemap location",
        "built_up_area_sqm": 113,
        "built_up_pct": 60.6,
        "floors": 1,
        "vegetation_pct": 14,
        "encroachment_area_sqm": 0,
        "encroachment_status": "None",
        "previous": {
          "observed_on": "2026-03-05",
          "built_up_area_sqm": 102.3,
          "vegetation_pct": 22,
          "encroachment_area_sqm": 0
        },
        "assessed_value_inr": 43400000,
        "last_updated": "2026-09-01",
        "data_source": "Demonstration data — synthetic, not an official land record",
        "data_quality": "DEMO"
      }
    },
    {
      "type": "Feature",
      "id": "IND-TN-CHN-DEMO-0059",
      "geometry": {
        "type": "Polygon",
        "coordinates": [
          [
            [
              80.23479618248179,
              13.04140025152713
            ],
            [
              80.23489761304205,
              13.04140025152713
            ],
            [
              80.23489761304205,
              13.041552964426877
            ],
            [
              80.23479618248179,
              13.041552964426877
            ],
            [
              80.23479618248179,
              13.04140025152713
            ]
          ]
        ]
      },
      "properties": {
        "parcel_id": "IND-TN-CHN-DEMO-0059",
        "survey_no": "T.S. No. 1159",
        "subdivision_no": "6",
        "state": "Tamil Nadu",
        "district": "Chennai",
        "taluk": "Mambalam",
        "village_ward": "Ward 124, T. Nagar",
        "local_body": "Greater Chennai Corporation",
        "pin_code": "600017",
        "city": "Chennai",
        "locality": "T. Nagar",
        "address": "Plot 11, Bazullah Rd, T. Nagar",
        "land_use": "Commercial",
        "observed_use": "Commercial",
        "zoning_code": "C2",
        "zoning_description": "General Commercial Use Zone",
        "development_status": "Under review",
        "tenure_class": "Private",
        "agri_status": "Non-agricultural",
        "ownership_status": "On record (details not public in this dataset)",
        "owner_record_available": false,
        "ownership_type": "Individual / private",
        "last_verified": "2026-09-01",
        "area_sqm": 186.6,
        "area_sqft": 2008,
        "perimeter_m": 56,
        "reference_area_sqm": 192.7,
        "reference_area_sqft": 2074,
        "discrepancy_area_sqm": 6.1,
        "discrepancy_pct": 3.15,
        "boundary_confidence": 0.58,
        "boundary_confidence_label": "Medium",
        "boundary_source": "Derived — regular grid aligned to a real basemap location",
        "built_up_area_sqm": 155.2,
        "built_up_pct": 83.2,
        "floors": 5,
        "vegetation_pct": 5,
        "encroachment_area_sqm": 15.8,
        "encroachment_status": "Moderate",
        "previous": {
          "observed_on": "2026-03-05",
          "built_up_area_sqm": 134,
          "vegetation_pct": 12,
          "encroachment_area_sqm": 9.5
        },
        "assessed_value_inr": 83700000,
        "last_updated": "2026-09-01",
        "data_source": "Demonstration data — synthetic, not an official land record",
        "data_quality": "DEMO"
      }
    },
    {
      "type": "Feature",
      "id": "IND-TN-CHN-DEMO-0060",
      "geometry": {
        "type": "Polygon",
        "coordinates": [
          [
            [
              80.23496215976222,
              13.04140025152713
            ],
            [
              80.23506359032248,
              13.04140025152713
            ],
            [
              80.23506359032248,
              13.041552964426877
            ],
            [
              80.23496215976222,
              13.041552964426877
            ],
            [
              80.23496215976222,
              13.04140025152713
            ]
          ]
        ]
      },
      "properties": {
        "parcel_id": "IND-TN-CHN-DEMO-0060",
        "survey_no": "T.S. No. 1162",
        "subdivision_no": "7",
        "state": "Tamil Nadu",
        "district": "Chennai",
        "taluk": "Mambalam",
        "village_ward": "Ward 124, T. Nagar",
        "local_body": "Greater Chennai Corporation",
        "pin_code": "600017",
        "city": "Chennai",
        "locality": "T. Nagar",
        "address": "Plot 12, Bazullah Rd, T. Nagar",
        "land_use": "Institutional",
        "observed_use": "Institutional",
        "zoning_code": "I1",
        "zoning_description": "Institutional Use Zone",
        "development_status": "Developed",
        "tenure_class": "Institutional",
        "agri_status": "Non-agricultural",
        "ownership_status": "On record (details not public in this dataset)",
        "owner_record_available": false,
        "ownership_type": "Institutional",
        "last_verified": "2026-09-01",
        "area_sqm": 186.6,
        "area_sqft": 2008,
        "perimeter_m": 56,
        "reference_area_sqm": 179,
        "reference_area_sqft": 1926,
        "discrepancy_area_sqm": 7.6,
        "discrepancy_pct": 4.26,
        "boundary_confidence": 0.88,
        "boundary_confidence_label": "High",
        "boundary_source": "Derived — regular grid aligned to a real basemap location",
        "built_up_area_sqm": 67.8,
        "built_up_pct": 36.3,
        "floors": 4,
        "vegetation_pct": 39,
        "encroachment_area_sqm": 14.7,
        "encroachment_status": "Moderate",
        "previous": {
          "observed_on": "2026-03-05",
          "built_up_area_sqm": 64.5,
          "vegetation_pct": 44,
          "encroachment_area_sqm": 8.8
        },
        "assessed_value_inr": 31600000,
        "last_updated": "2026-09-01",
        "data_source": "Demonstration data — synthetic, not an official land record",
        "data_quality": "DEMO"
      }
    },
    {
      "type": "Feature",
      "id": "IND-TN-CHN-DEMO-0061",
      "geometry": {
        "type": "Polygon",
        "coordinates": [
          [
            [
              80.23313640967753,
              13.041615846209128
            ],
            [
              80.23323784023779,
              13.041615846209128
            ],
            [
              80.23323784023779,
              13.041768559108876
            ],
            [
              80.23313640967753,
              13.041768559108876
            ],
            [
              80.23313640967753,
              13.041615846209128
            ]
          ]
        ]
      },
      "properties": {
        "parcel_id": "IND-TN-CHN-DEMO-0061",
        "survey_no": "T.S. No. 1164",
        "subdivision_no": "8",
        "state": "Tamil Nadu",
        "district": "Chennai",
        "taluk": "Mambalam",
        "village_ward": "Ward 125, T. Nagar",
        "local_body": "Greater Chennai Corporation",
        "pin_code": "600017",
        "city": "Chennai",
        "locality": "T. Nagar",
        "address": "Plot 1, Burkit Rd, T. Nagar",
        "land_use": "Residential",
        "observed_use": "Residential",
        "zoning_code": "R1",
        "zoning_description": "Primary Residential Use Zone",
        "development_status": "Developed",
        "tenure_class": "Government",
        "agri_status": "Non-agricultural",
        "ownership_status": "On record (details not public in this dataset)",
        "owner_record_available": false,
        "ownership_type": "Government",
        "last_verified": "2026-09-01",
        "area_sqm": 186.6,
        "area_sqft": 2008,
        "perimeter_m": 56,
        "reference_area_sqm": 175.4,
        "reference_area_sqft": 1888,
        "discrepancy_area_sqm": 11.2,
        "discrepancy_pct": 6.4,
        "boundary_confidence": 0.72,
        "boundary_confidence_label": "Medium",
        "boundary_source": "Derived — regular grid aligned to a real basemap location",
        "built_up_area_sqm": 124.5,
        "built_up_pct": 66.7,
        "floors": 2,
        "vegetation_pct": 22,
        "encroachment_area_sqm": 0,
        "encroachment_status": "None",
        "previous": {
          "observed_on": "2026-03-05",
          "built_up_area_sqm": 105.9,
          "vegetation_pct": 31,
          "encroachment_area_sqm": 0
        },
        "assessed_value_inr": 50900000,
        "last_updated": "2026-09-01",
        "data_source": "Demonstration data — synthetic, not an official land record",
        "data_quality": "DEMO"
      }
    },
    {
      "type": "Feature",
      "id": "IND-TN-CHN-DEMO-0062",
      "geometry": {
        "type": "Polygon",
        "coordinates": [
          [
            [
              80.23330238695796,
              13.041615846209128
            ],
            [
              80.23340381751822,
              13.041615846209128
            ],
            [
              80.23340381751822,
              13.041768559108876
            ],
            [
              80.23330238695796,
              13.041768559108876
            ],
            [
              80.23330238695796,
              13.041615846209128
            ]
          ]
        ]
      },
      "properties": {
        "parcel_id": "IND-TN-CHN-DEMO-0062",
        "survey_no": "T.S. No. 1167",
        "subdivision_no": "9",
        "state": "Tamil Nadu",
        "district": "Chennai",
        "taluk": "Mambalam",
        "village_ward": "Ward 125, T. Nagar",
        "local_body": "Greater Chennai Corporation",
        "pin_code": "600017",
        "city": "Chennai",
        "locality": "T. Nagar",
        "address": "Plot 2, Burkit Rd, T. Nagar",
        "land_use": "Residential",
        "observed_use": "Residential",
        "zoning_code": "R1",
        "zoning_description": "Primary Residential Use Zone",
        "development_status": "Developed",
        "tenure_class": "Institutional",
        "agri_status": "Non-agricultural",
        "ownership_status": "On record (details not public in this dataset)",
        "owner_record_available": false,
        "ownership_type": "Institutional",
        "last_verified": "2026-09-01",
        "area_sqm": 186.6,
        "area_sqft": 2008,
        "perimeter_m": 56,
        "reference_area_sqm": 189.3,
        "reference_area_sqft": 2037,
        "discrepancy_area_sqm": 2.7,
        "discrepancy_pct": 1.43,
        "boundary_confidence": 0.78,
        "boundary_confidence_label": "Medium",
        "boundary_source": "Derived — regular grid aligned to a real basemap location",
        "built_up_area_sqm": 106.3,
        "built_up_pct": 57,
        "floors": 2,
        "vegetation_pct": 29,
        "encroachment_area_sqm": 17.1,
        "encroachment_status": "Moderate",
        "previous": {
          "observed_on": "2026-03-05",
          "built_up_area_sqm": 101.3,
          "vegetation_pct": 36,
          "encroachment_area_sqm": 10.3
        },
        "assessed_value_inr": 44700000,
        "last_updated": "2026-09-01",
        "data_source": "Demonstration data — synthetic, not an official land record",
        "data_quality": "DEMO"
      }
    },
    {
      "type": "Feature",
      "id": "IND-TN-CHN-DEMO-0063",
      "geometry": {
        "type": "Polygon",
        "coordinates": [
          [
            [
              80.23346836423838,
              13.041615846209128
            ],
            [
              80.23356979479864,
              13.041615846209128
            ],
            [
              80.23356979479864,
              13.041768559108876
            ],
            [
              80.23346836423838,
              13.041768559108876
            ],
            [
              80.23346836423838,
              13.041615846209128
            ]
          ]
        ]
      },
      "properties": {
        "parcel_id": "IND-TN-CHN-DEMO-0063",
        "survey_no": "T.S. No. 1170",
        "subdivision_no": "1",
        "state": "Tamil Nadu",
        "district": "Chennai",
        "taluk": "Mambalam",
        "village_ward": "Ward 125, T. Nagar",
        "local_body": "Greater Chennai Corporation",
        "pin_code": "600017",
        "city": "Chennai",
        "locality": "T. Nagar",
        "address": "Plot 3, Burkit Rd, T. Nagar",
        "land_use": "Residential",
        "observed_use": "Residential",
        "zoning_code": "R1",
        "zoning_description": "Primary Residential Use Zone",
        "development_status": "Developed",
        "tenure_class": "Private",
        "agri_status": "Non-agricultural",
        "ownership_status": "On record (details not public in this dataset)",
        "owner_record_available": false,
        "ownership_type": "Individual / private",
        "last_verified": "2026-09-01",
        "area_sqm": 186.6,
        "area_sqft": 2008,
        "perimeter_m": 56,
        "reference_area_sqm": 186.7,
        "reference_area_sqft": 2010,
        "discrepancy_area_sqm": 0.2,
        "discrepancy_pct": 0.09,
        "boundary_confidence": 0.47,
        "boundary_confidence_label": "Low",
        "boundary_source": "Derived — regular grid aligned to a real basemap location",
        "built_up_area_sqm": 119.2,
        "built_up_pct": 63.9,
        "floors": 2,
        "vegetation_pct": 18,
        "encroachment_area_sqm": 4.6,
        "encroachment_status": "Minor",
        "previous": {
          "observed_on": "2026-03-05",
          "built_up_area_sqm": 109.5,
          "vegetation_pct": 25,
          "encroachment_area_sqm": 2.8
        },
        "assessed_value_inr": 45800000,
        "last_updated": "2026-09-01",
        "data_source": "Demonstration data — synthetic, not an official land record",
        "data_quality": "DEMO"
      }
    },
    {
      "type": "Feature",
      "id": "IND-TN-CHN-DEMO-0064",
      "geometry": {
        "type": "Polygon",
        "coordinates": [
          [
            [
              80.23363434151881,
              13.041615846209128
            ],
            [
              80.23373577207907,
              13.041615846209128
            ],
            [
              80.23373577207907,
              13.041768559108876
            ],
            [
              80.23363434151881,
              13.041768559108876
            ],
            [
              80.23363434151881,
              13.041615846209128
            ]
          ]
        ]
      },
      "properties": {
        "parcel_id": "IND-TN-CHN-DEMO-0064",
        "survey_no": "T.S. No. 1172",
        "subdivision_no": "2",
        "state": "Tamil Nadu",
        "district": "Chennai",
        "taluk": "Mambalam",
        "village_ward": "Ward 125, T. Nagar",
        "local_body": "Greater Chennai Corporation",
        "pin_code": "600017",
        "city": "Chennai",
        "locality": "T. Nagar",
        "address": "Plot 4, Burkit Rd, T. Nagar",
        "land_use": "Public/Semi-Public",
        "observed_use": "Public/Semi-Public",
        "zoning_code": "PSP",
        "zoning_description": "Public & Semi-Public Use Zone",
        "development_status": "Developed",
        "tenure_class": "Public",
        "agri_status": "Non-agricultural",
        "ownership_status": "On record (details not public in this dataset)",
        "owner_record_available": false,
        "ownership_type": "Public",
        "last_verified": "2026-09-01",
        "area_sqm": 186.6,
        "area_sqft": 2008,
        "perimeter_m": 56,
        "reference_area_sqm": 190.4,
        "reference_area_sqft": 2050,
        "discrepancy_area_sqm": 3.9,
        "discrepancy_pct": 2.03,
        "boundary_confidence": 0.69,
        "boundary_confidence_label": "Medium",
        "boundary_source": "Derived — regular grid aligned to a real basemap location",
        "built_up_area_sqm": 62,
        "built_up_pct": 33.3,
        "floors": 1,
        "vegetation_pct": 35,
        "encroachment_area_sqm": 0,
        "encroachment_status": "None",
        "previous": {
          "observed_on": "2026-03-05",
          "built_up_area_sqm": 52.4,
          "vegetation_pct": 42,
          "encroachment_area_sqm": 0
        },
        "assessed_value_inr": 12200000,
        "last_updated": "2026-09-01",
        "data_source": "Demonstration data — synthetic, not an official land record",
        "data_quality": "DEMO"
      }
    },
    {
      "type": "Feature",
      "id": "IND-TN-CHN-DEMO-0065",
      "geometry": {
        "type": "Polygon",
        "coordinates": [
          [
            [
              80.23380031879923,
              13.041615846209128
            ],
            [
              80.23390174935949,
              13.041615846209128
            ],
            [
              80.23390174935949,
              13.041768559108876
            ],
            [
              80.23380031879923,
              13.041768559108876
            ],
            [
              80.23380031879923,
              13.041615846209128
            ]
          ]
        ]
      },
      "properties": {
        "parcel_id": "IND-TN-CHN-DEMO-0065",
        "survey_no": "T.S. No. 1175",
        "subdivision_no": "3",
        "state": "Tamil Nadu",
        "district": "Chennai",
        "taluk": "Mambalam",
        "village_ward": "Ward 125, T. Nagar",
        "local_body": "Greater Chennai Corporation",
        "pin_code": "600017",
        "city": "Chennai",
        "locality": "T. Nagar",
        "address": "Plot 5, Burkit Rd, T. Nagar",
        "land_use": "Vacant",
        "observed_use": "No active use observed",
        "zoning_code": "R1",
        "zoning_description": "Primary Residential Use Zone (undeveloped)",
        "development_status": "Vacant / Undeveloped",
        "tenure_class": "Private",
        "agri_status": "Non-agricultural",
        "ownership_status": "On record (details not public in this dataset)",
        "owner_record_available": false,
        "ownership_type": "Individual / private",
        "last_verified": "2026-09-01",
        "area_sqm": 186.6,
        "area_sqft": 2008,
        "perimeter_m": 56,
        "reference_area_sqm": 177.7,
        "reference_area_sqft": 1913,
        "discrepancy_area_sqm": 8.8,
        "discrepancy_pct": 4.98,
        "boundary_confidence": 0.52,
        "boundary_confidence_label": "Low",
        "boundary_source": "Derived — regular grid aligned to a real basemap location",
        "built_up_area_sqm": 0.4,
        "built_up_pct": 0.2,
        "floors": 0,
        "vegetation_pct": 63,
        "encroachment_area_sqm": 0,
        "encroachment_status": "None",
        "previous": {
          "observed_on": "2026-03-05",
          "built_up_area_sqm": 0.3,
          "vegetation_pct": 69,
          "encroachment_area_sqm": 0
        },
        "assessed_value_inr": 40000000,
        "last_updated": "2026-09-01",
        "data_source": "Demonstration data — synthetic, not an official land record",
        "data_quality": "DEMO"
      }
    },
    {
      "type": "Feature",
      "id": "IND-TN-CHN-DEMO-0066",
      "geometry": {
        "type": "Polygon",
        "coordinates": [
          [
            [
              80.23396629607966,
              13.041615846209128
            ],
            [
              80.23406772663992,
              13.041615846209128
            ],
            [
              80.23406772663992,
              13.041768559108876
            ],
            [
              80.23396629607966,
              13.041768559108876
            ],
            [
              80.23396629607966,
              13.041615846209128
            ]
          ]
        ]
      },
      "properties": {
        "parcel_id": "IND-TN-CHN-DEMO-0066",
        "survey_no": "T.S. No. 1178",
        "subdivision_no": "4",
        "state": "Tamil Nadu",
        "district": "Chennai",
        "taluk": "Mambalam",
        "village_ward": "Ward 125, T. Nagar",
        "local_body": "Greater Chennai Corporation",
        "pin_code": "600017",
        "city": "Chennai",
        "locality": "T. Nagar",
        "address": "Plot 6, Burkit Rd, T. Nagar",
        "land_use": "Residential",
        "observed_use": "Residential",
        "zoning_code": "R1",
        "zoning_description": "Primary Residential Use Zone",
        "development_status": "Developed",
        "tenure_class": "Institutional",
        "agri_status": "Non-agricultural",
        "ownership_status": "On record (details not public in this dataset)",
        "owner_record_available": false,
        "ownership_type": "Institutional",
        "last_verified": "2026-09-01",
        "area_sqm": 186.6,
        "area_sqft": 2008,
        "perimeter_m": 56,
        "reference_area_sqm": 192.5,
        "reference_area_sqft": 2072,
        "discrepancy_area_sqm": 5.9,
        "discrepancy_pct": 3.07,
        "boundary_confidence": 0.89,
        "boundary_confidence_label": "High",
        "boundary_source": "Derived — regular grid aligned to a real basemap location",
        "built_up_area_sqm": 120.7,
        "built_up_pct": 64.7,
        "floors": 2,
        "vegetation_pct": 18,
        "encroachment_area_sqm": 0,
        "encroachment_status": "None",
        "previous": {
          "observed_on": "2026-03-05",
          "built_up_area_sqm": 98.8,
          "vegetation_pct": 25,
          "encroachment_area_sqm": 0
        },
        "assessed_value_inr": 45600000,
        "last_updated": "2026-09-01",
        "data_source": "Demonstration data — synthetic, not an official land record",
        "data_quality": "DEMO"
      }
    },
    {
      "type": "Feature",
      "id": "IND-TN-CHN-DEMO-0067",
      "geometry": {
        "type": "Polygon",
        "coordinates": [
          [
            [
              80.23413227336009,
              13.041615846209128
            ],
            [
              80.23423370392035,
              13.041615846209128
            ],
            [
              80.23423370392035,
              13.041768559108876
            ],
            [
              80.23413227336009,
              13.041768559108876
            ],
            [
              80.23413227336009,
              13.041615846209128
            ]
          ]
        ]
      },
      "properties": {
        "parcel_id": "IND-TN-CHN-DEMO-0067",
        "survey_no": "T.S. No. 1180",
        "subdivision_no": "5",
        "state": "Tamil Nadu",
        "district": "Chennai",
        "taluk": "Mambalam",
        "village_ward": "Ward 125, T. Nagar",
        "local_body": "Greater Chennai Corporation",
        "pin_code": "600017",
        "city": "Chennai",
        "locality": "T. Nagar",
        "address": "Plot 7, Burkit Rd, T. Nagar",
        "land_use": "Open Space",
        "observed_use": "Open Space",
        "zoning_code": "OSR",
        "zoning_description": "Open Space & Recreation Zone",
        "development_status": "Vacant / Undeveloped",
        "tenure_class": "Public",
        "agri_status": "Non-agricultural",
        "ownership_status": "On record (details not public in this dataset)",
        "owner_record_available": false,
        "ownership_type": "Public",
        "last_verified": "2026-09-01",
        "area_sqm": 186.6,
        "area_sqft": 2008,
        "perimeter_m": 56,
        "reference_area_sqm": 193.4,
        "reference_area_sqft": 2082,
        "discrepancy_area_sqm": 6.8,
        "discrepancy_pct": 3.54,
        "boundary_confidence": 0.72,
        "boundary_confidence_label": "Medium",
        "boundary_source": "Derived — regular grid aligned to a real basemap location",
        "built_up_area_sqm": 4.4,
        "built_up_pct": 2.4,
        "floors": 0,
        "vegetation_pct": 58,
        "encroachment_area_sqm": 0,
        "encroachment_status": "None",
        "previous": {
          "observed_on": "2026-03-05",
          "built_up_area_sqm": 3.7,
          "vegetation_pct": 59,
          "encroachment_area_sqm": 0
        },
        "assessed_value_inr": 6100000,
        "last_updated": "2026-09-01",
        "data_source": "Demonstration data — synthetic, not an official land record",
        "data_quality": "DEMO"
      }
    },
    {
      "type": "Feature",
      "id": "IND-TN-CHN-DEMO-0068",
      "geometry": {
        "type": "Polygon",
        "coordinates": [
          [
            [
              80.2342982506405,
              13.041615846209128
            ],
            [
              80.23439968120077,
              13.041615846209128
            ],
            [
              80.23439968120077,
              13.041768559108876
            ],
            [
              80.2342982506405,
              13.041768559108876
            ],
            [
              80.2342982506405,
              13.041615846209128
            ]
          ]
        ]
      },
      "properties": {
        "parcel_id": "IND-TN-CHN-DEMO-0068",
        "survey_no": "T.S. No. 1183",
        "subdivision_no": "6",
        "state": "Tamil Nadu",
        "district": "Chennai",
        "taluk": "Mambalam",
        "village_ward": "Ward 125, T. Nagar",
        "local_body": "Greater Chennai Corporation",
        "pin_code": "600017",
        "city": "Chennai",
        "locality": "T. Nagar",
        "address": "Plot 8, Burkit Rd, T. Nagar",
        "land_use": "Open Space",
        "observed_use": "Open Space",
        "zoning_code": "OSR",
        "zoning_description": "Open Space & Recreation Zone",
        "development_status": "Vacant / Undeveloped",
        "tenure_class": "Public",
        "agri_status": "Non-agricultural",
        "ownership_status": "On record (details not public in this dataset)",
        "owner_record_available": false,
        "ownership_type": "Public",
        "last_verified": "2026-09-01",
        "area_sqm": 186.6,
        "area_sqft": 2008,
        "perimeter_m": 56,
        "reference_area_sqm": 178.4,
        "reference_area_sqft": 1921,
        "discrepancy_area_sqm": 8.1,
        "discrepancy_pct": 4.56,
        "boundary_confidence": 0.47,
        "boundary_confidence_label": "Low",
        "boundary_source": "Derived — regular grid aligned to a real basemap location",
        "built_up_area_sqm": 3,
        "built_up_pct": 1.6,
        "floors": 0,
        "vegetation_pct": 82,
        "encroachment_area_sqm": 0,
        "encroachment_status": "None",
        "previous": {
          "observed_on": "2026-03-05",
          "built_up_area_sqm": 2.8,
          "vegetation_pct": 89,
          "encroachment_area_sqm": 0
        },
        "assessed_value_inr": 6100000,
        "last_updated": "2026-09-01",
        "data_source": "Demonstration data — synthetic, not an official land record",
        "data_quality": "DEMO"
      }
    },
    {
      "type": "Feature",
      "id": "IND-TN-CHN-DEMO-0069",
      "geometry": {
        "type": "Polygon",
        "coordinates": [
          [
            [
              80.23446422792094,
              13.041615846209128
            ],
            [
              80.2345656584812,
              13.041615846209128
            ],
            [
              80.2345656584812,
              13.041768559108876
            ],
            [
              80.23446422792094,
              13.041768559108876
            ],
            [
              80.23446422792094,
              13.041615846209128
            ]
          ]
        ]
      },
      "properties": {
        "parcel_id": "IND-TN-CHN-DEMO-0069",
        "survey_no": "T.S. No. 1186",
        "subdivision_no": "7",
        "state": "Tamil Nadu",
        "district": "Chennai",
        "taluk": "Mambalam",
        "village_ward": "Ward 125, T. Nagar",
        "local_body": "Greater Chennai Corporation",
        "pin_code": "600017",
        "city": "Chennai",
        "locality": "T. Nagar",
        "address": "Plot 9, Burkit Rd, T. Nagar",
        "land_use": "Commercial",
        "observed_use": "Commercial",
        "zoning_code": "C2",
        "zoning_description": "General Commercial Use Zone",
        "development_status": "Developed",
        "tenure_class": "Private",
        "agri_status": "Non-agricultural",
        "ownership_status": "On record (details not public in this dataset)",
        "owner_record_available": false,
        "ownership_type": "Individual / private",
        "last_verified": "2026-09-01",
        "area_sqm": 186.6,
        "area_sqft": 2008,
        "perimeter_m": 56,
        "reference_area_sqm": 195.4,
        "reference_area_sqft": 2103,
        "discrepancy_area_sqm": 8.8,
        "discrepancy_pct": 4.52,
        "boundary_confidence": 0.56,
        "boundary_confidence_label": "Medium",
        "boundary_source": "Derived — regular grid aligned to a real basemap location",
        "built_up_area_sqm": 130.3,
        "built_up_pct": 69.8,
        "floors": 4,
        "vegetation_pct": 2,
        "encroachment_area_sqm": 0,
        "encroachment_status": "None",
        "previous": {
          "observed_on": "2026-03-05",
          "built_up_area_sqm": 113.3,
          "vegetation_pct": 11,
          "encroachment_area_sqm": 0
        },
        "assessed_value_inr": 65800000,
        "last_updated": "2026-09-01",
        "data_source": "Demonstration data — synthetic, not an official land record",
        "data_quality": "DEMO"
      }
    },
    {
      "type": "Feature",
      "id": "IND-TN-CHN-DEMO-0070",
      "geometry": {
        "type": "Polygon",
        "coordinates": [
          [
            [
              80.23463020520136,
              13.041615846209128
            ],
            [
              80.23473163576162,
              13.041615846209128
            ],
            [
              80.23473163576162,
              13.041768559108876
            ],
            [
              80.23463020520136,
              13.041768559108876
            ],
            [
              80.23463020520136,
              13.041615846209128
            ]
          ]
        ]
      },
      "properties": {
        "parcel_id": "IND-TN-CHN-DEMO-0070",
        "survey_no": "T.S. No. 1189",
        "subdivision_no": "8",
        "state": "Tamil Nadu",
        "district": "Chennai",
        "taluk": "Mambalam",
        "village_ward": "Ward 125, T. Nagar",
        "local_body": "Greater Chennai Corporation",
        "pin_code": "600017",
        "city": "Chennai",
        "locality": "T. Nagar",
        "address": "Plot 10, Burkit Rd, T. Nagar",
        "land_use": "Residential",
        "observed_use": "Residential",
        "zoning_code": "R1",
        "zoning_description": "Primary Residential Use Zone",
        "development_status": "Developed — discrepancy flagged",
        "tenure_class": "Private",
        "agri_status": "Non-agricultural",
        "ownership_status": "On record (details not public in this dataset)",
        "owner_record_available": false,
        "ownership_type": "Individual / private",
        "last_verified": "2026-09-01",
        "area_sqm": 186.6,
        "area_sqft": 2008,
        "perimeter_m": 56,
        "reference_area_sqm": 192.5,
        "reference_area_sqft": 2072,
        "discrepancy_area_sqm": 5.9,
        "discrepancy_pct": 3.07,
        "boundary_confidence": 0.52,
        "boundary_confidence_label": "Low",
        "boundary_source": "Derived — regular grid aligned to a real basemap location",
        "built_up_area_sqm": 88.8,
        "built_up_pct": 47.6,
        "floors": 2,
        "vegetation_pct": 12,
        "encroachment_area_sqm": 44.5,
        "encroachment_status": "Significant",
        "previous": {
          "observed_on": "2026-03-05",
          "built_up_area_sqm": 83.9,
          "vegetation_pct": 19,
          "encroachment_area_sqm": 0
        },
        "assessed_value_inr": 44500000,
        "last_updated": "2026-09-01",
        "data_source": "Demonstration data — synthetic, not an official land record",
        "data_quality": "DEMO"
      }
    },
    {
      "type": "Feature",
      "id": "IND-TN-CHN-DEMO-0071",
      "geometry": {
        "type": "Polygon",
        "coordinates": [
          [
            [
              80.23479618248179,
              13.041615846209128
            ],
            [
              80.23489761304205,
              13.041615846209128
            ],
            [
              80.23489761304205,
              13.041768559108876
            ],
            [
              80.23479618248179,
              13.041768559108876
            ],
            [
              80.23479618248179,
              13.041615846209128
            ]
          ]
        ]
      },
      "properties": {
        "parcel_id": "IND-TN-CHN-DEMO-0071",
        "survey_no": "T.S. No. 1191",
        "subdivision_no": "9",
        "state": "Tamil Nadu",
        "district": "Chennai",
        "taluk": "Mambalam",
        "village_ward": "Ward 125, T. Nagar",
        "local_body": "Greater Chennai Corporation",
        "pin_code": "600017",
        "city": "Chennai",
        "locality": "T. Nagar",
        "address": "Plot 11, Burkit Rd, T. Nagar",
        "land_use": "Residential",
        "observed_use": "Residential",
        "zoning_code": "R1",
        "zoning_description": "Primary Residential Use Zone",
        "development_status": "Developed",
        "tenure_class": "Public",
        "agri_status": "Non-agricultural",
        "ownership_status": "On record (details not public in this dataset)",
        "owner_record_available": false,
        "ownership_type": "Public",
        "last_verified": "2026-09-01",
        "area_sqm": 186.6,
        "area_sqft": 2008,
        "perimeter_m": 56,
        "reference_area_sqm": 198.4,
        "reference_area_sqft": 2135,
        "discrepancy_area_sqm": 11.8,
        "discrepancy_pct": 5.95,
        "boundary_confidence": 0.82,
        "boundary_confidence_label": "High",
        "boundary_source": "Derived — regular grid aligned to a real basemap location",
        "built_up_area_sqm": 102.1,
        "built_up_pct": 54.7,
        "floors": 2,
        "vegetation_pct": 27,
        "encroachment_area_sqm": 0,
        "encroachment_status": "None",
        "previous": {
          "observed_on": "2026-03-05",
          "built_up_area_sqm": 92.4,
          "vegetation_pct": 30,
          "encroachment_area_sqm": 0
        },
        "assessed_value_inr": 41300000,
        "last_updated": "2026-09-01",
        "data_source": "Demonstration data — synthetic, not an official land record",
        "data_quality": "DEMO"
      }
    },
    {
      "type": "Feature",
      "id": "IND-TN-CHN-DEMO-0072",
      "geometry": {
        "type": "Polygon",
        "coordinates": [
          [
            [
              80.23496215976222,
              13.041615846209128
            ],
            [
              80.23506359032248,
              13.041615846209128
            ],
            [
              80.23506359032248,
              13.041768559108876
            ],
            [
              80.23496215976222,
              13.041768559108876
            ],
            [
              80.23496215976222,
              13.041615846209128
            ]
          ]
        ]
      },
      "properties": {
        "parcel_id": "IND-TN-CHN-DEMO-0072",
        "survey_no": "T.S. No. 1194",
        "subdivision_no": "1",
        "state": "Tamil Nadu",
        "district": "Chennai",
        "taluk": "Mambalam",
        "village_ward": "Ward 125, T. Nagar",
        "local_body": "Greater Chennai Corporation",
        "pin_code": "600017",
        "city": "Chennai",
        "locality": "T. Nagar",
        "address": "Plot 12, Burkit Rd, T. Nagar",
        "land_use": "Residential",
        "observed_use": "Residential",
        "zoning_code": "R1",
        "zoning_description": "Primary Residential Use Zone",
        "development_status": "Developed",
        "tenure_class": "Institutional",
        "agri_status": "Non-agricultural",
        "ownership_status": "On record (details not public in this dataset)",
        "owner_record_available": false,
        "ownership_type": "Institutional",
        "last_verified": "2026-09-01",
        "area_sqm": 186.6,
        "area_sqft": 2008,
        "perimeter_m": 56,
        "reference_area_sqm": 199.3,
        "reference_area_sqft": 2146,
        "discrepancy_area_sqm": 12.7,
        "discrepancy_pct": 6.4,
        "boundary_confidence": 0.54,
        "boundary_confidence_label": "Low",
        "boundary_source": "Derived — regular grid aligned to a real basemap location",
        "built_up_area_sqm": 111.3,
        "built_up_pct": 59.7,
        "floors": 2,
        "vegetation_pct": 20,
        "encroachment_area_sqm": 0,
        "encroachment_status": "None",
        "previous": {
          "observed_on": "2026-03-05",
          "built_up_area_sqm": 93.6,
          "vegetation_pct": 28,
          "encroachment_area_sqm": 0
        },
        "assessed_value_inr": 44100000,
        "last_updated": "2026-09-01",
        "data_source": "Demonstration data — synthetic, not an official land record",
        "data_quality": "DEMO"
      }
    },
    {
      "type": "Feature",
      "id": "IND-TN-CHN-DEMO-0073",
      "geometry": {
        "type": "Polygon",
        "coordinates": [
          [
            [
              80.23313640967753,
              13.041831440891125
            ],
            [
              80.23323784023779,
              13.041831440891125
            ],
            [
              80.23323784023779,
              13.041984153790873
            ],
            [
              80.23313640967753,
              13.041984153790873
            ],
            [
              80.23313640967753,
              13.041831440891125
            ]
          ]
        ]
      },
      "properties": {
        "parcel_id": "IND-TN-CHN-DEMO-0073",
        "survey_no": "T.S. No. 1197",
        "subdivision_no": "2",
        "state": "Tamil Nadu",
        "district": "Chennai",
        "taluk": "Mambalam",
        "village_ward": "Ward 126, T. Nagar",
        "local_body": "Greater Chennai Corporation",
        "pin_code": "600017",
        "city": "Chennai",
        "locality": "T. Nagar",
        "address": "Plot 1, North Boag Rd, T. Nagar",
        "land_use": "Residential",
        "observed_use": "Residential",
        "zoning_code": "R1",
        "zoning_description": "Primary Residential Use Zone",
        "development_status": "Developed",
        "tenure_class": "Private",
        "agri_status": "Non-agricultural",
        "ownership_status": "On record (details not public in this dataset)",
        "owner_record_available": false,
        "ownership_type": "Individual / private",
        "last_verified": "2026-09-01",
        "area_sqm": 186.6,
        "area_sqft": 2008,
        "perimeter_m": 56,
        "reference_area_sqm": 179,
        "reference_area_sqft": 1926,
        "discrepancy_area_sqm": 7.6,
        "discrepancy_pct": 4.26,
        "boundary_confidence": 0.69,
        "boundary_confidence_label": "Medium",
        "boundary_source": "Derived — regular grid aligned to a real basemap location",
        "built_up_area_sqm": 84.4,
        "built_up_pct": 45.2,
        "floors": 3,
        "vegetation_pct": 16,
        "encroachment_area_sqm": 0,
        "encroachment_status": "None",
        "previous": {
          "observed_on": "2026-03-05",
          "built_up_area_sqm": 73.7,
          "vegetation_pct": 22,
          "encroachment_area_sqm": 0
        },
        "assessed_value_inr": 43500000,
        "last_updated": "2026-09-01",
        "data_source": "Demonstration data — synthetic, not an official land record",
        "data_quality": "DEMO"
      }
    },
    {
      "type": "Feature",
      "id": "IND-TN-CHN-DEMO-0074",
      "geometry": {
        "type": "Polygon",
        "coordinates": [
          [
            [
              80.23330238695796,
              13.041831440891125
            ],
            [
              80.23340381751822,
              13.041831440891125
            ],
            [
              80.23340381751822,
              13.041984153790873
            ],
            [
              80.23330238695796,
              13.041984153790873
            ],
            [
              80.23330238695796,
              13.041831440891125
            ]
          ]
        ]
      },
      "properties": {
        "parcel_id": "IND-TN-CHN-DEMO-0074",
        "survey_no": "T.S. No. 1199",
        "subdivision_no": "3",
        "state": "Tamil Nadu",
        "district": "Chennai",
        "taluk": "Mambalam",
        "village_ward": "Ward 126, T. Nagar",
        "local_body": "Greater Chennai Corporation",
        "pin_code": "600017",
        "city": "Chennai",
        "locality": "T. Nagar",
        "address": "Plot 2, North Boag Rd, T. Nagar",
        "land_use": "Commercial",
        "observed_use": "Commercial",
        "zoning_code": "C2",
        "zoning_description": "General Commercial Use Zone",
        "development_status": "Developed",
        "tenure_class": "Private",
        "agri_status": "Non-agricultural",
        "ownership_status": "On record (details not public in this dataset)",
        "owner_record_available": false,
        "ownership_type": "Individual / private",
        "last_verified": "2026-09-01",
        "area_sqm": 186.6,
        "area_sqft": 2008,
        "perimeter_m": 56,
        "reference_area_sqm": 186.1,
        "reference_area_sqft": 2003,
        "discrepancy_area_sqm": 0.5,
        "discrepancy_pct": 0.27,
        "boundary_confidence": 0.76,
        "boundary_confidence_label": "Medium",
        "boundary_source": "Derived — regular grid aligned to a real basemap location",
        "built_up_area_sqm": 129.8,
        "built_up_pct": 69.6,
        "floors": 6,
        "vegetation_pct": 0,
        "encroachment_area_sqm": 0,
        "encroachment_status": "None",
        "previous": {
          "observed_on": "2026-03-05",
          "built_up_area_sqm": 108.6,
          "vegetation_pct": 4,
          "encroachment_area_sqm": 0
        },
        "assessed_value_inr": 70100000,
        "last_updated": "2026-09-01",
        "data_source": "Demonstration data — synthetic, not an official land record",
        "data_quality": "DEMO"
      }
    },
    {
      "type": "Feature",
      "id": "IND-TN-CHN-DEMO-0075",
      "geometry": {
        "type": "Polygon",
        "coordinates": [
          [
            [
              80.23346836423838,
              13.041831440891125
            ],
            [
              80.23356979479864,
              13.041831440891125
            ],
            [
              80.23356979479864,
              13.041984153790873
            ],
            [
              80.23346836423838,
              13.041984153790873
            ],
            [
              80.23346836423838,
              13.041831440891125
            ]
          ]
        ]
      },
      "properties": {
        "parcel_id": "IND-TN-CHN-DEMO-0075",
        "survey_no": "T.S. No. 1202",
        "subdivision_no": "4",
        "state": "Tamil Nadu",
        "district": "Chennai",
        "taluk": "Mambalam",
        "village_ward": "Ward 126, T. Nagar",
        "local_body": "Greater Chennai Corporation",
        "pin_code": "600017",
        "city": "Chennai",
        "locality": "T. Nagar",
        "address": "Plot 3, North Boag Rd, T. Nagar",
        "land_use": "Institutional",
        "observed_use": "Institutional",
        "zoning_code": "I1",
        "zoning_description": "Institutional Use Zone",
        "development_status": "Developed — discrepancy flagged",
        "tenure_class": "Institutional",
        "agri_status": "Non-agricultural",
        "ownership_status": "On record (details not public in this dataset)",
        "owner_record_available": false,
        "ownership_type": "Institutional",
        "last_verified": "2026-09-01",
        "area_sqm": 186.6,
        "area_sqft": 2008,
        "perimeter_m": 56,
        "reference_area_sqm": 197.9,
        "reference_area_sqft": 2130,
        "discrepancy_area_sqm": 11.3,
        "discrepancy_pct": 5.7,
        "boundary_confidence": 0.44,
        "boundary_confidence_label": "Low",
        "boundary_source": "Derived — regular grid aligned to a real basemap location",
        "built_up_area_sqm": 59.6,
        "built_up_pct": 31.9,
        "floors": 2,
        "vegetation_pct": 19,
        "encroachment_area_sqm": 29.6,
        "encroachment_status": "Significant",
        "previous": {
          "observed_on": "2026-03-05",
          "built_up_area_sqm": 46.9,
          "vegetation_pct": 23,
          "encroachment_area_sqm": 0
        },
        "assessed_value_inr": 34100000,
        "last_updated": "2026-09-01",
        "data_source": "Demonstration data — synthetic, not an official land record",
        "data_quality": "DEMO"
      }
    },
    {
      "type": "Feature",
      "id": "IND-TN-CHN-DEMO-0076",
      "geometry": {
        "type": "Polygon",
        "coordinates": [
          [
            [
              80.23363434151881,
              13.041831440891125
            ],
            [
              80.23373577207907,
              13.041831440891125
            ],
            [
              80.23373577207907,
              13.041984153790873
            ],
            [
              80.23363434151881,
              13.041984153790873
            ],
            [
              80.23363434151881,
              13.041831440891125
            ]
          ]
        ]
      },
      "properties": {
        "parcel_id": "IND-TN-CHN-DEMO-0076",
        "survey_no": "T.S. No. 1205",
        "subdivision_no": "5",
        "state": "Tamil Nadu",
        "district": "Chennai",
        "taluk": "Mambalam",
        "village_ward": "Ward 126, T. Nagar",
        "local_body": "Greater Chennai Corporation",
        "pin_code": "600017",
        "city": "Chennai",
        "locality": "T. Nagar",
        "address": "Plot 4, North Boag Rd, T. Nagar",
        "land_use": "Open Space",
        "observed_use": "Open Space",
        "zoning_code": "OSR",
        "zoning_description": "Open Space & Recreation Zone",
        "development_status": "Partly developed",
        "tenure_class": "Public",
        "agri_status": "Non-agricultural",
        "ownership_status": "On record (details not public in this dataset)",
        "owner_record_available": false,
        "ownership_type": "Public",
        "last_verified": "2026-09-01",
        "area_sqm": 186.6,
        "area_sqft": 2008,
        "perimeter_m": 56,
        "reference_area_sqm": 192.3,
        "reference_area_sqft": 2070,
        "discrepancy_area_sqm": 5.7,
        "discrepancy_pct": 2.96,
        "boundary_confidence": 0.84,
        "boundary_confidence_label": "High",
        "boundary_source": "Derived — regular grid aligned to a real basemap location",
        "built_up_area_sqm": 10.8,
        "built_up_pct": 5.8,
        "floors": 0,
        "vegetation_pct": 68,
        "encroachment_area_sqm": 0,
        "encroachment_status": "None",
        "previous": {
          "observed_on": "2026-03-05",
          "built_up_area_sqm": 9.8,
          "vegetation_pct": 74,
          "encroachment_area_sqm": 0
        },
        "assessed_value_inr": 6100000,
        "last_updated": "2026-09-01",
        "data_source": "Demonstration data — synthetic, not an official land record",
        "data_quality": "DEMO"
      }
    },
    {
      "type": "Feature",
      "id": "IND-TN-CHN-DEMO-0077",
      "geometry": {
        "type": "Polygon",
        "coordinates": [
          [
            [
              80.23380031879923,
              13.041831440891125
            ],
            [
              80.23390174935949,
              13.041831440891125
            ],
            [
              80.23390174935949,
              13.041984153790873
            ],
            [
              80.23380031879923,
              13.041984153790873
            ],
            [
              80.23380031879923,
              13.041831440891125
            ]
          ]
        ]
      },
      "properties": {
        "parcel_id": "IND-TN-CHN-DEMO-0077",
        "survey_no": "T.S. No. 1207",
        "subdivision_no": "6",
        "state": "Tamil Nadu",
        "district": "Chennai",
        "taluk": "Mambalam",
        "village_ward": "Ward 126, T. Nagar",
        "local_body": "Greater Chennai Corporation",
        "pin_code": "600017",
        "city": "Chennai",
        "locality": "T. Nagar",
        "address": "Plot 5, North Boag Rd, T. Nagar",
        "land_use": "Mixed Residential",
        "observed_use": "Mixed Residential",
        "zoning_code": "R2",
        "zoning_description": "Mixed Residential Use Zone",
        "development_status": "Developed",
        "tenure_class": "Public",
        "agri_status": "Non-agricultural",
        "ownership_status": "On record (details not public in this dataset)",
        "owner_record_available": false,
        "ownership_type": "Public",
        "last_verified": "2026-09-01",
        "area_sqm": 186.6,
        "area_sqft": 2008,
        "perimeter_m": 56,
        "reference_area_sqm": 173.9,
        "reference_area_sqft": 1872,
        "discrepancy_area_sqm": 12.7,
        "discrepancy_pct": 7.27,
        "boundary_confidence": 0.42,
        "boundary_confidence_label": "Low",
        "boundary_source": "Derived — regular grid aligned to a real basemap location",
        "built_up_area_sqm": 116.6,
        "built_up_pct": 62.5,
        "floors": 4,
        "vegetation_pct": 15,
        "encroachment_area_sqm": 0,
        "encroachment_status": "None",
        "previous": {
          "observed_on": "2026-03-05",
          "built_up_area_sqm": 97.4,
          "vegetation_pct": 18,
          "encroachment_area_sqm": 0
        },
        "assessed_value_inr": 54500000,
        "last_updated": "2026-09-01",
        "data_source": "Demonstration data — synthetic, not an official land record",
        "data_quality": "DEMO"
      }
    },
    {
      "type": "Feature",
      "id": "IND-TN-CHN-DEMO-0078",
      "geometry": {
        "type": "Polygon",
        "coordinates": [
          [
            [
              80.23396629607966,
              13.041831440891125
            ],
            [
              80.23406772663992,
              13.041831440891125
            ],
            [
              80.23406772663992,
              13.041984153790873
            ],
            [
              80.23396629607966,
              13.041984153790873
            ],
            [
              80.23396629607966,
              13.041831440891125
            ]
          ]
        ]
      },
      "properties": {
        "parcel_id": "IND-TN-CHN-DEMO-0078",
        "survey_no": "T.S. No. 1210",
        "subdivision_no": "7",
        "state": "Tamil Nadu",
        "district": "Chennai",
        "taluk": "Mambalam",
        "village_ward": "Ward 126, T. Nagar",
        "local_body": "Greater Chennai Corporation",
        "pin_code": "600017",
        "city": "Chennai",
        "locality": "T. Nagar",
        "address": "Plot 6, North Boag Rd, T. Nagar",
        "land_use": "Commercial",
        "observed_use": "Commercial",
        "zoning_code": "C2",
        "zoning_description": "General Commercial Use Zone",
        "development_status": "Developed",
        "tenure_class": "Private",
        "agri_status": "Non-agricultural",
        "ownership_status": "On record (details not public in this dataset)",
        "owner_record_available": false,
        "ownership_type": "Individual / private",
        "last_verified": "2026-09-01",
        "area_sqm": 186.6,
        "area_sqft": 2008,
        "perimeter_m": 56,
        "reference_area_sqm": 179.9,
        "reference_area_sqft": 1937,
        "discrepancy_area_sqm": 6.7,
        "discrepancy_pct": 3.7,
        "boundary_confidence": 0.69,
        "boundary_confidence_label": "Medium",
        "boundary_source": "Derived — regular grid aligned to a real basemap location",
        "built_up_area_sqm": 147.7,
        "built_up_pct": 79.2,
        "floors": 2,
        "vegetation_pct": 3,
        "encroachment_area_sqm": 17.6,
        "encroachment_status": "Moderate",
        "previous": {
          "observed_on": "2026-03-05",
          "built_up_area_sqm": 136.7,
          "vegetation_pct": 12,
          "encroachment_area_sqm": 10.6
        },
        "assessed_value_inr": 62700000,
        "last_updated": "2026-09-01",
        "data_source": "Demonstration data — synthetic, not an official land record",
        "data_quality": "DEMO"
      }
    },
    {
      "type": "Feature",
      "id": "IND-TN-CHN-DEMO-0079",
      "geometry": {
        "type": "Polygon",
        "coordinates": [
          [
            [
              80.23413227336009,
              13.041831440891125
            ],
            [
              80.23423370392035,
              13.041831440891125
            ],
            [
              80.23423370392035,
              13.041984153790873
            ],
            [
              80.23413227336009,
              13.041984153790873
            ],
            [
              80.23413227336009,
              13.041831440891125
            ]
          ]
        ]
      },
      "properties": {
        "parcel_id": "IND-TN-CHN-DEMO-0079",
        "survey_no": "T.S. No. 1213",
        "subdivision_no": "8",
        "state": "Tamil Nadu",
        "district": "Chennai",
        "taluk": "Mambalam",
        "village_ward": "Ward 126, T. Nagar",
        "local_body": "Greater Chennai Corporation",
        "pin_code": "600017",
        "city": "Chennai",
        "locality": "T. Nagar",
        "address": "Plot 7, North Boag Rd, T. Nagar",
        "land_use": "Mixed Residential",
        "observed_use": "Mixed Residential",
        "zoning_code": "R2",
        "zoning_description": "Mixed Residential Use Zone",
        "development_status": "Developed",
        "tenure_class": "Private",
        "agri_status": "Non-agricultural",
        "ownership_status": "On record (details not public in this dataset)",
        "owner_record_available": false,
        "ownership_type": "Individual / private",
        "last_verified": "2026-09-01",
        "area_sqm": 186.6,
        "area_sqft": 2008,
        "perimeter_m": 56,
        "reference_area_sqm": 187.7,
        "reference_area_sqft": 2020,
        "discrepancy_area_sqm": 1.1,
        "discrepancy_pct": 0.59,
        "boundary_confidence": 0.43,
        "boundary_confidence_label": "Low",
        "boundary_source": "Derived — regular grid aligned to a real basemap location",
        "built_up_area_sqm": 95.5,
        "built_up_pct": 51.2,
        "floors": 3,
        "vegetation_pct": 16,
        "encroachment_area_sqm": 0,
        "encroachment_status": "None",
        "previous": {
          "observed_on": "2026-03-05",
          "built_up_area_sqm": 84.6,
          "vegetation_pct": 16,
          "encroachment_area_sqm": 0
        },
        "assessed_value_inr": 53400000,
        "last_updated": "2026-09-01",
        "data_source": "Demonstration data — synthetic, not an official land record",
        "data_quality": "DEMO"
      }
    },
    {
      "type": "Feature",
      "id": "IND-TN-CHN-DEMO-0080",
      "geometry": {
        "type": "Polygon",
        "coordinates": [
          [
            [
              80.2342982506405,
              13.041831440891125
            ],
            [
              80.23439968120077,
              13.041831440891125
            ],
            [
              80.23439968120077,
              13.041984153790873
            ],
            [
              80.2342982506405,
              13.041984153790873
            ],
            [
              80.2342982506405,
              13.041831440891125
            ]
          ]
        ]
      },
      "properties": {
        "parcel_id": "IND-TN-CHN-DEMO-0080",
        "survey_no": "T.S. No. 1216",
        "subdivision_no": "9",
        "state": "Tamil Nadu",
        "district": "Chennai",
        "taluk": "Mambalam",
        "village_ward": "Ward 126, T. Nagar",
        "local_body": "Greater Chennai Corporation",
        "pin_code": "600017",
        "city": "Chennai",
        "locality": "T. Nagar",
        "address": "Plot 8, North Boag Rd, T. Nagar",
        "land_use": "Industrial",
        "observed_use": "Industrial",
        "zoning_code": "IND",
        "zoning_description": "Primary Industrial Use Zone",
        "development_status": "Developed",
        "tenure_class": "Private",
        "agri_status": "Non-agricultural",
        "ownership_status": "On record (details not public in this dataset)",
        "owner_record_available": false,
        "ownership_type": "Individual / private",
        "last_verified": "2026-09-01",
        "area_sqm": 186.6,
        "area_sqft": 2008,
        "perimeter_m": 56,
        "reference_area_sqm": 182.4,
        "reference_area_sqft": 1964,
        "discrepancy_area_sqm": 4.2,
        "discrepancy_pct": 2.28,
        "boundary_confidence": 0.78,
        "boundary_confidence_label": "Medium",
        "boundary_source": "Derived — regular grid aligned to a real basemap location",
        "built_up_area_sqm": 109.4,
        "built_up_pct": 58.6,
        "floors": 1,
        "vegetation_pct": 8,
        "encroachment_area_sqm": 0,
        "encroachment_status": "None",
        "previous": {
          "observed_on": "2026-03-05",
          "built_up_area_sqm": 90.5,
          "vegetation_pct": 8,
          "encroachment_area_sqm": 0
        },
        "assessed_value_inr": 22300000,
        "last_updated": "2026-09-01",
        "data_source": "Demonstration data — synthetic, not an official land record",
        "data_quality": "DEMO"
      }
    },
    {
      "type": "Feature",
      "id": "IND-TN-CHN-DEMO-0081",
      "geometry": {
        "type": "Polygon",
        "coordinates": [
          [
            [
              80.23446422792094,
              13.041831440891125
            ],
            [
              80.2345656584812,
              13.041831440891125
            ],
            [
              80.2345656584812,
              13.041984153790873
            ],
            [
              80.23446422792094,
              13.041984153790873
            ],
            [
              80.23446422792094,
              13.041831440891125
            ]
          ]
        ]
      },
      "properties": {
        "parcel_id": "IND-TN-CHN-DEMO-0081",
        "survey_no": "T.S. No. 1218",
        "subdivision_no": "1",
        "state": "Tamil Nadu",
        "district": "Chennai",
        "taluk": "Mambalam",
        "village_ward": "Ward 126, T. Nagar",
        "local_body": "Greater Chennai Corporation",
        "pin_code": "600017",
        "city": "Chennai",
        "locality": "T. Nagar",
        "address": "Plot 9, North Boag Rd, T. Nagar",
        "land_use": "Mixed Residential",
        "observed_use": "Mixed Residential",
        "zoning_code": "R2",
        "zoning_description": "Mixed Residential Use Zone",
        "development_status": "Developed",
        "tenure_class": "Institutional",
        "agri_status": "Non-agricultural",
        "ownership_status": "On record (details not public in this dataset)",
        "owner_record_available": false,
        "ownership_type": "Institutional",
        "last_verified": "2026-09-01",
        "area_sqm": 186.6,
        "area_sqft": 2008,
        "perimeter_m": 56,
        "reference_area_sqm": 197.4,
        "reference_area_sqft": 2124,
        "discrepancy_area_sqm": 10.8,
        "discrepancy_pct": 5.46,
        "boundary_confidence": 0.68,
        "boundary_confidence_label": "Medium",
        "boundary_source": "Derived — regular grid aligned to a real basemap location",
        "built_up_area_sqm": 117.9,
        "built_up_pct": 63.2,
        "floors": 3,
        "vegetation_pct": 4,
        "encroachment_area_sqm": 0,
        "encroachment_status": "None",
        "previous": {
          "observed_on": "2026-03-05",
          "built_up_area_sqm": 105.9,
          "vegetation_pct": 5,
          "encroachment_area_sqm": 0
        },
        "assessed_value_inr": 47300000,
        "last_updated": "2026-09-01",
        "data_source": "Demonstration data — synthetic, not an official land record",
        "data_quality": "DEMO"
      }
    },
    {
      "type": "Feature",
      "id": "IND-TN-CHN-DEMO-0082",
      "geometry": {
        "type": "Polygon",
        "coordinates": [
          [
            [
              80.23463020520136,
              13.041831440891125
            ],
            [
              80.23473163576162,
              13.041831440891125
            ],
            [
              80.23473163576162,
              13.041984153790873
            ],
            [
              80.23463020520136,
              13.041984153790873
            ],
            [
              80.23463020520136,
              13.041831440891125
            ]
          ]
        ]
      },
      "properties": {
        "parcel_id": "IND-TN-CHN-DEMO-0082",
        "survey_no": "T.S. No. 1221",
        "subdivision_no": "2",
        "state": "Tamil Nadu",
        "district": "Chennai",
        "taluk": "Mambalam",
        "village_ward": "Ward 126, T. Nagar",
        "local_body": "Greater Chennai Corporation",
        "pin_code": "600017",
        "city": "Chennai",
        "locality": "T. Nagar",
        "address": "Plot 10, North Boag Rd, T. Nagar",
        "land_use": "Mixed Residential",
        "observed_use": "Mixed Residential",
        "zoning_code": "R2",
        "zoning_description": "Mixed Residential Use Zone",
        "development_status": "Developed",
        "tenure_class": "Government",
        "agri_status": "Non-agricultural",
        "ownership_status": "On record (details not public in this dataset)",
        "owner_record_available": false,
        "ownership_type": "Government",
        "last_verified": "2026-09-01",
        "area_sqm": 186.6,
        "area_sqft": 2008,
        "perimeter_m": 56,
        "reference_area_sqm": 191.6,
        "reference_area_sqft": 2063,
        "discrepancy_area_sqm": 5,
        "discrepancy_pct": 2.63,
        "boundary_confidence": 0.77,
        "boundary_confidence_label": "Medium",
        "boundary_source": "Derived — regular grid aligned to a real basemap location",
        "built_up_area_sqm": 128.8,
        "built_up_pct": 69,
        "floors": 4,
        "vegetation_pct": 12,
        "encroachment_area_sqm": 0,
        "encroachment_status": "None",
        "previous": {
          "observed_on": "2026-03-05",
          "built_up_area_sqm": 118.3,
          "vegetation_pct": 20,
          "encroachment_area_sqm": 0
        },
        "assessed_value_inr": 49000000,
        "last_updated": "2026-09-01",
        "data_source": "Demonstration data — synthetic, not an official land record",
        "data_quality": "DEMO"
      }
    },
    {
      "type": "Feature",
      "id": "IND-TN-CHN-DEMO-0083",
      "geometry": {
        "type": "Polygon",
        "coordinates": [
          [
            [
              80.23479618248179,
              13.041831440891125
            ],
            [
              80.23489761304205,
              13.041831440891125
            ],
            [
              80.23489761304205,
              13.041984153790873
            ],
            [
              80.23479618248179,
              13.041984153790873
            ],
            [
              80.23479618248179,
              13.041831440891125
            ]
          ]
        ]
      },
      "properties": {
        "parcel_id": "IND-TN-CHN-DEMO-0083",
        "survey_no": "T.S. No. 1224",
        "subdivision_no": "3",
        "state": "Tamil Nadu",
        "district": "Chennai",
        "taluk": "Mambalam",
        "village_ward": "Ward 126, T. Nagar",
        "local_body": "Greater Chennai Corporation",
        "pin_code": "600017",
        "city": "Chennai",
        "locality": "T. Nagar",
        "address": "Plot 11, North Boag Rd, T. Nagar",
        "land_use": "Mixed Residential",
        "observed_use": "Mixed Residential",
        "zoning_code": "R2",
        "zoning_description": "Mixed Residential Use Zone",
        "development_status": "Developed",
        "tenure_class": "Private",
        "agri_status": "Non-agricultural",
        "ownership_status": "On record (details not public in this dataset)",
        "owner_record_available": false,
        "ownership_type": "Individual / private",
        "last_verified": "2026-09-01",
        "area_sqm": 186.6,
        "area_sqft": 2008,
        "perimeter_m": 56,
        "reference_area_sqm": 174.3,
        "reference_area_sqft": 1876,
        "discrepancy_area_sqm": 12.3,
        "discrepancy_pct": 7.03,
        "boundary_confidence": 0.67,
        "boundary_confidence_label": "Medium",
        "boundary_source": "Derived — regular grid aligned to a real basemap location",
        "built_up_area_sqm": 122.7,
        "built_up_pct": 65.8,
        "floors": 2,
        "vegetation_pct": 6,
        "encroachment_area_sqm": 0,
        "encroachment_status": "None",
        "previous": {
          "observed_on": "2026-03-05",
          "built_up_area_sqm": 109.6,
          "vegetation_pct": 11,
          "encroachment_area_sqm": 0
        },
        "assessed_value_inr": 49300000,
        "last_updated": "2026-09-01",
        "data_source": "Demonstration data — synthetic, not an official land record",
        "data_quality": "DEMO"
      }
    },
    {
      "type": "Feature",
      "id": "IND-TN-CHN-DEMO-0084",
      "geometry": {
        "type": "Polygon",
        "coordinates": [
          [
            [
              80.23496215976222,
              13.041831440891125
            ],
            [
              80.23506359032248,
              13.041831440891125
            ],
            [
              80.23506359032248,
              13.041984153790873
            ],
            [
              80.23496215976222,
              13.041984153790873
            ],
            [
              80.23496215976222,
              13.041831440891125
            ]
          ]
        ]
      },
      "properties": {
        "parcel_id": "IND-TN-CHN-DEMO-0084",
        "survey_no": "T.S. No. 1226",
        "subdivision_no": "4",
        "state": "Tamil Nadu",
        "district": "Chennai",
        "taluk": "Mambalam",
        "village_ward": "Ward 126, T. Nagar",
        "local_body": "Greater Chennai Corporation",
        "pin_code": "600017",
        "city": "Chennai",
        "locality": "T. Nagar",
        "address": "Plot 12, North Boag Rd, T. Nagar",
        "land_use": "Vacant",
        "observed_use": "No active use observed",
        "zoning_code": "R1",
        "zoning_description": "Primary Residential Use Zone (undeveloped)",
        "development_status": "Vacant / Undeveloped",
        "tenure_class": "Institutional",
        "agri_status": "Non-agricultural",
        "ownership_status": "On record (details not public in this dataset)",
        "owner_record_available": false,
        "ownership_type": "Institutional",
        "last_verified": "2026-09-01",
        "area_sqm": 186.6,
        "area_sqft": 2008,
        "perimeter_m": 56,
        "reference_area_sqm": 181.1,
        "reference_area_sqft": 1949,
        "discrepancy_area_sqm": 5.5,
        "discrepancy_pct": 3.02,
        "boundary_confidence": 0.64,
        "boundary_confidence_label": "Medium",
        "boundary_source": "Derived — regular grid aligned to a real basemap location",
        "built_up_area_sqm": 1.3,
        "built_up_pct": 0.7,
        "floors": 0,
        "vegetation_pct": 32,
        "encroachment_area_sqm": 0,
        "encroachment_status": "None",
        "previous": {
          "observed_on": "2026-03-05",
          "built_up_area_sqm": 1.1,
          "vegetation_pct": 38,
          "encroachment_area_sqm": 0
        },
        "assessed_value_inr": 36000000,
        "last_updated": "2026-09-01",
        "data_source": "Demonstration data — synthetic, not an official land record",
        "data_quality": "DEMO"
      }
    },
    {
      "type": "Feature",
      "id": "IND-TN-CHN-DEMO-0085",
      "geometry": {
        "type": "Polygon",
        "coordinates": [
          [
            [
              80.23313640967753,
              13.042047035573123
            ],
            [
              80.23323784023779,
              13.042047035573123
            ],
            [
              80.23323784023779,
              13.042199748472871
            ],
            [
              80.23313640967753,
              13.042199748472871
            ],
            [
              80.23313640967753,
              13.042047035573123
            ]
          ]
        ]
      },
      "properties": {
        "parcel_id": "IND-TN-CHN-DEMO-0085",
        "survey_no": "T.S. No. 1229",
        "subdivision_no": "5",
        "state": "Tamil Nadu",
        "district": "Chennai",
        "taluk": "Mambalam",
        "village_ward": "Ward 127, T. Nagar",
        "local_body": "Greater Chennai Corporation",
        "pin_code": "600017",
        "city": "Chennai",
        "locality": "T. Nagar",
        "address": "Plot 1, South Boag Rd, T. Nagar",
        "land_use": "Mixed Residential",
        "observed_use": "Mixed Residential",
        "zoning_code": "R2",
        "zoning_description": "Mixed Residential Use Zone",
        "development_status": "Developed — discrepancy flagged",
        "tenure_class": "Institutional",
        "agri_status": "Non-agricultural",
        "ownership_status": "On record (details not public in this dataset)",
        "owner_record_available": false,
        "ownership_type": "Institutional",
        "last_verified": "2026-09-01",
        "area_sqm": 186.6,
        "area_sqft": 2008,
        "perimeter_m": 56,
        "reference_area_sqm": 196.6,
        "reference_area_sqft": 2116,
        "discrepancy_area_sqm": 10,
        "discrepancy_pct": 5.09,
        "boundary_confidence": 0.72,
        "boundary_confidence_label": "Medium",
        "boundary_source": "Derived — regular grid aligned to a real basemap location",
        "built_up_area_sqm": 103.1,
        "built_up_pct": 55.3,
        "floors": 4,
        "vegetation_pct": 12,
        "encroachment_area_sqm": 73.2,
        "encroachment_status": "Critical",
        "previous": {
          "observed_on": "2026-03-05",
          "built_up_area_sqm": 92.8,
          "vegetation_pct": 16,
          "encroachment_area_sqm": 0
        },
        "assessed_value_inr": 51700000,
        "last_updated": "2026-09-01",
        "data_source": "Demonstration data — synthetic, not an official land record",
        "data_quality": "DEMO"
      }
    },
    {
      "type": "Feature",
      "id": "IND-TN-CHN-DEMO-0086",
      "geometry": {
        "type": "Polygon",
        "coordinates": [
          [
            [
              80.23330238695796,
              13.042047035573123
            ],
            [
              80.23340381751822,
              13.042047035573123
            ],
            [
              80.23340381751822,
              13.042199748472871
            ],
            [
              80.23330238695796,
              13.042199748472871
            ],
            [
              80.23330238695796,
              13.042047035573123
            ]
          ]
        ]
      },
      "properties": {
        "parcel_id": "IND-TN-CHN-DEMO-0086",
        "survey_no": "T.S. No. 1232",
        "subdivision_no": "6",
        "state": "Tamil Nadu",
        "district": "Chennai",
        "taluk": "Mambalam",
        "village_ward": "Ward 127, T. Nagar",
        "local_body": "Greater Chennai Corporation",
        "pin_code": "600017",
        "city": "Chennai",
        "locality": "T. Nagar",
        "address": "Plot 2, South Boag Rd, T. Nagar",
        "land_use": "Commercial",
        "observed_use": "Commercial",
        "zoning_code": "C2",
        "zoning_description": "General Commercial Use Zone",
        "development_status": "Developed",
        "tenure_class": "Private",
        "agri_status": "Non-agricultural",
        "ownership_status": "On record (details not public in this dataset)",
        "owner_record_available": false,
        "ownership_type": "Individual / private",
        "last_verified": "2026-09-01",
        "area_sqm": 186.6,
        "area_sqft": 2008,
        "perimeter_m": 56,
        "reference_area_sqm": 181.2,
        "reference_area_sqft": 1951,
        "discrepancy_area_sqm": 5.3,
        "discrepancy_pct": 2.95,
        "boundary_confidence": 0.81,
        "boundary_confidence_label": "High",
        "boundary_source": "Derived — regular grid aligned to a real basemap location",
        "built_up_area_sqm": 138.6,
        "built_up_pct": 74.3,
        "floors": 4,
        "vegetation_pct": 5,
        "encroachment_area_sqm": 0,
        "encroachment_status": "None",
        "previous": {
          "observed_on": "2026-03-05",
          "built_up_area_sqm": 132.2,
          "vegetation_pct": 14,
          "encroachment_area_sqm": 0
        },
        "assessed_value_inr": 73000000,
        "last_updated": "2026-09-01",
        "data_source": "Demonstration data — synthetic, not an official land record",
        "data_quality": "DEMO"
      }
    },
    {
      "type": "Feature",
      "id": "IND-TN-CHN-DEMO-0087",
      "geometry": {
        "type": "Polygon",
        "coordinates": [
          [
            [
              80.23346836423838,
              13.042047035573123
            ],
            [
              80.23356979479864,
              13.042047035573123
            ],
            [
              80.23356979479864,
              13.042199748472871
            ],
            [
              80.23346836423838,
              13.042199748472871
            ],
            [
              80.23346836423838,
              13.042047035573123
            ]
          ]
        ]
      },
      "properties": {
        "parcel_id": "IND-TN-CHN-DEMO-0087",
        "survey_no": "T.S. No. 1234",
        "subdivision_no": "7",
        "state": "Tamil Nadu",
        "district": "Chennai",
        "taluk": "Mambalam",
        "village_ward": "Ward 127, T. Nagar",
        "local_body": "Greater Chennai Corporation",
        "pin_code": "600017",
        "city": "Chennai",
        "locality": "T. Nagar",
        "address": "Plot 3, South Boag Rd, T. Nagar",
        "land_use": "Institutional",
        "observed_use": "Institutional",
        "zoning_code": "I1",
        "zoning_description": "Institutional Use Zone",
        "development_status": "Developed",
        "tenure_class": "Institutional",
        "agri_status": "Non-agricultural",
        "ownership_status": "On record (details not public in this dataset)",
        "owner_record_available": false,
        "ownership_type": "Institutional",
        "last_verified": "2026-09-01",
        "area_sqm": 186.6,
        "area_sqft": 2008,
        "perimeter_m": 56,
        "reference_area_sqm": 196.2,
        "reference_area_sqft": 2111,
        "discrepancy_area_sqm": 9.6,
        "discrepancy_pct": 4.88,
        "boundary_confidence": 0.75,
        "boundary_confidence_label": "Medium",
        "boundary_source": "Derived — regular grid aligned to a real basemap location",
        "built_up_area_sqm": 60.3,
        "built_up_pct": 32.3,
        "floors": 1,
        "vegetation_pct": 31,
        "encroachment_area_sqm": 0,
        "encroachment_status": "None",
        "previous": {
          "observed_on": "2026-03-05",
          "built_up_area_sqm": 49.5,
          "vegetation_pct": 39,
          "encroachment_area_sqm": 0
        },
        "assessed_value_inr": 34000000,
        "last_updated": "2026-09-01",
        "data_source": "Demonstration data — synthetic, not an official land record",
        "data_quality": "DEMO"
      }
    },
    {
      "type": "Feature",
      "id": "IND-TN-CHN-DEMO-0088",
      "geometry": {
        "type": "Polygon",
        "coordinates": [
          [
            [
              80.23363434151881,
              13.042047035573123
            ],
            [
              80.23373577207907,
              13.042047035573123
            ],
            [
              80.23373577207907,
              13.042199748472871
            ],
            [
              80.23363434151881,
              13.042199748472871
            ],
            [
              80.23363434151881,
              13.042047035573123
            ]
          ]
        ]
      },
      "properties": {
        "parcel_id": "IND-TN-CHN-DEMO-0088",
        "survey_no": "T.S. No. 1237",
        "subdivision_no": "8",
        "state": "Tamil Nadu",
        "district": "Chennai",
        "taluk": "Mambalam",
        "village_ward": "Ward 127, T. Nagar",
        "local_body": "Greater Chennai Corporation",
        "pin_code": "600017",
        "city": "Chennai",
        "locality": "T. Nagar",
        "address": "Plot 4, South Boag Rd, T. Nagar",
        "land_use": "Residential",
        "observed_use": "Residential",
        "zoning_code": "R1",
        "zoning_description": "Primary Residential Use Zone",
        "development_status": "Developed — discrepancy flagged",
        "tenure_class": "Public",
        "agri_status": "Non-agricultural",
        "ownership_status": "On record (details not public in this dataset)",
        "owner_record_available": false,
        "ownership_type": "Public",
        "last_verified": "2026-09-01",
        "area_sqm": 186.6,
        "area_sqft": 2008,
        "perimeter_m": 56,
        "reference_area_sqm": 179.4,
        "reference_area_sqft": 1931,
        "discrepancy_area_sqm": 7.2,
        "discrepancy_pct": 4.02,
        "boundary_confidence": 0.39,
        "boundary_confidence_label": "Low",
        "boundary_source": "Derived — regular grid aligned to a real basemap location",
        "built_up_area_sqm": 86.6,
        "built_up_pct": 46.4,
        "floors": 1,
        "vegetation_pct": 24,
        "encroachment_area_sqm": 40.7,
        "encroachment_status": "Significant",
        "previous": {
          "observed_on": "2026-03-05",
          "built_up_area_sqm": 80.2,
          "vegetation_pct": 28,
          "encroachment_area_sqm": 0
        },
        "assessed_value_inr": 43000000,
        "last_updated": "2026-09-01",
        "data_source": "Demonstration data — synthetic, not an official land record",
        "data_quality": "DEMO"
      }
    },
    {
      "type": "Feature",
      "id": "IND-TN-CHN-DEMO-0089",
      "geometry": {
        "type": "Polygon",
        "coordinates": [
          [
            [
              80.23380031879923,
              13.042047035573123
            ],
            [
              80.23390174935949,
              13.042047035573123
            ],
            [
              80.23390174935949,
              13.042199748472871
            ],
            [
              80.23380031879923,
              13.042199748472871
            ],
            [
              80.23380031879923,
              13.042047035573123
            ]
          ]
        ]
      },
      "properties": {
        "parcel_id": "IND-TN-CHN-DEMO-0089",
        "survey_no": "T.S. No. 1240",
        "subdivision_no": "9",
        "state": "Tamil Nadu",
        "district": "Chennai",
        "taluk": "Mambalam",
        "village_ward": "Ward 127, T. Nagar",
        "local_body": "Greater Chennai Corporation",
        "pin_code": "600017",
        "city": "Chennai",
        "locality": "T. Nagar",
        "address": "Plot 5, South Boag Rd, T. Nagar",
        "land_use": "Residential",
        "observed_use": "Residential",
        "zoning_code": "R1",
        "zoning_description": "Primary Residential Use Zone",
        "development_status": "Developed",
        "tenure_class": "Private",
        "agri_status": "Non-agricultural",
        "ownership_status": "On record (details not public in this dataset)",
        "owner_record_available": false,
        "ownership_type": "Individual / private",
        "last_verified": "2026-09-01",
        "area_sqm": 186.6,
        "area_sqft": 2008,
        "perimeter_m": 56,
        "reference_area_sqm": 174.4,
        "reference_area_sqft": 1878,
        "discrepancy_area_sqm": 12.2,
        "discrepancy_pct": 6.97,
        "boundary_confidence": 0.42,
        "boundary_confidence_label": "Low",
        "boundary_source": "Derived — regular grid aligned to a real basemap location",
        "built_up_area_sqm": 117.5,
        "built_up_pct": 63,
        "floors": 2,
        "vegetation_pct": 25,
        "encroachment_area_sqm": 3.8,
        "encroachment_status": "Minor",
        "previous": {
          "observed_on": "2026-03-05",
          "built_up_area_sqm": 106.8,
          "vegetation_pct": 26,
          "encroachment_area_sqm": 2.3
        },
        "assessed_value_inr": 45600000,
        "last_updated": "2026-09-01",
        "data_source": "Demonstration data — synthetic, not an official land record",
        "data_quality": "DEMO"
      }
    },
    {
      "type": "Feature",
      "id": "IND-TN-CHN-DEMO-0090",
      "geometry": {
        "type": "Polygon",
        "coordinates": [
          [
            [
              80.23396629607966,
              13.042047035573123
            ],
            [
              80.23406772663992,
              13.042047035573123
            ],
            [
              80.23406772663992,
              13.042199748472871
            ],
            [
              80.23396629607966,
              13.042199748472871
            ],
            [
              80.23396629607966,
              13.042047035573123
            ]
          ]
        ]
      },
      "properties": {
        "parcel_id": "IND-TN-CHN-DEMO-0090",
        "survey_no": "T.S. No. 1243",
        "subdivision_no": "1",
        "state": "Tamil Nadu",
        "district": "Chennai",
        "taluk": "Mambalam",
        "village_ward": "Ward 127, T. Nagar",
        "local_body": "Greater Chennai Corporation",
        "pin_code": "600017",
        "city": "Chennai",
        "locality": "T. Nagar",
        "address": "Plot 6, South Boag Rd, T. Nagar",
        "land_use": "Institutional",
        "observed_use": "Institutional",
        "zoning_code": "I1",
        "zoning_description": "Institutional Use Zone",
        "development_status": "Developed",
        "tenure_class": "Institutional",
        "agri_status": "Non-agricultural",
        "ownership_status": "On record (details not public in this dataset)",
        "owner_record_available": false,
        "ownership_type": "Institutional",
        "last_verified": "2026-09-01",
        "area_sqm": 186.6,
        "area_sqft": 2008,
        "perimeter_m": 56,
        "reference_area_sqm": 192.2,
        "reference_area_sqft": 2069,
        "discrepancy_area_sqm": 5.6,
        "discrepancy_pct": 2.93,
        "boundary_confidence": 0.71,
        "boundary_confidence_label": "Medium",
        "boundary_source": "Derived — regular grid aligned to a real basemap location",
        "built_up_area_sqm": 64.9,
        "built_up_pct": 34.8,
        "floors": 2,
        "vegetation_pct": 23,
        "encroachment_area_sqm": 22.7,
        "encroachment_status": "Moderate",
        "previous": {
          "observed_on": "2026-03-05",
          "built_up_area_sqm": 56,
          "vegetation_pct": 29,
          "encroachment_area_sqm": 13.6
        },
        "assessed_value_inr": 30300000,
        "last_updated": "2026-09-01",
        "data_source": "Demonstration data — synthetic, not an official land record",
        "data_quality": "DEMO"
      }
    },
    {
      "type": "Feature",
      "id": "IND-TN-CHN-DEMO-0091",
      "geometry": {
        "type": "Polygon",
        "coordinates": [
          [
            [
              80.23413227336009,
              13.042047035573123
            ],
            [
              80.23423370392035,
              13.042047035573123
            ],
            [
              80.23423370392035,
              13.042199748472871
            ],
            [
              80.23413227336009,
              13.042199748472871
            ],
            [
              80.23413227336009,
              13.042047035573123
            ]
          ]
        ]
      },
      "properties": {
        "parcel_id": "IND-TN-CHN-DEMO-0091",
        "survey_no": "T.S. No. 1245",
        "subdivision_no": "2",
        "state": "Tamil Nadu",
        "district": "Chennai",
        "taluk": "Mambalam",
        "village_ward": "Ward 127, T. Nagar",
        "local_body": "Greater Chennai Corporation",
        "pin_code": "600017",
        "city": "Chennai",
        "locality": "T. Nagar",
        "address": "Plot 7, South Boag Rd, T. Nagar",
        "land_use": "Residential",
        "observed_use": "Residential",
        "zoning_code": "R1",
        "zoning_description": "Primary Residential Use Zone",
        "development_status": "Developed",
        "tenure_class": "Private",
        "agri_status": "Non-agricultural",
        "ownership_status": "On record (details not public in this dataset)",
        "owner_record_available": false,
        "ownership_type": "Individual / private",
        "last_verified": "2026-09-01",
        "area_sqm": 186.6,
        "area_sqft": 2008,
        "perimeter_m": 56,
        "reference_area_sqm": 186.7,
        "reference_area_sqft": 2010,
        "discrepancy_area_sqm": 0.1,
        "discrepancy_pct": 0.07,
        "boundary_confidence": 0.6,
        "boundary_confidence_label": "Medium",
        "boundary_source": "Derived — regular grid aligned to a real basemap location",
        "built_up_area_sqm": 93.7,
        "built_up_pct": 50.2,
        "floors": 2,
        "vegetation_pct": 22,
        "encroachment_area_sqm": 0,
        "encroachment_status": "None",
        "previous": {
          "observed_on": "2026-03-05",
          "built_up_area_sqm": 84.1,
          "vegetation_pct": 30,
          "encroachment_area_sqm": 0
        },
        "assessed_value_inr": 48100000,
        "last_updated": "2026-09-01",
        "data_source": "Demonstration data — synthetic, not an official land record",
        "data_quality": "DEMO"
      }
    },
    {
      "type": "Feature",
      "id": "IND-TN-CHN-DEMO-0092",
      "geometry": {
        "type": "Polygon",
        "coordinates": [
          [
            [
              80.2342982506405,
              13.042047035573123
            ],
            [
              80.23439968120077,
              13.042047035573123
            ],
            [
              80.23439968120077,
              13.042199748472871
            ],
            [
              80.2342982506405,
              13.042199748472871
            ],
            [
              80.2342982506405,
              13.042047035573123
            ]
          ]
        ]
      },
      "properties": {
        "parcel_id": "IND-TN-CHN-DEMO-0092",
        "survey_no": "T.S. No. 1248",
        "subdivision_no": "3",
        "state": "Tamil Nadu",
        "district": "Chennai",
        "taluk": "Mambalam",
        "village_ward": "Ward 127, T. Nagar",
        "local_body": "Greater Chennai Corporation",
        "pin_code": "600017",
        "city": "Chennai",
        "locality": "T. Nagar",
        "address": "Plot 8, South Boag Rd, T. Nagar",
        "land_use": "Residential",
        "observed_use": "Residential",
        "zoning_code": "R1",
        "zoning_description": "Primary Residential Use Zone",
        "development_status": "Developed — discrepancy flagged",
        "tenure_class": "Private",
        "agri_status": "Non-agricultural",
        "ownership_status": "On record (details not public in this dataset)",
        "owner_record_available": false,
        "ownership_type": "Individual / private",
        "last_verified": "2026-09-01",
        "area_sqm": 186.6,
        "area_sqft": 2008,
        "perimeter_m": 56,
        "reference_area_sqm": 177.3,
        "reference_area_sqft": 1908,
        "discrepancy_area_sqm": 9.3,
        "discrepancy_pct": 5.24,
        "boundary_confidence": 0.45,
        "boundary_confidence_label": "Low",
        "boundary_source": "Derived — regular grid aligned to a real basemap location",
        "built_up_area_sqm": 107.1,
        "built_up_pct": 57.4,
        "floors": 3,
        "vegetation_pct": 9,
        "encroachment_area_sqm": 51.8,
        "encroachment_status": "Significant",
        "previous": {
          "observed_on": "2026-03-05",
          "built_up_area_sqm": 100.7,
          "vegetation_pct": 11,
          "encroachment_area_sqm": 0
        },
        "assessed_value_inr": 50600000,
        "last_updated": "2026-09-01",
        "data_source": "Demonstration data — synthetic, not an official land record",
        "data_quality": "DEMO"
      }
    },
    {
      "type": "Feature",
      "id": "IND-TN-CHN-DEMO-0093",
      "geometry": {
        "type": "Polygon",
        "coordinates": [
          [
            [
              80.23446422792094,
              13.042047035573123
            ],
            [
              80.2345656584812,
              13.042047035573123
            ],
            [
              80.2345656584812,
              13.042199748472871
            ],
            [
              80.23446422792094,
              13.042199748472871
            ],
            [
              80.23446422792094,
              13.042047035573123
            ]
          ]
        ]
      },
      "properties": {
        "parcel_id": "IND-TN-CHN-DEMO-0093",
        "survey_no": "T.S. No. 1251",
        "subdivision_no": "4",
        "state": "Tamil Nadu",
        "district": "Chennai",
        "taluk": "Mambalam",
        "village_ward": "Ward 127, T. Nagar",
        "local_body": "Greater Chennai Corporation",
        "pin_code": "600017",
        "city": "Chennai",
        "locality": "T. Nagar",
        "address": "Plot 9, South Boag Rd, T. Nagar",
        "land_use": "Open Space",
        "observed_use": "Open Space",
        "zoning_code": "OSR",
        "zoning_description": "Open Space & Recreation Zone",
        "development_status": "Vacant / Undeveloped",
        "tenure_class": "Public",
        "agri_status": "Non-agricultural",
        "ownership_status": "On record (details not public in this dataset)",
        "owner_record_available": false,
        "ownership_type": "Public",
        "last_verified": "2026-09-01",
        "area_sqm": 186.6,
        "area_sqft": 2008,
        "perimeter_m": 56,
        "reference_area_sqm": 178,
        "reference_area_sqft": 1916,
        "discrepancy_area_sqm": 8.5,
        "discrepancy_pct": 4.79,
        "boundary_confidence": 0.89,
        "boundary_confidence_label": "High",
        "boundary_source": "Derived — regular grid aligned to a real basemap location",
        "built_up_area_sqm": 4.6,
        "built_up_pct": 2.5,
        "floors": 0,
        "vegetation_pct": 65,
        "encroachment_area_sqm": 0,
        "encroachment_status": "None",
        "previous": {
          "observed_on": "2026-03-05",
          "built_up_area_sqm": 3.9,
          "vegetation_pct": 69,
          "encroachment_area_sqm": 0
        },
        "assessed_value_inr": 6200000,
        "last_updated": "2026-09-01",
        "data_source": "Demonstration data — synthetic, not an official land record",
        "data_quality": "DEMO"
      }
    },
    {
      "type": "Feature",
      "id": "IND-TN-CHN-DEMO-0094",
      "geometry": {
        "type": "Polygon",
        "coordinates": [
          [
            [
              80.23463020520136,
              13.042047035573123
            ],
            [
              80.23473163576162,
              13.042047035573123
            ],
            [
              80.23473163576162,
              13.042199748472871
            ],
            [
              80.23463020520136,
              13.042199748472871
            ],
            [
              80.23463020520136,
              13.042047035573123
            ]
          ]
        ]
      },
      "properties": {
        "parcel_id": "IND-TN-CHN-DEMO-0094",
        "survey_no": "T.S. No. 1253",
        "subdivision_no": "5",
        "state": "Tamil Nadu",
        "district": "Chennai",
        "taluk": "Mambalam",
        "village_ward": "Ward 127, T. Nagar",
        "local_body": "Greater Chennai Corporation",
        "pin_code": "600017",
        "city": "Chennai",
        "locality": "T. Nagar",
        "address": "Plot 10, South Boag Rd, T. Nagar",
        "land_use": "Open Space",
        "observed_use": "Open Space",
        "zoning_code": "OSR",
        "zoning_description": "Open Space & Recreation Zone",
        "development_status": "Partly developed",
        "tenure_class": "Public",
        "agri_status": "Non-agricultural",
        "ownership_status": "On record (details not public in this dataset)",
        "owner_record_available": false,
        "ownership_type": "Public",
        "last_verified": "2026-09-01",
        "area_sqm": 186.6,
        "area_sqft": 2008,
        "perimeter_m": 56,
        "reference_area_sqm": 193.2,
        "reference_area_sqft": 2080,
        "discrepancy_area_sqm": 6.7,
        "discrepancy_pct": 3.45,
        "boundary_confidence": 0.84,
        "boundary_confidence_label": "High",
        "boundary_source": "Derived — regular grid aligned to a real basemap location",
        "built_up_area_sqm": 7.8,
        "built_up_pct": 4.2,
        "floors": 0,
        "vegetation_pct": 55,
        "encroachment_area_sqm": 0,
        "encroachment_status": "None",
        "previous": {
          "observed_on": "2026-03-05",
          "built_up_area_sqm": 6.6,
          "vegetation_pct": 60,
          "encroachment_area_sqm": 0
        },
        "assessed_value_inr": 5800000,
        "last_updated": "2026-09-01",
        "data_source": "Demonstration data — synthetic, not an official land record",
        "data_quality": "DEMO"
      }
    },
    {
      "type": "Feature",
      "id": "IND-TN-CHN-DEMO-0095",
      "geometry": {
        "type": "Polygon",
        "coordinates": [
          [
            [
              80.23479618248179,
              13.042047035573123
            ],
            [
              80.23489761304205,
              13.042047035573123
            ],
            [
              80.23489761304205,
              13.042199748472871
            ],
            [
              80.23479618248179,
              13.042199748472871
            ],
            [
              80.23479618248179,
              13.042047035573123
            ]
          ]
        ]
      },
      "properties": {
        "parcel_id": "IND-TN-CHN-DEMO-0095",
        "survey_no": "T.S. No. 1256",
        "subdivision_no": "6",
        "state": "Tamil Nadu",
        "district": "Chennai",
        "taluk": "Mambalam",
        "village_ward": "Ward 127, T. Nagar",
        "local_body": "Greater Chennai Corporation",
        "pin_code": "600017",
        "city": "Chennai",
        "locality": "T. Nagar",
        "address": "Plot 11, South Boag Rd, T. Nagar",
        "land_use": "Industrial",
        "observed_use": "Industrial",
        "zoning_code": "IND",
        "zoning_description": "Primary Industrial Use Zone",
        "development_status": "Developed",
        "tenure_class": "Institutional",
        "agri_status": "Non-agricultural",
        "ownership_status": "On record (details not public in this dataset)",
        "owner_record_available": false,
        "ownership_type": "Institutional",
        "last_verified": "2026-09-01",
        "area_sqm": 186.6,
        "area_sqft": 2008,
        "perimeter_m": 56,
        "reference_area_sqm": 199,
        "reference_area_sqft": 2142,
        "discrepancy_area_sqm": 12.4,
        "discrepancy_pct": 6.22,
        "boundary_confidence": 0.46,
        "boundary_confidence_label": "Low",
        "boundary_source": "Derived — regular grid aligned to a real basemap location",
        "built_up_area_sqm": 96.4,
        "built_up_pct": 51.7,
        "floors": 2,
        "vegetation_pct": 10,
        "encroachment_area_sqm": 0,
        "encroachment_status": "None",
        "previous": {
          "observed_on": "2026-03-05",
          "built_up_area_sqm": 78.9,
          "vegetation_pct": 16,
          "encroachment_area_sqm": 0
        },
        "assessed_value_inr": 29400000,
        "last_updated": "2026-09-01",
        "data_source": "Demonstration data — synthetic, not an official land record",
        "data_quality": "DEMO"
      }
    },
    {
      "type": "Feature",
      "id": "IND-TN-CHN-DEMO-0096",
      "geometry": {
        "type": "Polygon",
        "coordinates": [
          [
            [
              80.23496215976222,
              13.042047035573123
            ],
            [
              80.23506359032248,
              13.042047035573123
            ],
            [
              80.23506359032248,
              13.042199748472871
            ],
            [
              80.23496215976222,
              13.042199748472871
            ],
            [
              80.23496215976222,
              13.042047035573123
            ]
          ]
        ]
      },
      "properties": {
        "parcel_id": "IND-TN-CHN-DEMO-0096",
        "survey_no": "T.S. No. 1259",
        "subdivision_no": "7",
        "state": "Tamil Nadu",
        "district": "Chennai",
        "taluk": "Mambalam",
        "village_ward": "Ward 127, T. Nagar",
        "local_body": "Greater Chennai Corporation",
        "pin_code": "600017",
        "city": "Chennai",
        "locality": "T. Nagar",
        "address": "Plot 12, South Boag Rd, T. Nagar",
        "land_use": "Residential",
        "observed_use": "Residential",
        "zoning_code": "R1",
        "zoning_description": "Primary Residential Use Zone",
        "development_status": "Developed",
        "tenure_class": "Government",
        "agri_status": "Non-agricultural",
        "ownership_status": "On record (details not public in this dataset)",
        "owner_record_available": false,
        "ownership_type": "Government",
        "last_verified": "2026-09-01",
        "area_sqm": 186.6,
        "area_sqft": 2008,
        "perimeter_m": 56,
        "reference_area_sqm": 184.7,
        "reference_area_sqft": 1988,
        "discrepancy_area_sqm": 1.9,
        "discrepancy_pct": 1.04,
        "boundary_confidence": 0.84,
        "boundary_confidence_label": "High",
        "boundary_source": "Derived — regular grid aligned to a real basemap location",
        "built_up_area_sqm": 124.9,
        "built_up_pct": 66.9,
        "floors": 2,
        "vegetation_pct": 16,
        "encroachment_area_sqm": 0,
        "encroachment_status": "None",
        "previous": {
          "observed_on": "2026-03-05",
          "built_up_area_sqm": 106.6,
          "vegetation_pct": 16,
          "encroachment_area_sqm": 0
        },
        "assessed_value_inr": 46700000,
        "last_updated": "2026-09-01",
        "data_source": "Demonstration data — synthetic, not an official land record",
        "data_quality": "DEMO"
      }
    },
    {
      "type": "Feature",
      "id": "IND-TN-CHN-DEMO-0097",
      "geometry": {
        "type": "Polygon",
        "coordinates": [
          [
            [
              80.23313640967753,
              13.042262630255122
            ],
            [
              80.23323784023779,
              13.042262630255122
            ],
            [
              80.23323784023779,
              13.04241534315487
            ],
            [
              80.23313640967753,
              13.04241534315487
            ],
            [
              80.23313640967753,
              13.042262630255122
            ]
          ]
        ]
      },
      "properties": {
        "parcel_id": "IND-TN-CHN-DEMO-0097",
        "survey_no": "T.S. No. 1261",
        "subdivision_no": "8",
        "state": "Tamil Nadu",
        "district": "Chennai",
        "taluk": "Mambalam",
        "village_ward": "Ward 120, T. Nagar",
        "local_body": "Greater Chennai Corporation",
        "pin_code": "600017",
        "city": "Chennai",
        "locality": "T. Nagar",
        "address": "Plot 1, Venkatnarayana Rd, T. Nagar",
        "land_use": "Commercial",
        "observed_use": "Commercial",
        "zoning_code": "C2",
        "zoning_description": "General Commercial Use Zone",
        "development_status": "Developed",
        "tenure_class": "Government",
        "agri_status": "Non-agricultural",
        "ownership_status": "On record (details not public in this dataset)",
        "owner_record_available": false,
        "ownership_type": "Government",
        "last_verified": "2026-09-01",
        "area_sqm": 186.6,
        "area_sqft": 2008,
        "perimeter_m": 56,
        "reference_area_sqm": 197.1,
        "reference_area_sqft": 2122,
        "discrepancy_area_sqm": 10.6,
        "discrepancy_pct": 5.36,
        "boundary_confidence": 0.89,
        "boundary_confidence_label": "High",
        "boundary_source": "Derived — regular grid aligned to a real basemap location",
        "built_up_area_sqm": 124.8,
        "built_up_pct": 66.9,
        "floors": 3,
        "vegetation_pct": 4,
        "encroachment_area_sqm": 15.3,
        "encroachment_status": "Moderate",
        "previous": {
          "observed_on": "2026-03-05",
          "built_up_area_sqm": 116.9,
          "vegetation_pct": 8,
          "encroachment_area_sqm": 9.2
        },
        "assessed_value_inr": 71100000,
        "last_updated": "2026-09-01",
        "data_source": "Demonstration data — synthetic, not an official land record",
        "data_quality": "DEMO"
      }
    },
    {
      "type": "Feature",
      "id": "IND-TN-CHN-DEMO-0098",
      "geometry": {
        "type": "Polygon",
        "coordinates": [
          [
            [
              80.23330238695796,
              13.042262630255122
            ],
            [
              80.23340381751822,
              13.042262630255122
            ],
            [
              80.23340381751822,
              13.04241534315487
            ],
            [
              80.23330238695796,
              13.04241534315487
            ],
            [
              80.23330238695796,
              13.042262630255122
            ]
          ]
        ]
      },
      "properties": {
        "parcel_id": "IND-TN-CHN-DEMO-0098",
        "survey_no": "T.S. No. 1264",
        "subdivision_no": "9",
        "state": "Tamil Nadu",
        "district": "Chennai",
        "taluk": "Mambalam",
        "village_ward": "Ward 120, T. Nagar",
        "local_body": "Greater Chennai Corporation",
        "pin_code": "600017",
        "city": "Chennai",
        "locality": "T. Nagar",
        "address": "Plot 2, Venkatnarayana Rd, T. Nagar",
        "land_use": "Institutional",
        "observed_use": "Institutional",
        "zoning_code": "I1",
        "zoning_description": "Institutional Use Zone",
        "development_status": "Developed",
        "tenure_class": "Institutional",
        "agri_status": "Non-agricultural",
        "ownership_status": "On record (details not public in this dataset)",
        "owner_record_available": false,
        "ownership_type": "Institutional",
        "last_verified": "2026-09-01",
        "area_sqm": 186.6,
        "area_sqft": 2008,
        "perimeter_m": 56,
        "reference_area_sqm": 197.4,
        "reference_area_sqft": 2125,
        "discrepancy_area_sqm": 10.8,
        "discrepancy_pct": 5.48,
        "boundary_confidence": 0.75,
        "boundary_confidence_label": "Medium",
        "boundary_source": "Derived — regular grid aligned to a real basemap location",
        "built_up_area_sqm": 66.1,
        "built_up_pct": 35.4,
        "floors": 2,
        "vegetation_pct": 19,
        "encroachment_area_sqm": 0,
        "encroachment_status": "None",
        "previous": {
          "observed_on": "2026-03-05",
          "built_up_area_sqm": 59.8,
          "vegetation_pct": 21,
          "encroachment_area_sqm": 0
        },
        "assessed_value_inr": 35300000,
        "last_updated": "2026-09-01",
        "data_source": "Demonstration data — synthetic, not an official land record",
        "data_quality": "DEMO"
      }
    },
    {
      "type": "Feature",
      "id": "IND-TN-CHN-DEMO-0099",
      "geometry": {
        "type": "Polygon",
        "coordinates": [
          [
            [
              80.23346836423838,
              13.042262630255122
            ],
            [
              80.23356979479864,
              13.042262630255122
            ],
            [
              80.23356979479864,
              13.04241534315487
            ],
            [
              80.23346836423838,
              13.04241534315487
            ],
            [
              80.23346836423838,
              13.042262630255122
            ]
          ]
        ]
      },
      "properties": {
        "parcel_id": "IND-TN-CHN-DEMO-0099",
        "survey_no": "T.S. No. 1267",
        "subdivision_no": "1",
        "state": "Tamil Nadu",
        "district": "Chennai",
        "taluk": "Mambalam",
        "village_ward": "Ward 120, T. Nagar",
        "local_body": "Greater Chennai Corporation",
        "pin_code": "600017",
        "city": "Chennai",
        "locality": "T. Nagar",
        "address": "Plot 3, Venkatnarayana Rd, T. Nagar",
        "land_use": "Mixed Residential",
        "observed_use": "Mixed Residential",
        "zoning_code": "R2",
        "zoning_description": "Mixed Residential Use Zone",
        "development_status": "Under review",
        "tenure_class": "Private",
        "agri_status": "Non-agricultural",
        "ownership_status": "On record (details not public in this dataset)",
        "owner_record_available": false,
        "ownership_type": "Individual / private",
        "last_verified": "2026-09-01",
        "area_sqm": 186.6,
        "area_sqft": 2008,
        "perimeter_m": 56,
        "reference_area_sqm": 186.4,
        "reference_area_sqft": 2007,
        "discrepancy_area_sqm": 0.2,
        "discrepancy_pct": 0.08,
        "boundary_confidence": 0.46,
        "boundary_confidence_label": "Low",
        "boundary_source": "Derived — regular grid aligned to a real basemap location",
        "built_up_area_sqm": 115.9,
        "built_up_pct": 62.1,
        "floors": 3,
        "vegetation_pct": 14,
        "encroachment_area_sqm": 23.3,
        "encroachment_status": "Moderate",
        "previous": {
          "observed_on": "2026-03-05",
          "built_up_area_sqm": 96.1,
          "vegetation_pct": 21,
          "encroachment_area_sqm": 0
        },
        "assessed_value_inr": 43500000,
        "last_updated": "2026-09-01",
        "data_source": "Demonstration data — synthetic, not an official land record",
        "data_quality": "DEMO"
      }
    },
    {
      "type": "Feature",
      "id": "IND-TN-CHN-DEMO-0100",
      "geometry": {
        "type": "Polygon",
        "coordinates": [
          [
            [
              80.23363434151881,
              13.042262630255122
            ],
            [
              80.23373577207907,
              13.042262630255122
            ],
            [
              80.23373577207907,
              13.04241534315487
            ],
            [
              80.23363434151881,
              13.04241534315487
            ],
            [
              80.23363434151881,
              13.042262630255122
            ]
          ]
        ]
      },
      "properties": {
        "parcel_id": "IND-TN-CHN-DEMO-0100",
        "survey_no": "T.S. No. 1270",
        "subdivision_no": "2",
        "state": "Tamil Nadu",
        "district": "Chennai",
        "taluk": "Mambalam",
        "village_ward": "Ward 120, T. Nagar",
        "local_body": "Greater Chennai Corporation",
        "pin_code": "600017",
        "city": "Chennai",
        "locality": "T. Nagar",
        "address": "Plot 4, Venkatnarayana Rd, T. Nagar",
        "land_use": "Vacant",
        "observed_use": "No active use observed",
        "zoning_code": "R1",
        "zoning_description": "Primary Residential Use Zone (undeveloped)",
        "development_status": "Vacant / Undeveloped",
        "tenure_class": "Public",
        "agri_status": "Non-agricultural",
        "ownership_status": "On record (details not public in this dataset)",
        "owner_record_available": false,
        "ownership_type": "Public",
        "last_verified": "2026-09-01",
        "area_sqm": 186.6,
        "area_sqft": 2008,
        "perimeter_m": 56,
        "reference_area_sqm": 193.3,
        "reference_area_sqft": 2080,
        "discrepancy_area_sqm": 6.7,
        "discrepancy_pct": 3.46,
        "boundary_confidence": 0.43,
        "boundary_confidence_label": "Low",
        "boundary_source": "Derived — regular grid aligned to a real basemap location",
        "built_up_area_sqm": 1.3,
        "built_up_pct": 0.7,
        "floors": 0,
        "vegetation_pct": 43,
        "encroachment_area_sqm": 2.5,
        "encroachment_status": "Minor",
        "previous": {
          "observed_on": "2026-03-05",
          "built_up_area_sqm": 1.1,
          "vegetation_pct": 44,
          "encroachment_area_sqm": 0
        },
        "assessed_value_inr": 43400000,
        "last_updated": "2026-09-01",
        "data_source": "Demonstration data — synthetic, not an official land record",
        "data_quality": "DEMO"
      }
    },
    {
      "type": "Feature",
      "id": "IND-TN-CHN-DEMO-0101",
      "geometry": {
        "type": "Polygon",
        "coordinates": [
          [
            [
              80.23380031879923,
              13.042262630255122
            ],
            [
              80.23390174935949,
              13.042262630255122
            ],
            [
              80.23390174935949,
              13.04241534315487
            ],
            [
              80.23380031879923,
              13.04241534315487
            ],
            [
              80.23380031879923,
              13.042262630255122
            ]
          ]
        ]
      },
      "properties": {
        "parcel_id": "IND-TN-CHN-DEMO-0101",
        "survey_no": "T.S. No. 1272",
        "subdivision_no": "3",
        "state": "Tamil Nadu",
        "district": "Chennai",
        "taluk": "Mambalam",
        "village_ward": "Ward 120, T. Nagar",
        "local_body": "Greater Chennai Corporation",
        "pin_code": "600017",
        "city": "Chennai",
        "locality": "T. Nagar",
        "address": "Plot 5, Venkatnarayana Rd, T. Nagar",
        "land_use": "Institutional",
        "observed_use": "Institutional",
        "zoning_code": "I1",
        "zoning_description": "Institutional Use Zone",
        "development_status": "Developed",
        "tenure_class": "Institutional",
        "agri_status": "Non-agricultural",
        "ownership_status": "On record (details not public in this dataset)",
        "owner_record_available": false,
        "ownership_type": "Institutional",
        "last_verified": "2026-09-01",
        "area_sqm": 186.6,
        "area_sqft": 2008,
        "perimeter_m": 56,
        "reference_area_sqm": 180.4,
        "reference_area_sqft": 1941,
        "discrepancy_area_sqm": 6.2,
        "discrepancy_pct": 3.44,
        "boundary_confidence": 0.69,
        "boundary_confidence_label": "Medium",
        "boundary_source": "Derived — regular grid aligned to a real basemap location",
        "built_up_area_sqm": 71.9,
        "built_up_pct": 38.5,
        "floors": 3,
        "vegetation_pct": 34,
        "encroachment_area_sqm": 0,
        "encroachment_status": "None",
        "previous": {
          "observed_on": "2026-03-05",
          "built_up_area_sqm": 63.7,
          "vegetation_pct": 37,
          "encroachment_area_sqm": 0
        },
        "assessed_value_inr": 27800000,
        "last_updated": "2026-09-01",
        "data_source": "Demonstration data — synthetic, not an official land record",
        "data_quality": "DEMO"
      }
    },
    {
      "type": "Feature",
      "id": "IND-TN-CHN-DEMO-0102",
      "geometry": {
        "type": "Polygon",
        "coordinates": [
          [
            [
              80.23396629607966,
              13.042262630255122
            ],
            [
              80.23406772663992,
              13.042262630255122
            ],
            [
              80.23406772663992,
              13.04241534315487
            ],
            [
              80.23396629607966,
              13.04241534315487
            ],
            [
              80.23396629607966,
              13.042262630255122
            ]
          ]
        ]
      },
      "properties": {
        "parcel_id": "IND-TN-CHN-DEMO-0102",
        "survey_no": "T.S. No. 1275",
        "subdivision_no": "4",
        "state": "Tamil Nadu",
        "district": "Chennai",
        "taluk": "Mambalam",
        "village_ward": "Ward 120, T. Nagar",
        "local_body": "Greater Chennai Corporation",
        "pin_code": "600017",
        "city": "Chennai",
        "locality": "T. Nagar",
        "address": "Plot 6, Venkatnarayana Rd, T. Nagar",
        "land_use": "Commercial",
        "observed_use": "Commercial",
        "zoning_code": "C2",
        "zoning_description": "General Commercial Use Zone",
        "development_status": "Under review",
        "tenure_class": "Private",
        "agri_status": "Non-agricultural",
        "ownership_status": "On record (details not public in this dataset)",
        "owner_record_available": false,
        "ownership_type": "Individual / private",
        "last_verified": "2026-09-01",
        "area_sqm": 186.6,
        "area_sqft": 2008,
        "perimeter_m": 56,
        "reference_area_sqm": 199.4,
        "reference_area_sqft": 2146,
        "discrepancy_area_sqm": 12.8,
        "discrepancy_pct": 6.41,
        "boundary_confidence": 0.66,
        "boundary_confidence_label": "Medium",
        "boundary_source": "Derived — regular grid aligned to a real basemap location",
        "built_up_area_sqm": 147.9,
        "built_up_pct": 79.2,
        "floors": 4,
        "vegetation_pct": 1,
        "encroachment_area_sqm": 0,
        "encroachment_status": "None",
        "previous": {
          "observed_on": "2026-03-05",
          "built_up_area_sqm": 137.5,
          "vegetation_pct": 8,
          "encroachment_area_sqm": 0
        },
        "assessed_value_inr": 73100000,
        "last_updated": "2026-09-01",
        "data_source": "Demonstration data — synthetic, not an official land record",
        "data_quality": "DEMO"
      }
    },
    {
      "type": "Feature",
      "id": "IND-TN-CHN-DEMO-0103",
      "geometry": {
        "type": "Polygon",
        "coordinates": [
          [
            [
              80.23413227336009,
              13.042262630255122
            ],
            [
              80.23423370392035,
              13.042262630255122
            ],
            [
              80.23423370392035,
              13.04241534315487
            ],
            [
              80.23413227336009,
              13.04241534315487
            ],
            [
              80.23413227336009,
              13.042262630255122
            ]
          ]
        ]
      },
      "properties": {
        "parcel_id": "IND-TN-CHN-DEMO-0103",
        "survey_no": "T.S. No. 1278",
        "subdivision_no": "5",
        "state": "Tamil Nadu",
        "district": "Chennai",
        "taluk": "Mambalam",
        "village_ward": "Ward 120, T. Nagar",
        "local_body": "Greater Chennai Corporation",
        "pin_code": "600017",
        "city": "Chennai",
        "locality": "T. Nagar",
        "address": "Plot 7, Venkatnarayana Rd, T. Nagar",
        "land_use": "Mixed Residential",
        "observed_use": "Mixed Residential",
        "zoning_code": "R2",
        "zoning_description": "Mixed Residential Use Zone",
        "development_status": "Developed",
        "tenure_class": "Institutional",
        "agri_status": "Non-agricultural",
        "ownership_status": "On record (details not public in this dataset)",
        "owner_record_available": false,
        "ownership_type": "Institutional",
        "last_verified": "2026-09-01",
        "area_sqm": 186.6,
        "area_sqft": 2008,
        "perimeter_m": 56,
        "reference_area_sqm": 197.9,
        "reference_area_sqft": 2130,
        "discrepancy_area_sqm": 11.3,
        "discrepancy_pct": 5.72,
        "boundary_confidence": 0.73,
        "boundary_confidence_label": "Medium",
        "boundary_source": "Derived — regular grid aligned to a real basemap location",
        "built_up_area_sqm": 126.4,
        "built_up_pct": 67.7,
        "floors": 3,
        "vegetation_pct": 4,
        "encroachment_area_sqm": 0,
        "encroachment_status": "None",
        "previous": {
          "observed_on": "2026-03-05",
          "built_up_area_sqm": 99.1,
          "vegetation_pct": 11,
          "encroachment_area_sqm": 0
        },
        "assessed_value_inr": 45200000,
        "last_updated": "2026-09-01",
        "data_source": "Demonstration data — synthetic, not an official land record",
        "data_quality": "DEMO"
      }
    },
    {
      "type": "Feature",
      "id": "IND-TN-CHN-DEMO-0104",
      "geometry": {
        "type": "Polygon",
        "coordinates": [
          [
            [
              80.2342982506405,
              13.042262630255122
            ],
            [
              80.23439968120077,
              13.042262630255122
            ],
            [
              80.23439968120077,
              13.04241534315487
            ],
            [
              80.2342982506405,
              13.04241534315487
            ],
            [
              80.2342982506405,
              13.042262630255122
            ]
          ]
        ]
      },
      "properties": {
        "parcel_id": "IND-TN-CHN-DEMO-0104",
        "survey_no": "T.S. No. 1280",
        "subdivision_no": "6",
        "state": "Tamil Nadu",
        "district": "Chennai",
        "taluk": "Mambalam",
        "village_ward": "Ward 120, T. Nagar",
        "local_body": "Greater Chennai Corporation",
        "pin_code": "600017",
        "city": "Chennai",
        "locality": "T. Nagar",
        "address": "Plot 8, Venkatnarayana Rd, T. Nagar",
        "land_use": "Commercial",
        "observed_use": "Commercial",
        "zoning_code": "C2",
        "zoning_description": "General Commercial Use Zone",
        "development_status": "Developed",
        "tenure_class": "Private",
        "agri_status": "Non-agricultural",
        "ownership_status": "On record (details not public in this dataset)",
        "owner_record_available": false,
        "ownership_type": "Individual / private",
        "last_verified": "2026-09-01",
        "area_sqm": 186.6,
        "area_sqft": 2008,
        "perimeter_m": 56,
        "reference_area_sqm": 182.4,
        "reference_area_sqft": 1963,
        "discrepancy_area_sqm": 4.2,
        "discrepancy_pct": 2.29,
        "boundary_confidence": 0.76,
        "boundary_confidence_label": "Medium",
        "boundary_source": "Derived — regular grid aligned to a real basemap location",
        "built_up_area_sqm": 131.4,
        "built_up_pct": 70.4,
        "floors": 2,
        "vegetation_pct": 2,
        "encroachment_area_sqm": 0,
        "encroachment_status": "None",
        "previous": {
          "observed_on": "2026-03-05",
          "built_up_area_sqm": 116.7,
          "vegetation_pct": 3,
          "encroachment_area_sqm": 0
        },
        "assessed_value_inr": 63000000,
        "last_updated": "2026-09-01",
        "data_source": "Demonstration data — synthetic, not an official land record",
        "data_quality": "DEMO"
      }
    },
    {
      "type": "Feature",
      "id": "IND-TN-CHN-DEMO-0105",
      "geometry": {
        "type": "Polygon",
        "coordinates": [
          [
            [
              80.23446422792094,
              13.042262630255122
            ],
            [
              80.2345656584812,
              13.042262630255122
            ],
            [
              80.2345656584812,
              13.04241534315487
            ],
            [
              80.23446422792094,
              13.04241534315487
            ],
            [
              80.23446422792094,
              13.042262630255122
            ]
          ]
        ]
      },
      "properties": {
        "parcel_id": "IND-TN-CHN-DEMO-0105",
        "survey_no": "T.S. No. 1283",
        "subdivision_no": "7",
        "state": "Tamil Nadu",
        "district": "Chennai",
        "taluk": "Mambalam",
        "village_ward": "Ward 120, T. Nagar",
        "local_body": "Greater Chennai Corporation",
        "pin_code": "600017",
        "city": "Chennai",
        "locality": "T. Nagar",
        "address": "Plot 9, Venkatnarayana Rd, T. Nagar",
        "land_use": "Commercial",
        "observed_use": "Commercial",
        "zoning_code": "C2",
        "zoning_description": "General Commercial Use Zone",
        "development_status": "Developed",
        "tenure_class": "Private",
        "agri_status": "Non-agricultural",
        "ownership_status": "On record (details not public in this dataset)",
        "owner_record_available": false,
        "ownership_type": "Individual / private",
        "last_verified": "2026-09-01",
        "area_sqm": 186.6,
        "area_sqft": 2008,
        "perimeter_m": 56,
        "reference_area_sqm": 199.4,
        "reference_area_sqft": 2146,
        "discrepancy_area_sqm": 12.8,
        "discrepancy_pct": 6.41,
        "boundary_confidence": 0.65,
        "boundary_confidence_label": "Medium",
        "boundary_source": "Derived — regular grid aligned to a real basemap location",
        "built_up_area_sqm": 146.3,
        "built_up_pct": 78.4,
        "floors": 3,
        "vegetation_pct": 7,
        "encroachment_area_sqm": 0,
        "encroachment_status": "None",
        "previous": {
          "observed_on": "2026-03-05",
          "built_up_area_sqm": 125.5,
          "vegetation_pct": 8,
          "encroachment_area_sqm": 0
        },
        "assessed_value_inr": 64900000,
        "last_updated": "2026-09-01",
        "data_source": "Demonstration data — synthetic, not an official land record",
        "data_quality": "DEMO"
      }
    },
    {
      "type": "Feature",
      "id": "IND-TN-CHN-DEMO-0106",
      "geometry": {
        "type": "Polygon",
        "coordinates": [
          [
            [
              80.23463020520136,
              13.042262630255122
            ],
            [
              80.23473163576162,
              13.042262630255122
            ],
            [
              80.23473163576162,
              13.04241534315487
            ],
            [
              80.23463020520136,
              13.04241534315487
            ],
            [
              80.23463020520136,
              13.042262630255122
            ]
          ]
        ]
      },
      "properties": {
        "parcel_id": "IND-TN-CHN-DEMO-0106",
        "survey_no": "T.S. No. 1286",
        "subdivision_no": "8",
        "state": "Tamil Nadu",
        "district": "Chennai",
        "taluk": "Mambalam",
        "village_ward": "Ward 120, T. Nagar",
        "local_body": "Greater Chennai Corporation",
        "pin_code": "600017",
        "city": "Chennai",
        "locality": "T. Nagar",
        "address": "Plot 10, Venkatnarayana Rd, T. Nagar",
        "land_use": "Mixed Residential",
        "observed_use": "Mixed Residential",
        "zoning_code": "R2",
        "zoning_description": "Mixed Residential Use Zone",
        "development_status": "Developed",
        "tenure_class": "Government",
        "agri_status": "Non-agricultural",
        "ownership_status": "On record (details not public in this dataset)",
        "owner_record_available": false,
        "ownership_type": "Government",
        "last_verified": "2026-09-01",
        "area_sqm": 186.6,
        "area_sqft": 2008,
        "perimeter_m": 56,
        "reference_area_sqm": 182.6,
        "reference_area_sqft": 1965,
        "discrepancy_area_sqm": 4,
        "discrepancy_pct": 2.19,
        "boundary_confidence": 0.62,
        "boundary_confidence_label": "Medium",
        "boundary_source": "Derived — regular grid aligned to a real basemap location",
        "built_up_area_sqm": 97.5,
        "built_up_pct": 52.2,
        "floors": 3,
        "vegetation_pct": 6,
        "encroachment_area_sqm": 0,
        "encroachment_status": "None",
        "previous": {
          "observed_on": "2026-03-05",
          "built_up_area_sqm": 91.6,
          "vegetation_pct": 7,
          "encroachment_area_sqm": 0
        },
        "assessed_value_inr": 52900000,
        "last_updated": "2026-09-01",
        "data_source": "Demonstration data — synthetic, not an official land record",
        "data_quality": "DEMO"
      }
    },
    {
      "type": "Feature",
      "id": "IND-TN-CHN-DEMO-0107",
      "geometry": {
        "type": "Polygon",
        "coordinates": [
          [
            [
              80.23479618248179,
              13.042262630255122
            ],
            [
              80.23489761304205,
              13.042262630255122
            ],
            [
              80.23489761304205,
              13.04241534315487
            ],
            [
              80.23479618248179,
              13.04241534315487
            ],
            [
              80.23479618248179,
              13.042262630255122
            ]
          ]
        ]
      },
      "properties": {
        "parcel_id": "IND-TN-CHN-DEMO-0107",
        "survey_no": "T.S. No. 1288",
        "subdivision_no": "9",
        "state": "Tamil Nadu",
        "district": "Chennai",
        "taluk": "Mambalam",
        "village_ward": "Ward 120, T. Nagar",
        "local_body": "Greater Chennai Corporation",
        "pin_code": "600017",
        "city": "Chennai",
        "locality": "T. Nagar",
        "address": "Plot 11, Venkatnarayana Rd, T. Nagar",
        "land_use": "Residential",
        "observed_use": "Residential",
        "zoning_code": "R1",
        "zoning_description": "Primary Residential Use Zone",
        "development_status": "Developed",
        "tenure_class": "Private",
        "agri_status": "Non-agricultural",
        "ownership_status": "On record (details not public in this dataset)",
        "owner_record_available": false,
        "ownership_type": "Individual / private",
        "last_verified": "2026-09-01",
        "area_sqm": 186.6,
        "area_sqft": 2008,
        "perimeter_m": 56,
        "reference_area_sqm": 195.4,
        "reference_area_sqft": 2104,
        "discrepancy_area_sqm": 8.8,
        "discrepancy_pct": 4.52,
        "boundary_confidence": 0.86,
        "boundary_confidence_label": "High",
        "boundary_source": "Derived — regular grid aligned to a real basemap location",
        "built_up_area_sqm": 125.2,
        "built_up_pct": 67.1,
        "floors": 3,
        "vegetation_pct": 29,
        "encroachment_area_sqm": 0,
        "encroachment_status": "None",
        "previous": {
          "observed_on": "2026-03-05",
          "built_up_area_sqm": 112.5,
          "vegetation_pct": 36,
          "encroachment_area_sqm": 0
        },
        "assessed_value_inr": 46200000,
        "last_updated": "2026-09-01",
        "data_source": "Demonstration data — synthetic, not an official land record",
        "data_quality": "DEMO"
      }
    },
    {
      "type": "Feature",
      "id": "IND-TN-CHN-DEMO-0108",
      "geometry": {
        "type": "Polygon",
        "coordinates": [
          [
            [
              80.23496215976222,
              13.042262630255122
            ],
            [
              80.23506359032248,
              13.042262630255122
            ],
            [
              80.23506359032248,
              13.04241534315487
            ],
            [
              80.23496215976222,
              13.04241534315487
            ],
            [
              80.23496215976222,
              13.042262630255122
            ]
          ]
        ]
      },
      "properties": {
        "parcel_id": "IND-TN-CHN-DEMO-0108",
        "survey_no": "T.S. No. 1291",
        "subdivision_no": "1",
        "state": "Tamil Nadu",
        "district": "Chennai",
        "taluk": "Mambalam",
        "village_ward": "Ward 120, T. Nagar",
        "local_body": "Greater Chennai Corporation",
        "pin_code": "600017",
        "city": "Chennai",
        "locality": "T. Nagar",
        "address": "Plot 12, Venkatnarayana Rd, T. Nagar",
        "land_use": "Mixed Residential",
        "observed_use": "Mixed Residential",
        "zoning_code": "R2",
        "zoning_description": "Mixed Residential Use Zone",
        "development_status": "Developed",
        "tenure_class": "Public",
        "agri_status": "Non-agricultural",
        "ownership_status": "On record (details not public in this dataset)",
        "owner_record_available": false,
        "ownership_type": "Public",
        "last_verified": "2026-09-01",
        "area_sqm": 186.6,
        "area_sqft": 2008,
        "perimeter_m": 56,
        "reference_area_sqm": 188.3,
        "reference_area_sqft": 2027,
        "discrepancy_area_sqm": 1.7,
        "discrepancy_pct": 0.92,
        "boundary_confidence": 0.73,
        "boundary_confidence_label": "Medium",
        "boundary_source": "Derived — regular grid aligned to a real basemap location",
        "built_up_area_sqm": 129,
        "built_up_pct": 69.1,
        "floors": 4,
        "vegetation_pct": 8,
        "encroachment_area_sqm": 0,
        "encroachment_status": "None",
        "previous": {
          "observed_on": "2026-03-05",
          "built_up_area_sqm": 105.9,
          "vegetation_pct": 13,
          "encroachment_area_sqm": 0
        },
        "assessed_value_inr": 48300000,
        "last_updated": "2026-09-01",
        "data_source": "Demonstration data — synthetic, not an official land record",
        "data_quality": "DEMO"
      }
    },
    {
      "type": "Feature",
      "id": "IND-TN-CHN-DEMO-0109",
      "geometry": {
        "type": "Polygon",
        "coordinates": [
          [
            [
              80.23313640967753,
              13.042478224937119
            ],
            [
              80.23323784023779,
              13.042478224937119
            ],
            [
              80.23323784023779,
              13.042630937836867
            ],
            [
              80.23313640967753,
              13.042630937836867
            ],
            [
              80.23313640967753,
              13.042478224937119
            ]
          ]
        ]
      },
      "properties": {
        "parcel_id": "IND-TN-CHN-DEMO-0109",
        "survey_no": "T.S. No. 1294",
        "subdivision_no": "2",
        "state": "Tamil Nadu",
        "district": "Chennai",
        "taluk": "Mambalam",
        "village_ward": "Ward 121, T. Nagar",
        "local_body": "Greater Chennai Corporation",
        "pin_code": "600017",
        "city": "Chennai",
        "locality": "T. Nagar",
        "address": "Plot 1, G.N. Chetty Rd, T. Nagar",
        "land_use": "Vacant",
        "observed_use": "No active use observed",
        "zoning_code": "R1",
        "zoning_description": "Primary Residential Use Zone (undeveloped)",
        "development_status": "Vacant / Undeveloped",
        "tenure_class": "Government",
        "agri_status": "Non-agricultural",
        "ownership_status": "On record (details not public in this dataset)",
        "owner_record_available": false,
        "ownership_type": "Government",
        "last_verified": "2026-09-01",
        "area_sqm": 186.6,
        "area_sqft": 2008,
        "perimeter_m": 56,
        "reference_area_sqm": 197.9,
        "reference_area_sqft": 2130,
        "discrepancy_area_sqm": 11.3,
        "discrepancy_pct": 5.72,
        "boundary_confidence": 0.88,
        "boundary_confidence_label": "High",
        "boundary_source": "Derived — regular grid aligned to a real basemap location",
        "built_up_area_sqm": 3.7,
        "built_up_pct": 2,
        "floors": 0,
        "vegetation_pct": 55,
        "encroachment_area_sqm": 19.5,
        "encroachment_status": "Moderate",
        "previous": {
          "observed_on": "2026-03-05",
          "built_up_area_sqm": 2.9,
          "vegetation_pct": 62,
          "encroachment_area_sqm": 11.7
        },
        "assessed_value_inr": 34900000,
        "last_updated": "2026-09-01",
        "data_source": "Demonstration data — synthetic, not an official land record",
        "data_quality": "DEMO"
      }
    },
    {
      "type": "Feature",
      "id": "IND-TN-CHN-DEMO-0110",
      "geometry": {
        "type": "Polygon",
        "coordinates": [
          [
            [
              80.23330238695796,
              13.042478224937119
            ],
            [
              80.23340381751822,
              13.042478224937119
            ],
            [
              80.23340381751822,
              13.042630937836867
            ],
            [
              80.23330238695796,
              13.042630937836867
            ],
            [
              80.23330238695796,
              13.042478224937119
            ]
          ]
        ]
      },
      "properties": {
        "parcel_id": "IND-TN-CHN-DEMO-0110",
        "survey_no": "T.S. No. 1297",
        "subdivision_no": "3",
        "state": "Tamil Nadu",
        "district": "Chennai",
        "taluk": "Mambalam",
        "village_ward": "Ward 121, T. Nagar",
        "local_body": "Greater Chennai Corporation",
        "pin_code": "600017",
        "city": "Chennai",
        "locality": "T. Nagar",
        "address": "Plot 2, G.N. Chetty Rd, T. Nagar",
        "land_use": "Mixed Residential",
        "observed_use": "Mixed Residential",
        "zoning_code": "R2",
        "zoning_description": "Mixed Residential Use Zone",
        "development_status": "Developed",
        "tenure_class": "Private",
        "agri_status": "Non-agricultural",
        "ownership_status": "On record (details not public in this dataset)",
        "owner_record_available": false,
        "ownership_type": "Individual / private",
        "last_verified": "2026-09-01",
        "area_sqm": 186.6,
        "area_sqft": 2008,
        "perimeter_m": 56,
        "reference_area_sqm": 175.4,
        "reference_area_sqft": 1888,
        "discrepancy_area_sqm": 11.1,
        "discrepancy_pct": 6.35,
        "boundary_confidence": 0.86,
        "boundary_confidence_label": "High",
        "boundary_source": "Derived — regular grid aligned to a real basemap location",
        "built_up_area_sqm": 97.1,
        "built_up_pct": 52.1,
        "floors": 4,
        "vegetation_pct": 8,
        "encroachment_area_sqm": 0,
        "encroachment_status": "None",
        "previous": {
          "observed_on": "2026-03-05",
          "built_up_area_sqm": 84,
          "vegetation_pct": 13,
          "encroachment_area_sqm": 0
        },
        "assessed_value_inr": 52600000,
        "last_updated": "2026-09-01",
        "data_source": "Demonstration data — synthetic, not an official land record",
        "data_quality": "DEMO"
      }
    },
    {
      "type": "Feature",
      "id": "IND-TN-CHN-DEMO-0111",
      "geometry": {
        "type": "Polygon",
        "coordinates": [
          [
            [
              80.23346836423838,
              13.042478224937119
            ],
            [
              80.23356979479864,
              13.042478224937119
            ],
            [
              80.23356979479864,
              13.042630937836867
            ],
            [
              80.23346836423838,
              13.042630937836867
            ],
            [
              80.23346836423838,
              13.042478224937119
            ]
          ]
        ]
      },
      "properties": {
        "parcel_id": "IND-TN-CHN-DEMO-0111",
        "survey_no": "T.S. No. 1299",
        "subdivision_no": "4",
        "state": "Tamil Nadu",
        "district": "Chennai",
        "taluk": "Mambalam",
        "village_ward": "Ward 121, T. Nagar",
        "local_body": "Greater Chennai Corporation",
        "pin_code": "600017",
        "city": "Chennai",
        "locality": "T. Nagar",
        "address": "Plot 3, G.N. Chetty Rd, T. Nagar",
        "land_use": "Residential",
        "observed_use": "Residential",
        "zoning_code": "R1",
        "zoning_description": "Primary Residential Use Zone",
        "development_status": "Developed",
        "tenure_class": "Private",
        "agri_status": "Non-agricultural",
        "ownership_status": "On record (details not public in this dataset)",
        "owner_record_available": false,
        "ownership_type": "Individual / private",
        "last_verified": "2026-09-01",
        "area_sqm": 186.6,
        "area_sqft": 2008,
        "perimeter_m": 56,
        "reference_area_sqm": 175.8,
        "reference_area_sqft": 1892,
        "discrepancy_area_sqm": 10.8,
        "discrepancy_pct": 6.13,
        "boundary_confidence": 0.86,
        "boundary_confidence_label": "High",
        "boundary_source": "Derived — regular grid aligned to a real basemap location",
        "built_up_area_sqm": 94.8,
        "built_up_pct": 50.8,
        "floors": 2,
        "vegetation_pct": 20,
        "encroachment_area_sqm": 0,
        "encroachment_status": "None",
        "previous": {
          "observed_on": "2026-03-05",
          "built_up_area_sqm": 89.7,
          "vegetation_pct": 22,
          "encroachment_area_sqm": 0
        },
        "assessed_value_inr": 48500000,
        "last_updated": "2026-09-01",
        "data_source": "Demonstration data — synthetic, not an official land record",
        "data_quality": "DEMO"
      }
    },
    {
      "type": "Feature",
      "id": "IND-TN-CHN-DEMO-0112",
      "geometry": {
        "type": "Polygon",
        "coordinates": [
          [
            [
              80.23363434151881,
              13.042478224937119
            ],
            [
              80.23373577207907,
              13.042478224937119
            ],
            [
              80.23373577207907,
              13.042630937836867
            ],
            [
              80.23363434151881,
              13.042630937836867
            ],
            [
              80.23363434151881,
              13.042478224937119
            ]
          ]
        ]
      },
      "properties": {
        "parcel_id": "IND-TN-CHN-DEMO-0112",
        "survey_no": "T.S. No. 1302",
        "subdivision_no": "5",
        "state": "Tamil Nadu",
        "district": "Chennai",
        "taluk": "Mambalam",
        "village_ward": "Ward 121, T. Nagar",
        "local_body": "Greater Chennai Corporation",
        "pin_code": "600017",
        "city": "Chennai",
        "locality": "T. Nagar",
        "address": "Plot 4, G.N. Chetty Rd, T. Nagar",
        "land_use": "Residential",
        "observed_use": "Residential",
        "zoning_code": "R1",
        "zoning_description": "Primary Residential Use Zone",
        "development_status": "Developed — discrepancy flagged",
        "tenure_class": "Private",
        "agri_status": "Non-agricultural",
        "ownership_status": "On record (details not public in this dataset)",
        "owner_record_available": false,
        "ownership_type": "Individual / private",
        "last_verified": "2026-09-01",
        "area_sqm": 186.6,
        "area_sqft": 2008,
        "perimeter_m": 56,
        "reference_area_sqm": 185.4,
        "reference_area_sqft": 1996,
        "discrepancy_area_sqm": 1.2,
        "discrepancy_pct": 0.64,
        "boundary_confidence": 0.45,
        "boundary_confidence_label": "Low",
        "boundary_source": "Derived — regular grid aligned to a real basemap location",
        "built_up_area_sqm": 91,
        "built_up_pct": 48.8,
        "floors": 1,
        "vegetation_pct": 17,
        "encroachment_area_sqm": 30.8,
        "encroachment_status": "Significant",
        "previous": {
          "observed_on": "2026-03-05",
          "built_up_area_sqm": 83.4,
          "vegetation_pct": 22,
          "encroachment_area_sqm": 0
        },
        "assessed_value_inr": 48200000,
        "last_updated": "2026-09-01",
        "data_source": "Demonstration data — synthetic, not an official land record",
        "data_quality": "DEMO"
      }
    },
    {
      "type": "Feature",
      "id": "IND-TN-CHN-DEMO-0113",
      "geometry": {
        "type": "Polygon",
        "coordinates": [
          [
            [
              80.23380031879923,
              13.042478224937119
            ],
            [
              80.23390174935949,
              13.042478224937119
            ],
            [
              80.23390174935949,
              13.042630937836867
            ],
            [
              80.23380031879923,
              13.042630937836867
            ],
            [
              80.23380031879923,
              13.042478224937119
            ]
          ]
        ]
      },
      "properties": {
        "parcel_id": "IND-TN-CHN-DEMO-0113",
        "survey_no": "T.S. No. 1305",
        "subdivision_no": "6",
        "state": "Tamil Nadu",
        "district": "Chennai",
        "taluk": "Mambalam",
        "village_ward": "Ward 121, T. Nagar",
        "local_body": "Greater Chennai Corporation",
        "pin_code": "600017",
        "city": "Chennai",
        "locality": "T. Nagar",
        "address": "Plot 5, G.N. Chetty Rd, T. Nagar",
        "land_use": "Vacant",
        "observed_use": "No active use observed",
        "zoning_code": "R1",
        "zoning_description": "Primary Residential Use Zone (undeveloped)",
        "development_status": "Vacant / Undeveloped",
        "tenure_class": "Private",
        "agri_status": "Non-agricultural",
        "ownership_status": "On record (details not public in this dataset)",
        "owner_record_available": false,
        "ownership_type": "Individual / private",
        "last_verified": "2026-09-01",
        "area_sqm": 186.6,
        "area_sqft": 2008,
        "perimeter_m": 56,
        "reference_area_sqm": 187.6,
        "reference_area_sqft": 2020,
        "discrepancy_area_sqm": 1,
        "discrepancy_pct": 0.56,
        "boundary_confidence": 0.77,
        "boundary_confidence_label": "Medium",
        "boundary_source": "Derived — regular grid aligned to a real basemap location",
        "built_up_area_sqm": 7.1,
        "built_up_pct": 3.8,
        "floors": 0,
        "vegetation_pct": 56,
        "encroachment_area_sqm": 0,
        "encroachment_status": "None",
        "previous": {
          "observed_on": "2026-03-05",
          "built_up_area_sqm": 6.6,
          "vegetation_pct": 64,
          "encroachment_area_sqm": 0
        },
        "assessed_value_inr": 41900000,
        "last_updated": "2026-09-01",
        "data_source": "Demonstration data — synthetic, not an official land record",
        "data_quality": "DEMO"
      }
    },
    {
      "type": "Feature",
      "id": "IND-TN-CHN-DEMO-0114",
      "geometry": {
        "type": "Polygon",
        "coordinates": [
          [
            [
              80.23396629607966,
              13.042478224937119
            ],
            [
              80.23406772663992,
              13.042478224937119
            ],
            [
              80.23406772663992,
              13.042630937836867
            ],
            [
              80.23396629607966,
              13.042630937836867
            ],
            [
              80.23396629607966,
              13.042478224937119
            ]
          ]
        ]
      },
      "properties": {
        "parcel_id": "IND-TN-CHN-DEMO-0114",
        "survey_no": "T.S. No. 1307",
        "subdivision_no": "7",
        "state": "Tamil Nadu",
        "district": "Chennai",
        "taluk": "Mambalam",
        "village_ward": "Ward 121, T. Nagar",
        "local_body": "Greater Chennai Corporation",
        "pin_code": "600017",
        "city": "Chennai",
        "locality": "T. Nagar",
        "address": "Plot 6, G.N. Chetty Rd, T. Nagar",
        "land_use": "Residential",
        "observed_use": "Residential",
        "zoning_code": "R1",
        "zoning_description": "Primary Residential Use Zone",
        "development_status": "Developed",
        "tenure_class": "Public",
        "agri_status": "Non-agricultural",
        "ownership_status": "On record (details not public in this dataset)",
        "owner_record_available": false,
        "ownership_type": "Public",
        "last_verified": "2026-09-01",
        "area_sqm": 186.6,
        "area_sqft": 2008,
        "perimeter_m": 56,
        "reference_area_sqm": 193.8,
        "reference_area_sqft": 2086,
        "discrepancy_area_sqm": 7.2,
        "discrepancy_pct": 3.72,
        "boundary_confidence": 0.71,
        "boundary_confidence_label": "Medium",
        "boundary_source": "Derived — regular grid aligned to a real basemap location",
        "built_up_area_sqm": 93.2,
        "built_up_pct": 49.9,
        "floors": 1,
        "vegetation_pct": 29,
        "encroachment_area_sqm": 0,
        "encroachment_status": "None",
        "previous": {
          "observed_on": "2026-03-05",
          "built_up_area_sqm": 81,
          "vegetation_pct": 35,
          "encroachment_area_sqm": 0
        },
        "assessed_value_inr": 44500000,
        "last_updated": "2026-09-01",
        "data_source": "Demonstration data — synthetic, not an official land record",
        "data_quality": "DEMO"
      }
    },
    {
      "type": "Feature",
      "id": "IND-TN-CHN-DEMO-0115",
      "geometry": {
        "type": "Polygon",
        "coordinates": [
          [
            [
              80.23413227336009,
              13.042478224937119
            ],
            [
              80.23423370392035,
              13.042478224937119
            ],
            [
              80.23423370392035,
              13.042630937836867
            ],
            [
              80.23413227336009,
              13.042630937836867
            ],
            [
              80.23413227336009,
              13.042478224937119
            ]
          ]
        ]
      },
      "properties": {
        "parcel_id": "IND-TN-CHN-DEMO-0115",
        "survey_no": "T.S. No. 1310",
        "subdivision_no": "8",
        "state": "Tamil Nadu",
        "district": "Chennai",
        "taluk": "Mambalam",
        "village_ward": "Ward 121, T. Nagar",
        "local_body": "Greater Chennai Corporation",
        "pin_code": "600017",
        "city": "Chennai",
        "locality": "T. Nagar",
        "address": "Plot 7, G.N. Chetty Rd, T. Nagar",
        "land_use": "Commercial",
        "observed_use": "Commercial",
        "zoning_code": "C2",
        "zoning_description": "General Commercial Use Zone",
        "development_status": "Developed",
        "tenure_class": "Private",
        "agri_status": "Non-agricultural",
        "ownership_status": "On record (details not public in this dataset)",
        "owner_record_available": false,
        "ownership_type": "Individual / private",
        "last_verified": "2026-09-01",
        "area_sqm": 186.6,
        "area_sqft": 2008,
        "perimeter_m": 56,
        "reference_area_sqm": 186.5,
        "reference_area_sqft": 2008,
        "discrepancy_area_sqm": 0.1,
        "discrepancy_pct": 0.03,
        "boundary_confidence": 0.55,
        "boundary_confidence_label": "Low",
        "boundary_source": "Derived — regular grid aligned to a real basemap location",
        "built_up_area_sqm": 156.7,
        "built_up_pct": 84,
        "floors": 4,
        "vegetation_pct": 6,
        "encroachment_area_sqm": 7.6,
        "encroachment_status": "Minor",
        "previous": {
          "observed_on": "2026-03-05",
          "built_up_area_sqm": 129.1,
          "vegetation_pct": 16,
          "encroachment_area_sqm": 0
        },
        "assessed_value_inr": 79500000,
        "last_updated": "2026-09-01",
        "data_source": "Demonstration data — synthetic, not an official land record",
        "data_quality": "DEMO"
      }
    },
    {
      "type": "Feature",
      "id": "IND-TN-CHN-DEMO-0116",
      "geometry": {
        "type": "Polygon",
        "coordinates": [
          [
            [
              80.2342982506405,
              13.042478224937119
            ],
            [
              80.23439968120077,
              13.042478224937119
            ],
            [
              80.23439968120077,
              13.042630937836867
            ],
            [
              80.2342982506405,
              13.042630937836867
            ],
            [
              80.2342982506405,
              13.042478224937119
            ]
          ]
        ]
      },
      "properties": {
        "parcel_id": "IND-TN-CHN-DEMO-0116",
        "survey_no": "T.S. No. 1313",
        "subdivision_no": "9",
        "state": "Tamil Nadu",
        "district": "Chennai",
        "taluk": "Mambalam",
        "village_ward": "Ward 121, T. Nagar",
        "local_body": "Greater Chennai Corporation",
        "pin_code": "600017",
        "city": "Chennai",
        "locality": "T. Nagar",
        "address": "Plot 8, G.N. Chetty Rd, T. Nagar",
        "land_use": "Public/Semi-Public",
        "observed_use": "Public/Semi-Public",
        "zoning_code": "PSP",
        "zoning_description": "Public & Semi-Public Use Zone",
        "development_status": "Developed — discrepancy flagged",
        "tenure_class": "Public",
        "agri_status": "Non-agricultural",
        "ownership_status": "On record (details not public in this dataset)",
        "owner_record_available": false,
        "ownership_type": "Public",
        "last_verified": "2026-09-01",
        "area_sqm": 186.6,
        "area_sqft": 2008,
        "perimeter_m": 56,
        "reference_area_sqm": 180.2,
        "reference_area_sqft": 1940,
        "discrepancy_area_sqm": 6.4,
        "discrepancy_pct": 3.55,
        "boundary_confidence": 0.66,
        "boundary_confidence_label": "Medium",
        "boundary_source": "Derived — regular grid aligned to a real basemap location",
        "built_up_area_sqm": 39.1,
        "built_up_pct": 21,
        "floors": 2,
        "vegetation_pct": 24,
        "encroachment_area_sqm": 35.8,
        "encroachment_status": "Significant",
        "previous": {
          "observed_on": "2026-03-05",
          "built_up_area_sqm": 31.5,
          "vegetation_pct": 26,
          "encroachment_area_sqm": 0
        },
        "assessed_value_inr": 13600000,
        "last_updated": "2026-09-01",
        "data_source": "Demonstration data — synthetic, not an official land record",
        "data_quality": "DEMO"
      }
    },
    {
      "type": "Feature",
      "id": "IND-TN-CHN-DEMO-0117",
      "geometry": {
        "type": "Polygon",
        "coordinates": [
          [
            [
              80.23446422792094,
              13.042478224937119
            ],
            [
              80.2345656584812,
              13.042478224937119
            ],
            [
              80.2345656584812,
              13.042630937836867
            ],
            [
              80.23446422792094,
              13.042630937836867
            ],
            [
              80.23446422792094,
              13.042478224937119
            ]
          ]
        ]
      },
      "properties": {
        "parcel_id": "IND-TN-CHN-DEMO-0117",
        "survey_no": "T.S. No. 1315",
        "subdivision_no": "1",
        "state": "Tamil Nadu",
        "district": "Chennai",
        "taluk": "Mambalam",
        "village_ward": "Ward 121, T. Nagar",
        "local_body": "Greater Chennai Corporation",
        "pin_code": "600017",
        "city": "Chennai",
        "locality": "T. Nagar",
        "address": "Plot 9, G.N. Chetty Rd, T. Nagar",
        "land_use": "Open Space",
        "observed_use": "Open Space",
        "zoning_code": "OSR",
        "zoning_description": "Open Space & Recreation Zone",
        "development_status": "Vacant / Undeveloped",
        "tenure_class": "Public",
        "agri_status": "Non-agricultural",
        "ownership_status": "On record (details not public in this dataset)",
        "owner_record_available": false,
        "ownership_type": "Public",
        "last_verified": "2026-09-01",
        "area_sqm": 186.6,
        "area_sqft": 2008,
        "perimeter_m": 56,
        "reference_area_sqm": 182.5,
        "reference_area_sqft": 1965,
        "discrepancy_area_sqm": 4.1,
        "discrepancy_pct": 2.23,
        "boundary_confidence": 0.58,
        "boundary_confidence_label": "Medium",
        "boundary_source": "Derived — regular grid aligned to a real basemap location",
        "built_up_area_sqm": 0.4,
        "built_up_pct": 0.2,
        "floors": 0,
        "vegetation_pct": 74,
        "encroachment_area_sqm": 0,
        "encroachment_status": "None",
        "previous": {
          "observed_on": "2026-03-05",
          "built_up_area_sqm": 0.3,
          "vegetation_pct": 82,
          "encroachment_area_sqm": 0
        },
        "assessed_value_inr": 6700000,
        "last_updated": "2026-09-01",
        "data_source": "Demonstration data — synthetic, not an official land record",
        "data_quality": "DEMO"
      }
    },
    {
      "type": "Feature",
      "id": "IND-TN-CHN-DEMO-0118",
      "geometry": {
        "type": "Polygon",
        "coordinates": [
          [
            [
              80.23463020520136,
              13.042478224937119
            ],
            [
              80.23473163576162,
              13.042478224937119
            ],
            [
              80.23473163576162,
              13.042630937836867
            ],
            [
              80.23463020520136,
              13.042630937836867
            ],
            [
              80.23463020520136,
              13.042478224937119
            ]
          ]
        ]
      },
      "properties": {
        "parcel_id": "IND-TN-CHN-DEMO-0118",
        "survey_no": "T.S. No. 1318",
        "subdivision_no": "2",
        "state": "Tamil Nadu",
        "district": "Chennai",
        "taluk": "Mambalam",
        "village_ward": "Ward 121, T. Nagar",
        "local_body": "Greater Chennai Corporation",
        "pin_code": "600017",
        "city": "Chennai",
        "locality": "T. Nagar",
        "address": "Plot 10, G.N. Chetty Rd, T. Nagar",
        "land_use": "Residential",
        "observed_use": "Residential",
        "zoning_code": "R1",
        "zoning_description": "Primary Residential Use Zone",
        "development_status": "Developed",
        "tenure_class": "Government",
        "agri_status": "Non-agricultural",
        "ownership_status": "On record (details not public in this dataset)",
        "owner_record_available": false,
        "ownership_type": "Government",
        "last_verified": "2026-09-01",
        "area_sqm": 186.6,
        "area_sqft": 2008,
        "perimeter_m": 56,
        "reference_area_sqm": 177.5,
        "reference_area_sqft": 1910,
        "discrepancy_area_sqm": 9.1,
        "discrepancy_pct": 5.12,
        "boundary_confidence": 0.6,
        "boundary_confidence_label": "Medium",
        "boundary_source": "Derived — regular grid aligned to a real basemap location",
        "built_up_area_sqm": 117.7,
        "built_up_pct": 63.1,
        "floors": 1,
        "vegetation_pct": 14,
        "encroachment_area_sqm": 1.9,
        "encroachment_status": "Minor",
        "previous": {
          "observed_on": "2026-03-05",
          "built_up_area_sqm": 97.9,
          "vegetation_pct": 22,
          "encroachment_area_sqm": 1.2
        },
        "assessed_value_inr": 50000000,
        "last_updated": "2026-09-01",
        "data_source": "Demonstration data — synthetic, not an official land record",
        "data_quality": "DEMO"
      }
    },
    {
      "type": "Feature",
      "id": "IND-TN-CHN-DEMO-0119",
      "geometry": {
        "type": "Polygon",
        "coordinates": [
          [
            [
              80.23479618248179,
              13.042478224937119
            ],
            [
              80.23489761304205,
              13.042478224937119
            ],
            [
              80.23489761304205,
              13.042630937836867
            ],
            [
              80.23479618248179,
              13.042630937836867
            ],
            [
              80.23479618248179,
              13.042478224937119
            ]
          ]
        ]
      },
      "properties": {
        "parcel_id": "IND-TN-CHN-DEMO-0119",
        "survey_no": "T.S. No. 1321",
        "subdivision_no": "3",
        "state": "Tamil Nadu",
        "district": "Chennai",
        "taluk": "Mambalam",
        "village_ward": "Ward 121, T. Nagar",
        "local_body": "Greater Chennai Corporation",
        "pin_code": "600017",
        "city": "Chennai",
        "locality": "T. Nagar",
        "address": "Plot 11, G.N. Chetty Rd, T. Nagar",
        "land_use": "Residential",
        "observed_use": "Residential",
        "zoning_code": "R1",
        "zoning_description": "Primary Residential Use Zone",
        "development_status": "Developed",
        "tenure_class": "Public",
        "agri_status": "Non-agricultural",
        "ownership_status": "On record (details not public in this dataset)",
        "owner_record_available": false,
        "ownership_type": "Public",
        "last_verified": "2026-09-01",
        "area_sqm": 186.6,
        "area_sqft": 2008,
        "perimeter_m": 56,
        "reference_area_sqm": 191.9,
        "reference_area_sqft": 2065,
        "discrepancy_area_sqm": 5.3,
        "discrepancy_pct": 2.75,
        "boundary_confidence": 0.73,
        "boundary_confidence_label": "Medium",
        "boundary_source": "Derived — regular grid aligned to a real basemap location",
        "built_up_area_sqm": 86.2,
        "built_up_pct": 46.2,
        "floors": 2,
        "vegetation_pct": 27,
        "encroachment_area_sqm": 0,
        "encroachment_status": "None",
        "previous": {
          "observed_on": "2026-03-05",
          "built_up_area_sqm": 80.4,
          "vegetation_pct": 28,
          "encroachment_area_sqm": 0
        },
        "assessed_value_inr": 45900000,
        "last_updated": "2026-09-01",
        "data_source": "Demonstration data — synthetic, not an official land record",
        "data_quality": "DEMO"
      }
    },
    {
      "type": "Feature",
      "id": "IND-TN-CHN-DEMO-0120",
      "geometry": {
        "type": "Polygon",
        "coordinates": [
          [
            [
              80.23496215976222,
              13.042478224937119
            ],
            [
              80.23506359032248,
              13.042478224937119
            ],
            [
              80.23506359032248,
              13.042630937836867
            ],
            [
              80.23496215976222,
              13.042630937836867
            ],
            [
              80.23496215976222,
              13.042478224937119
            ]
          ]
        ]
      },
      "properties": {
        "parcel_id": "IND-TN-CHN-DEMO-0120",
        "survey_no": "T.S. No. 1324",
        "subdivision_no": "4",
        "state": "Tamil Nadu",
        "district": "Chennai",
        "taluk": "Mambalam",
        "village_ward": "Ward 121, T. Nagar",
        "local_body": "Greater Chennai Corporation",
        "pin_code": "600017",
        "city": "Chennai",
        "locality": "T. Nagar",
        "address": "Plot 12, G.N. Chetty Rd, T. Nagar",
        "land_use": "Industrial",
        "observed_use": "Industrial",
        "zoning_code": "IND",
        "zoning_description": "Primary Industrial Use Zone",
        "development_status": "Developed",
        "tenure_class": "Institutional",
        "agri_status": "Non-agricultural",
        "ownership_status": "On record (details not public in this dataset)",
        "owner_record_available": false,
        "ownership_type": "Institutional",
        "last_verified": "2026-09-01",
        "area_sqm": 186.6,
        "area_sqft": 2008,
        "perimeter_m": 56,
        "reference_area_sqm": 188.5,
        "reference_area_sqft": 2029,
        "discrepancy_area_sqm": 1.9,
        "discrepancy_pct": 1.02,
        "boundary_confidence": 0.87,
        "boundary_confidence_label": "High",
        "boundary_source": "Derived — regular grid aligned to a real basemap location",
        "built_up_area_sqm": 125.2,
        "built_up_pct": 67.1,
        "floors": 1,
        "vegetation_pct": 9,
        "encroachment_area_sqm": 6.1,
        "encroachment_status": "Minor",
        "previous": {
          "observed_on": "2026-03-05",
          "built_up_area_sqm": 119.6,
          "vegetation_pct": 15,
          "encroachment_area_sqm": 0
        },
        "assessed_value_inr": 22400000,
        "last_updated": "2026-09-01",
        "data_source": "Demonstration data — synthetic, not an official land record",
        "data_quality": "DEMO"
      }
    },
    {
      "type": "Feature",
      "id": "IND-TN-CHN-DEMO-0121",
      "geometry": {
        "type": "Polygon",
        "coordinates": [
          [
            [
              80.23313640967753,
              13.042693819619117
            ],
            [
              80.23323784023779,
              13.042693819619117
            ],
            [
              80.23323784023779,
              13.042846532518865
            ],
            [
              80.23313640967753,
              13.042846532518865
            ],
            [
              80.23313640967753,
              13.042693819619117
            ]
          ]
        ]
      },
      "properties": {
        "parcel_id": "IND-TN-CHN-DEMO-0121",
        "survey_no": "T.S. No. 1326",
        "subdivision_no": "5",
        "state": "Tamil Nadu",
        "district": "Chennai",
        "taluk": "Mambalam",
        "village_ward": "Ward 122, T. Nagar",
        "local_body": "Greater Chennai Corporation",
        "pin_code": "600017",
        "city": "Chennai",
        "locality": "T. Nagar",
        "address": "Plot 1, Duraiswamy Rd, T. Nagar",
        "land_use": "Institutional",
        "observed_use": "Institutional",
        "zoning_code": "I1",
        "zoning_description": "Institutional Use Zone",
        "development_status": "Developed",
        "tenure_class": "Institutional",
        "agri_status": "Non-agricultural",
        "ownership_status": "On record (details not public in this dataset)",
        "owner_record_available": false,
        "ownership_type": "Institutional",
        "last_verified": "2026-09-01",
        "area_sqm": 186.6,
        "area_sqft": 2008,
        "perimeter_m": 56,
        "reference_area_sqm": 177.8,
        "reference_area_sqft": 1914,
        "discrepancy_area_sqm": 8.8,
        "discrepancy_pct": 4.93,
        "boundary_confidence": 0.56,
        "boundary_confidence_label": "Medium",
        "boundary_source": "Derived — regular grid aligned to a real basemap location",
        "built_up_area_sqm": 101.7,
        "built_up_pct": 54.5,
        "floors": 3,
        "vegetation_pct": 36,
        "encroachment_area_sqm": 0,
        "encroachment_status": "None",
        "previous": {
          "observed_on": "2026-03-05",
          "built_up_area_sqm": 92.4,
          "vegetation_pct": 39,
          "encroachment_area_sqm": 0
        },
        "assessed_value_inr": 36100000,
        "last_updated": "2026-09-01",
        "data_source": "Demonstration data — synthetic, not an official land record",
        "data_quality": "DEMO"
      }
    },
    {
      "type": "Feature",
      "id": "IND-TN-CHN-DEMO-0122",
      "geometry": {
        "type": "Polygon",
        "coordinates": [
          [
            [
              80.23330238695796,
              13.042693819619117
            ],
            [
              80.23340381751822,
              13.042693819619117
            ],
            [
              80.23340381751822,
              13.042846532518865
            ],
            [
              80.23330238695796,
              13.042846532518865
            ],
            [
              80.23330238695796,
              13.042693819619117
            ]
          ]
        ]
      },
      "properties": {
        "parcel_id": "IND-TN-CHN-DEMO-0122",
        "survey_no": "T.S. No. 1329",
        "subdivision_no": "6",
        "state": "Tamil Nadu",
        "district": "Chennai",
        "taluk": "Mambalam",
        "village_ward": "Ward 122, T. Nagar",
        "local_body": "Greater Chennai Corporation",
        "pin_code": "600017",
        "city": "Chennai",
        "locality": "T. Nagar",
        "address": "Plot 2, Duraiswamy Rd, T. Nagar",
        "land_use": "Public/Semi-Public",
        "observed_use": "Public/Semi-Public",
        "zoning_code": "PSP",
        "zoning_description": "Public & Semi-Public Use Zone",
        "development_status": "Partly developed",
        "tenure_class": "Public",
        "agri_status": "Non-agricultural",
        "ownership_status": "On record (details not public in this dataset)",
        "owner_record_available": false,
        "ownership_type": "Public",
        "last_verified": "2026-09-01",
        "area_sqm": 186.6,
        "area_sqft": 2008,
        "perimeter_m": 56,
        "reference_area_sqm": 185.6,
        "reference_area_sqft": 1998,
        "discrepancy_area_sqm": 0.9,
        "discrepancy_pct": 0.51,
        "boundary_confidence": 0.77,
        "boundary_confidence_label": "Medium",
        "boundary_source": "Derived — regular grid aligned to a real basemap location",
        "built_up_area_sqm": 44.8,
        "built_up_pct": 24,
        "floors": 1,
        "vegetation_pct": 39,
        "encroachment_area_sqm": 0,
        "encroachment_status": "None",
        "previous": {
          "observed_on": "2026-03-05",
          "built_up_area_sqm": 42.9,
          "vegetation_pct": 49,
          "encroachment_area_sqm": 0
        },
        "assessed_value_inr": 11100000,
        "last_updated": "2026-09-01",
        "data_source": "Demonstration data — synthetic, not an official land record",
        "data_quality": "DEMO"
      }
    },
    {
      "type": "Feature",
      "id": "IND-TN-CHN-DEMO-0123",
      "geometry": {
        "type": "Polygon",
        "coordinates": [
          [
            [
              80.23346836423838,
              13.042693819619117
            ],
            [
              80.23356979479864,
              13.042693819619117
            ],
            [
              80.23356979479864,
              13.042846532518865
            ],
            [
              80.23346836423838,
              13.042846532518865
            ],
            [
              80.23346836423838,
              13.042693819619117
            ]
          ]
        ]
      },
      "properties": {
        "parcel_id": "IND-TN-CHN-DEMO-0123",
        "survey_no": "T.S. No. 1332",
        "subdivision_no": "7",
        "state": "Tamil Nadu",
        "district": "Chennai",
        "taluk": "Mambalam",
        "village_ward": "Ward 122, T. Nagar",
        "local_body": "Greater Chennai Corporation",
        "pin_code": "600017",
        "city": "Chennai",
        "locality": "T. Nagar",
        "address": "Plot 3, Duraiswamy Rd, T. Nagar",
        "land_use": "Residential",
        "observed_use": "Residential",
        "zoning_code": "R1",
        "zoning_description": "Primary Residential Use Zone",
        "development_status": "Developed — discrepancy flagged",
        "tenure_class": "Private",
        "agri_status": "Non-agricultural",
        "ownership_status": "On record (details not public in this dataset)",
        "owner_record_available": false,
        "ownership_type": "Individual / private",
        "last_verified": "2026-09-01",
        "area_sqm": 186.6,
        "area_sqft": 2008,
        "perimeter_m": 56,
        "reference_area_sqm": 193,
        "reference_area_sqft": 2077,
        "discrepancy_area_sqm": 6.4,
        "discrepancy_pct": 3.31,
        "boundary_confidence": 0.4,
        "boundary_confidence_label": "Low",
        "boundary_source": "Derived — regular grid aligned to a real basemap location",
        "built_up_area_sqm": 114.1,
        "built_up_pct": 61.1,
        "floors": 3,
        "vegetation_pct": 21,
        "encroachment_area_sqm": 29.6,
        "encroachment_status": "Significant",
        "previous": {
          "observed_on": "2026-03-05",
          "built_up_area_sqm": 105.8,
          "vegetation_pct": 21,
          "encroachment_area_sqm": 0
        },
        "assessed_value_inr": 39700000,
        "last_updated": "2026-09-01",
        "data_source": "Demonstration data — synthetic, not an official land record",
        "data_quality": "DEMO"
      }
    },
    {
      "type": "Feature",
      "id": "IND-TN-CHN-DEMO-0124",
      "geometry": {
        "type": "Polygon",
        "coordinates": [
          [
            [
              80.23363434151881,
              13.042693819619117
            ],
            [
              80.23373577207907,
              13.042693819619117
            ],
            [
              80.23373577207907,
              13.042846532518865
            ],
            [
              80.23363434151881,
              13.042846532518865
            ],
            [
              80.23363434151881,
              13.042693819619117
            ]
          ]
        ]
      },
      "properties": {
        "parcel_id": "IND-TN-CHN-DEMO-0124",
        "survey_no": "T.S. No. 1334",
        "subdivision_no": "8",
        "state": "Tamil Nadu",
        "district": "Chennai",
        "taluk": "Mambalam",
        "village_ward": "Ward 122, T. Nagar",
        "local_body": "Greater Chennai Corporation",
        "pin_code": "600017",
        "city": "Chennai",
        "locality": "T. Nagar",
        "address": "Plot 4, Duraiswamy Rd, T. Nagar",
        "land_use": "Mixed Residential",
        "observed_use": "Mixed Residential",
        "zoning_code": "R2",
        "zoning_description": "Mixed Residential Use Zone",
        "development_status": "Developed",
        "tenure_class": "Institutional",
        "agri_status": "Non-agricultural",
        "ownership_status": "On record (details not public in this dataset)",
        "owner_record_available": false,
        "ownership_type": "Institutional",
        "last_verified": "2026-09-01",
        "area_sqm": 186.6,
        "area_sqft": 2008,
        "perimeter_m": 56,
        "reference_area_sqm": 175.8,
        "reference_area_sqft": 1893,
        "discrepancy_area_sqm": 10.7,
        "discrepancy_pct": 6.11,
        "boundary_confidence": 0.41,
        "boundary_confidence_label": "Low",
        "boundary_source": "Derived — regular grid aligned to a real basemap location",
        "built_up_area_sqm": 117.5,
        "built_up_pct": 63,
        "floors": 4,
        "vegetation_pct": 18,
        "encroachment_area_sqm": 0,
        "encroachment_status": "None",
        "previous": {
          "observed_on": "2026-03-05",
          "built_up_area_sqm": 102.7,
          "vegetation_pct": 25,
          "encroachment_area_sqm": 0
        },
        "assessed_value_inr": 57700000,
        "last_updated": "2026-09-01",
        "data_source": "Demonstration data — synthetic, not an official land record",
        "data_quality": "DEMO"
      }
    },
    {
      "type": "Feature",
      "id": "IND-TN-CHN-DEMO-0125",
      "geometry": {
        "type": "Polygon",
        "coordinates": [
          [
            [
              80.23380031879923,
              13.042693819619117
            ],
            [
              80.23390174935949,
              13.042693819619117
            ],
            [
              80.23390174935949,
              13.042846532518865
            ],
            [
              80.23380031879923,
              13.042846532518865
            ],
            [
              80.23380031879923,
              13.042693819619117
            ]
          ]
        ]
      },
      "properties": {
        "parcel_id": "IND-TN-CHN-DEMO-0125",
        "survey_no": "T.S. No. 1337",
        "subdivision_no": "9",
        "state": "Tamil Nadu",
        "district": "Chennai",
        "taluk": "Mambalam",
        "village_ward": "Ward 122, T. Nagar",
        "local_body": "Greater Chennai Corporation",
        "pin_code": "600017",
        "city": "Chennai",
        "locality": "T. Nagar",
        "address": "Plot 5, Duraiswamy Rd, T. Nagar",
        "land_use": "Mixed Residential",
        "observed_use": "Mixed Residential",
        "zoning_code": "R2",
        "zoning_description": "Mixed Residential Use Zone",
        "development_status": "Under review",
        "tenure_class": "Institutional",
        "agri_status": "Non-agricultural",
        "ownership_status": "On record (details not public in this dataset)",
        "owner_record_available": false,
        "ownership_type": "Institutional",
        "last_verified": "2026-09-01",
        "area_sqm": 186.6,
        "area_sqft": 2008,
        "perimeter_m": 56,
        "reference_area_sqm": 190,
        "reference_area_sqft": 2045,
        "discrepancy_area_sqm": 3.4,
        "discrepancy_pct": 1.8,
        "boundary_confidence": 0.68,
        "boundary_confidence_label": "Medium",
        "boundary_source": "Derived — regular grid aligned to a real basemap location",
        "built_up_area_sqm": 135.5,
        "built_up_pct": 72.6,
        "floors": 3,
        "vegetation_pct": 4,
        "encroachment_area_sqm": 0,
        "encroachment_status": "None",
        "previous": {
          "observed_on": "2026-03-05",
          "built_up_area_sqm": 117.1,
          "vegetation_pct": 9,
          "encroachment_area_sqm": 0
        },
        "assessed_value_inr": 48200000,
        "last_updated": "2026-09-01",
        "data_source": "Demonstration data — synthetic, not an official land record",
        "data_quality": "DEMO"
      }
    },
    {
      "type": "Feature",
      "id": "IND-TN-CHN-DEMO-0126",
      "geometry": {
        "type": "Polygon",
        "coordinates": [
          [
            [
              80.23396629607966,
              13.042693819619117
            ],
            [
              80.23406772663992,
              13.042693819619117
            ],
            [
              80.23406772663992,
              13.042846532518865
            ],
            [
              80.23396629607966,
              13.042846532518865
            ],
            [
              80.23396629607966,
              13.042693819619117
            ]
          ]
        ]
      },
      "properties": {
        "parcel_id": "IND-TN-CHN-DEMO-0126",
        "survey_no": "T.S. No. 1340",
        "subdivision_no": "1",
        "state": "Tamil Nadu",
        "district": "Chennai",
        "taluk": "Mambalam",
        "village_ward": "Ward 122, T. Nagar",
        "local_body": "Greater Chennai Corporation",
        "pin_code": "600017",
        "city": "Chennai",
        "locality": "T. Nagar",
        "address": "Plot 6, Duraiswamy Rd, T. Nagar",
        "land_use": "Vacant",
        "observed_use": "No active use observed",
        "zoning_code": "R1",
        "zoning_description": "Primary Residential Use Zone (undeveloped)",
        "development_status": "Vacant / Undeveloped",
        "tenure_class": "Private",
        "agri_status": "Non-agricultural",
        "ownership_status": "On record (details not public in this dataset)",
        "owner_record_available": false,
        "ownership_type": "Individual / private",
        "last_verified": "2026-09-01",
        "area_sqm": 186.6,
        "area_sqft": 2008,
        "perimeter_m": 56,
        "reference_area_sqm": 180.1,
        "reference_area_sqft": 1939,
        "discrepancy_area_sqm": 6.5,
        "discrepancy_pct": 3.59,
        "boundary_confidence": 0.89,
        "boundary_confidence_label": "High",
        "boundary_source": "Derived — regular grid aligned to a real basemap location",
        "built_up_area_sqm": 4.6,
        "built_up_pct": 2.4,
        "floors": 0,
        "vegetation_pct": 38,
        "encroachment_area_sqm": 0,
        "encroachment_status": "None",
        "previous": {
          "observed_on": "2026-03-05",
          "built_up_area_sqm": 3.9,
          "vegetation_pct": 39,
          "encroachment_area_sqm": 0
        },
        "assessed_value_inr": 39000000,
        "last_updated": "2026-09-01",
        "data_source": "Demonstration data — synthetic, not an official land record",
        "data_quality": "DEMO"
      }
    },
    {
      "type": "Feature",
      "id": "IND-TN-CHN-DEMO-0127",
      "geometry": {
        "type": "Polygon",
        "coordinates": [
          [
            [
              80.23413227336009,
              13.042693819619117
            ],
            [
              80.23423370392035,
              13.042693819619117
            ],
            [
              80.23423370392035,
              13.042846532518865
            ],
            [
              80.23413227336009,
              13.042846532518865
            ],
            [
              80.23413227336009,
              13.042693819619117
            ]
          ]
        ]
      },
      "properties": {
        "parcel_id": "IND-TN-CHN-DEMO-0127",
        "survey_no": "T.S. No. 1342",
        "subdivision_no": "2",
        "state": "Tamil Nadu",
        "district": "Chennai",
        "taluk": "Mambalam",
        "village_ward": "Ward 122, T. Nagar",
        "local_body": "Greater Chennai Corporation",
        "pin_code": "600017",
        "city": "Chennai",
        "locality": "T. Nagar",
        "address": "Plot 7, Duraiswamy Rd, T. Nagar",
        "land_use": "Vacant",
        "observed_use": "No active use observed",
        "zoning_code": "R1",
        "zoning_description": "Primary Residential Use Zone (undeveloped)",
        "development_status": "Vacant / Undeveloped",
        "tenure_class": "Public",
        "agri_status": "Non-agricultural",
        "ownership_status": "On record (details not public in this dataset)",
        "owner_record_available": false,
        "ownership_type": "Public",
        "last_verified": "2026-09-01",
        "area_sqm": 186.6,
        "area_sqft": 2008,
        "perimeter_m": 56,
        "reference_area_sqm": 184.1,
        "reference_area_sqft": 1981,
        "discrepancy_area_sqm": 2.5,
        "discrepancy_pct": 1.37,
        "boundary_confidence": 0.63,
        "boundary_confidence_label": "Medium",
        "boundary_source": "Derived — regular grid aligned to a real basemap location",
        "built_up_area_sqm": 4.3,
        "built_up_pct": 2.3,
        "floors": 0,
        "vegetation_pct": 48,
        "encroachment_area_sqm": 0,
        "encroachment_status": "None",
        "previous": {
          "observed_on": "2026-03-05",
          "built_up_area_sqm": 3.8,
          "vegetation_pct": 49,
          "encroachment_area_sqm": 0
        },
        "assessed_value_inr": 34000000,
        "last_updated": "2026-09-01",
        "data_source": "Demonstration data — synthetic, not an official land record",
        "data_quality": "DEMO"
      }
    },
    {
      "type": "Feature",
      "id": "IND-TN-CHN-DEMO-0128",
      "geometry": {
        "type": "Polygon",
        "coordinates": [
          [
            [
              80.2342982506405,
              13.042693819619117
            ],
            [
              80.23439968120077,
              13.042693819619117
            ],
            [
              80.23439968120077,
              13.042846532518865
            ],
            [
              80.2342982506405,
              13.042846532518865
            ],
            [
              80.2342982506405,
              13.042693819619117
            ]
          ]
        ]
      },
      "properties": {
        "parcel_id": "IND-TN-CHN-DEMO-0128",
        "survey_no": "T.S. No. 1345",
        "subdivision_no": "3",
        "state": "Tamil Nadu",
        "district": "Chennai",
        "taluk": "Mambalam",
        "village_ward": "Ward 122, T. Nagar",
        "local_body": "Greater Chennai Corporation",
        "pin_code": "600017",
        "city": "Chennai",
        "locality": "T. Nagar",
        "address": "Plot 8, Duraiswamy Rd, T. Nagar",
        "land_use": "Vacant",
        "observed_use": "No active use observed",
        "zoning_code": "R1",
        "zoning_description": "Primary Residential Use Zone (undeveloped)",
        "development_status": "Vacant / Undeveloped",
        "tenure_class": "Institutional",
        "agri_status": "Non-agricultural",
        "ownership_status": "On record (details not public in this dataset)",
        "owner_record_available": false,
        "ownership_type": "Institutional",
        "last_verified": "2026-09-01",
        "area_sqm": 186.6,
        "area_sqft": 2008,
        "perimeter_m": 56,
        "reference_area_sqm": 189.5,
        "reference_area_sqft": 2039,
        "discrepancy_area_sqm": 2.9,
        "discrepancy_pct": 1.52,
        "boundary_confidence": 0.55,
        "boundary_confidence_label": "Medium",
        "boundary_source": "Derived — regular grid aligned to a real basemap location",
        "built_up_area_sqm": 5.9,
        "built_up_pct": 3.2,
        "floors": 0,
        "vegetation_pct": 47,
        "encroachment_area_sqm": 51.9,
        "encroachment_status": "Significant",
        "previous": {
          "observed_on": "2026-03-05",
          "built_up_area_sqm": 4.8,
          "vegetation_pct": 53,
          "encroachment_area_sqm": 31.1
        },
        "assessed_value_inr": 33100000,
        "last_updated": "2026-09-01",
        "data_source": "Demonstration data — synthetic, not an official land record",
        "data_quality": "DEMO"
      }
    },
    {
      "type": "Feature",
      "id": "IND-TN-CHN-DEMO-0129",
      "geometry": {
        "type": "Polygon",
        "coordinates": [
          [
            [
              80.23446422792094,
              13.042693819619117
            ],
            [
              80.2345656584812,
              13.042693819619117
            ],
            [
              80.2345656584812,
              13.042846532518865
            ],
            [
              80.23446422792094,
              13.042846532518865
            ],
            [
              80.23446422792094,
              13.042693819619117
            ]
          ]
        ]
      },
      "properties": {
        "parcel_id": "IND-TN-CHN-DEMO-0129",
        "survey_no": "T.S. No. 1348",
        "subdivision_no": "4",
        "state": "Tamil Nadu",
        "district": "Chennai",
        "taluk": "Mambalam",
        "village_ward": "Ward 122, T. Nagar",
        "local_body": "Greater Chennai Corporation",
        "pin_code": "600017",
        "city": "Chennai",
        "locality": "T. Nagar",
        "address": "Plot 9, Duraiswamy Rd, T. Nagar",
        "land_use": "Industrial",
        "observed_use": "Industrial",
        "zoning_code": "IND",
        "zoning_description": "Primary Industrial Use Zone",
        "development_status": "Developed",
        "tenure_class": "Government",
        "agri_status": "Non-agricultural",
        "ownership_status": "On record (details not public in this dataset)",
        "owner_record_available": false,
        "ownership_type": "Government",
        "last_verified": "2026-09-01",
        "area_sqm": 186.6,
        "area_sqft": 2008,
        "perimeter_m": 56,
        "reference_area_sqm": 196.7,
        "reference_area_sqft": 2117,
        "discrepancy_area_sqm": 10.1,
        "discrepancy_pct": 5.14,
        "boundary_confidence": 0.52,
        "boundary_confidence_label": "Low",
        "boundary_source": "Derived — regular grid aligned to a real basemap location",
        "built_up_area_sqm": 76.3,
        "built_up_pct": 40.9,
        "floors": 1,
        "vegetation_pct": 5,
        "encroachment_area_sqm": 25,
        "encroachment_status": "Moderate",
        "previous": {
          "observed_on": "2026-03-05",
          "built_up_area_sqm": 65.4,
          "vegetation_pct": 11,
          "encroachment_area_sqm": 15
        },
        "assessed_value_inr": 25300000,
        "last_updated": "2026-09-01",
        "data_source": "Demonstration data — synthetic, not an official land record",
        "data_quality": "DEMO"
      }
    },
    {
      "type": "Feature",
      "id": "IND-TN-CHN-DEMO-0130",
      "geometry": {
        "type": "Polygon",
        "coordinates": [
          [
            [
              80.23463020520136,
              13.042693819619117
            ],
            [
              80.23473163576162,
              13.042693819619117
            ],
            [
              80.23473163576162,
              13.042846532518865
            ],
            [
              80.23463020520136,
              13.042846532518865
            ],
            [
              80.23463020520136,
              13.042693819619117
            ]
          ]
        ]
      },
      "properties": {
        "parcel_id": "IND-TN-CHN-DEMO-0130",
        "survey_no": "T.S. No. 1351",
        "subdivision_no": "5",
        "state": "Tamil Nadu",
        "district": "Chennai",
        "taluk": "Mambalam",
        "village_ward": "Ward 122, T. Nagar",
        "local_body": "Greater Chennai Corporation",
        "pin_code": "600017",
        "city": "Chennai",
        "locality": "T. Nagar",
        "address": "Plot 10, Duraiswamy Rd, T. Nagar",
        "land_use": "Commercial",
        "observed_use": "Commercial",
        "zoning_code": "C2",
        "zoning_description": "General Commercial Use Zone",
        "development_status": "Developed",
        "tenure_class": "Institutional",
        "agri_status": "Non-agricultural",
        "ownership_status": "On record (details not public in this dataset)",
        "owner_record_available": false,
        "ownership_type": "Institutional",
        "last_verified": "2026-09-01",
        "area_sqm": 186.6,
        "area_sqft": 2008,
        "perimeter_m": 56,
        "reference_area_sqm": 182.2,
        "reference_area_sqft": 1962,
        "discrepancy_area_sqm": 4.3,
        "discrepancy_pct": 2.38,
        "boundary_confidence": 0.78,
        "boundary_confidence_label": "Medium",
        "boundary_source": "Derived — regular grid aligned to a real basemap location",
        "built_up_area_sqm": 165.8,
        "built_up_pct": 88.9,
        "floors": 3,
        "vegetation_pct": 4,
        "encroachment_area_sqm": 0,
        "encroachment_status": "None",
        "previous": {
          "observed_on": "2026-03-05",
          "built_up_area_sqm": 152.3,
          "vegetation_pct": 8,
          "encroachment_area_sqm": 0
        },
        "assessed_value_inr": 64700000,
        "last_updated": "2026-09-01",
        "data_source": "Demonstration data — synthetic, not an official land record",
        "data_quality": "DEMO"
      }
    },
    {
      "type": "Feature",
      "id": "IND-TN-CHN-DEMO-0131",
      "geometry": {
        "type": "Polygon",
        "coordinates": [
          [
            [
              80.23479618248179,
              13.042693819619117
            ],
            [
              80.23489761304205,
              13.042693819619117
            ],
            [
              80.23489761304205,
              13.042846532518865
            ],
            [
              80.23479618248179,
              13.042846532518865
            ],
            [
              80.23479618248179,
              13.042693819619117
            ]
          ]
        ]
      },
      "properties": {
        "parcel_id": "IND-TN-CHN-DEMO-0131",
        "survey_no": "T.S. No. 1353",
        "subdivision_no": "6",
        "state": "Tamil Nadu",
        "district": "Chennai",
        "taluk": "Mambalam",
        "village_ward": "Ward 122, T. Nagar",
        "local_body": "Greater Chennai Corporation",
        "pin_code": "600017",
        "city": "Chennai",
        "locality": "T. Nagar",
        "address": "Plot 11, Duraiswamy Rd, T. Nagar",
        "land_use": "Residential",
        "observed_use": "Residential",
        "zoning_code": "R1",
        "zoning_description": "Primary Residential Use Zone",
        "development_status": "Under review",
        "tenure_class": "Private",
        "agri_status": "Non-agricultural",
        "ownership_status": "On record (details not public in this dataset)",
        "owner_record_available": false,
        "ownership_type": "Individual / private",
        "last_verified": "2026-09-01",
        "area_sqm": 186.6,
        "area_sqft": 2008,
        "perimeter_m": 56,
        "reference_area_sqm": 195.9,
        "reference_area_sqft": 2109,
        "discrepancy_area_sqm": 9.4,
        "discrepancy_pct": 4.78,
        "boundary_confidence": 0.68,
        "boundary_confidence_label": "Medium",
        "boundary_source": "Derived — regular grid aligned to a real basemap location",
        "built_up_area_sqm": 106.6,
        "built_up_pct": 57.1,
        "floors": 1,
        "vegetation_pct": 9,
        "encroachment_area_sqm": 0,
        "encroachment_status": "None",
        "previous": {
          "observed_on": "2026-03-05",
          "built_up_area_sqm": 96.9,
          "vegetation_pct": 11,
          "encroachment_area_sqm": 0
        },
        "assessed_value_inr": 48600000,
        "last_updated": "2026-09-01",
        "data_source": "Demonstration data — synthetic, not an official land record",
        "data_quality": "DEMO"
      }
    },
    {
      "type": "Feature",
      "id": "IND-TN-CHN-DEMO-0132",
      "geometry": {
        "type": "Polygon",
        "coordinates": [
          [
            [
              80.23496215976222,
              13.042693819619117
            ],
            [
              80.23506359032248,
              13.042693819619117
            ],
            [
              80.23506359032248,
              13.042846532518865
            ],
            [
              80.23496215976222,
              13.042846532518865
            ],
            [
              80.23496215976222,
              13.042693819619117
            ]
          ]
        ]
      },
      "properties": {
        "parcel_id": "IND-TN-CHN-DEMO-0132",
        "survey_no": "T.S. No. 1356",
        "subdivision_no": "7",
        "state": "Tamil Nadu",
        "district": "Chennai",
        "taluk": "Mambalam",
        "village_ward": "Ward 122, T. Nagar",
        "local_body": "Greater Chennai Corporation",
        "pin_code": "600017",
        "city": "Chennai",
        "locality": "T. Nagar",
        "address": "Plot 12, Duraiswamy Rd, T. Nagar",
        "land_use": "Residential",
        "observed_use": "Residential",
        "zoning_code": "R1",
        "zoning_description": "Primary Residential Use Zone",
        "development_status": "Developed — discrepancy flagged",
        "tenure_class": "Government",
        "agri_status": "Non-agricultural",
        "ownership_status": "On record (details not public in this dataset)",
        "owner_record_available": false,
        "ownership_type": "Government",
        "last_verified": "2026-09-01",
        "area_sqm": 186.6,
        "area_sqft": 2008,
        "perimeter_m": 56,
        "reference_area_sqm": 189.1,
        "reference_area_sqft": 2035,
        "discrepancy_area_sqm": 2.5,
        "discrepancy_pct": 1.33,
        "boundary_confidence": 0.53,
        "boundary_confidence_label": "Low",
        "boundary_source": "Derived — regular grid aligned to a real basemap location",
        "built_up_area_sqm": 93.1,
        "built_up_pct": 49.9,
        "floors": 3,
        "vegetation_pct": 22,
        "encroachment_area_sqm": 53.3,
        "encroachment_status": "Significant",
        "previous": {
          "observed_on": "2026-03-05",
          "built_up_area_sqm": 82.5,
          "vegetation_pct": 24,
          "encroachment_area_sqm": 0
        },
        "assessed_value_inr": 50700000,
        "last_updated": "2026-09-01",
        "data_source": "Demonstration data — synthetic, not an official land record",
        "data_quality": "DEMO"
      }
    },
    {
      "type": "Feature",
      "id": "IND-TN-CHN-DEMO-0133",
      "geometry": {
        "type": "Polygon",
        "coordinates": [
          [
            [
              80.23313640967753,
              13.042909414301114
            ],
            [
              80.23323784023779,
              13.042909414301114
            ],
            [
              80.23323784023779,
              13.043062127200862
            ],
            [
              80.23313640967753,
              13.043062127200862
            ],
            [
              80.23313640967753,
              13.042909414301114
            ]
          ]
        ]
      },
      "properties": {
        "parcel_id": "IND-TN-CHN-DEMO-0133",
        "survey_no": "T.S. No. 1359",
        "subdivision_no": "8",
        "state": "Tamil Nadu",
        "district": "Chennai",
        "taluk": "Mambalam",
        "village_ward": "Ward 123, T. Nagar",
        "local_body": "Greater Chennai Corporation",
        "pin_code": "600017",
        "city": "Chennai",
        "locality": "T. Nagar",
        "address": "Plot 1, Madley Rd, T. Nagar",
        "land_use": "Public/Semi-Public",
        "observed_use": "Public/Semi-Public",
        "zoning_code": "PSP",
        "zoning_description": "Public & Semi-Public Use Zone",
        "development_status": "Partly developed",
        "tenure_class": "Public",
        "agri_status": "Non-agricultural",
        "ownership_status": "On record (details not public in this dataset)",
        "owner_record_available": false,
        "ownership_type": "Public",
        "last_verified": "2026-09-01",
        "area_sqm": 186.6,
        "area_sqft": 2008,
        "perimeter_m": 56,
        "reference_area_sqm": 181.1,
        "reference_area_sqft": 1950,
        "discrepancy_area_sqm": 5.4,
        "discrepancy_pct": 3,
        "boundary_confidence": 0.84,
        "boundary_confidence_label": "High",
        "boundary_source": "Derived — regular grid aligned to a real basemap location",
        "built_up_area_sqm": 33.1,
        "built_up_pct": 17.7,
        "floors": 1,
        "vegetation_pct": 48,
        "encroachment_area_sqm": 0,
        "encroachment_status": "None",
        "previous": {
          "observed_on": "2026-03-05",
          "built_up_area_sqm": 28.7,
          "vegetation_pct": 52,
          "encroachment_area_sqm": 0
        },
        "assessed_value_inr": 13700000,
        "last_updated": "2026-09-01",
        "data_source": "Demonstration data — synthetic, not an official land record",
        "data_quality": "DEMO"
      }
    },
    {
      "type": "Feature",
      "id": "IND-TN-CHN-DEMO-0134",
      "geometry": {
        "type": "Polygon",
        "coordinates": [
          [
            [
              80.23330238695796,
              13.042909414301114
            ],
            [
              80.23340381751822,
              13.042909414301114
            ],
            [
              80.23340381751822,
              13.043062127200862
            ],
            [
              80.23330238695796,
              13.043062127200862
            ],
            [
              80.23330238695796,
              13.042909414301114
            ]
          ]
        ]
      },
      "properties": {
        "parcel_id": "IND-TN-CHN-DEMO-0134",
        "survey_no": "T.S. No. 1361",
        "subdivision_no": "9",
        "state": "Tamil Nadu",
        "district": "Chennai",
        "taluk": "Mambalam",
        "village_ward": "Ward 123, T. Nagar",
        "local_body": "Greater Chennai Corporation",
        "pin_code": "600017",
        "city": "Chennai",
        "locality": "T. Nagar",
        "address": "Plot 2, Madley Rd, T. Nagar",
        "land_use": "Commercial",
        "observed_use": "Commercial",
        "zoning_code": "C2",
        "zoning_description": "General Commercial Use Zone",
        "development_status": "Developed",
        "tenure_class": "Private",
        "agri_status": "Non-agricultural",
        "ownership_status": "On record (details not public in this dataset)",
        "owner_record_available": false,
        "ownership_type": "Individual / private",
        "last_verified": "2026-09-01",
        "area_sqm": 186.6,
        "area_sqft": 2008,
        "perimeter_m": 56,
        "reference_area_sqm": 180.7,
        "reference_area_sqft": 1945,
        "discrepancy_area_sqm": 5.9,
        "discrepancy_pct": 3.26,
        "boundary_confidence": 0.47,
        "boundary_confidence_label": "Low",
        "boundary_source": "Derived — regular grid aligned to a real basemap location",
        "built_up_area_sqm": 140.9,
        "built_up_pct": 75.5,
        "floors": 3,
        "vegetation_pct": 2,
        "encroachment_area_sqm": 0,
        "encroachment_status": "None",
        "previous": {
          "observed_on": "2026-03-05",
          "built_up_area_sqm": 129,
          "vegetation_pct": 12,
          "encroachment_area_sqm": 0
        },
        "assessed_value_inr": 80600000,
        "last_updated": "2026-09-01",
        "data_source": "Demonstration data — synthetic, not an official land record",
        "data_quality": "DEMO"
      }
    },
    {
      "type": "Feature",
      "id": "IND-TN-CHN-DEMO-0135",
      "geometry": {
        "type": "Polygon",
        "coordinates": [
          [
            [
              80.23346836423838,
              13.042909414301114
            ],
            [
              80.23356979479864,
              13.042909414301114
            ],
            [
              80.23356979479864,
              13.043062127200862
            ],
            [
              80.23346836423838,
              13.043062127200862
            ],
            [
              80.23346836423838,
              13.042909414301114
            ]
          ]
        ]
      },
      "properties": {
        "parcel_id": "IND-TN-CHN-DEMO-0135",
        "survey_no": "T.S. No. 1364",
        "subdivision_no": "1",
        "state": "Tamil Nadu",
        "district": "Chennai",
        "taluk": "Mambalam",
        "village_ward": "Ward 123, T. Nagar",
        "local_body": "Greater Chennai Corporation",
        "pin_code": "600017",
        "city": "Chennai",
        "locality": "T. Nagar",
        "address": "Plot 3, Madley Rd, T. Nagar",
        "land_use": "Residential",
        "observed_use": "Residential",
        "zoning_code": "R1",
        "zoning_description": "Primary Residential Use Zone",
        "development_status": "Developed — discrepancy flagged",
        "tenure_class": "Private",
        "agri_status": "Non-agricultural",
        "ownership_status": "On record (details not public in this dataset)",
        "owner_record_available": false,
        "ownership_type": "Individual / private",
        "last_verified": "2026-09-01",
        "area_sqm": 186.6,
        "area_sqft": 2008,
        "perimeter_m": 56,
        "reference_area_sqm": 182.1,
        "reference_area_sqft": 1961,
        "discrepancy_area_sqm": 4.4,
        "discrepancy_pct": 2.44,
        "boundary_confidence": 0.39,
        "boundary_confidence_label": "Low",
        "boundary_source": "Derived — regular grid aligned to a real basemap location",
        "built_up_area_sqm": 115.8,
        "built_up_pct": 62,
        "floors": 2,
        "vegetation_pct": 9,
        "encroachment_area_sqm": 41.2,
        "encroachment_status": "Significant",
        "previous": {
          "observed_on": "2026-03-05",
          "built_up_area_sqm": 97.2,
          "vegetation_pct": 15,
          "encroachment_area_sqm": 0
        },
        "assessed_value_inr": 38500000,
        "last_updated": "2026-09-01",
        "data_source": "Demonstration data — synthetic, not an official land record",
        "data_quality": "DEMO"
      }
    },
    {
      "type": "Feature",
      "id": "IND-TN-CHN-DEMO-0136",
      "geometry": {
        "type": "Polygon",
        "coordinates": [
          [
            [
              80.23363434151881,
              13.042909414301114
            ],
            [
              80.23373577207907,
              13.042909414301114
            ],
            [
              80.23373577207907,
              13.043062127200862
            ],
            [
              80.23363434151881,
              13.043062127200862
            ],
            [
              80.23363434151881,
              13.042909414301114
            ]
          ]
        ]
      },
      "properties": {
        "parcel_id": "IND-TN-CHN-DEMO-0136",
        "survey_no": "T.S. No. 1367",
        "subdivision_no": "2",
        "state": "Tamil Nadu",
        "district": "Chennai",
        "taluk": "Mambalam",
        "village_ward": "Ward 123, T. Nagar",
        "local_body": "Greater Chennai Corporation",
        "pin_code": "600017",
        "city": "Chennai",
        "locality": "T. Nagar",
        "address": "Plot 4, Madley Rd, T. Nagar",
        "land_use": "Industrial",
        "observed_use": "Industrial",
        "zoning_code": "IND",
        "zoning_description": "Primary Industrial Use Zone",
        "development_status": "Developed",
        "tenure_class": "Public",
        "agri_status": "Non-agricultural",
        "ownership_status": "On record (details not public in this dataset)",
        "owner_record_available": false,
        "ownership_type": "Public",
        "last_verified": "2026-09-01",
        "area_sqm": 186.6,
        "area_sqft": 2008,
        "perimeter_m": 56,
        "reference_area_sqm": 185.7,
        "reference_area_sqft": 1999,
        "discrepancy_area_sqm": 0.9,
        "discrepancy_pct": 0.48,
        "boundary_confidence": 0.41,
        "boundary_confidence_label": "Low",
        "boundary_source": "Derived — regular grid aligned to a real basemap location",
        "built_up_area_sqm": 100.9,
        "built_up_pct": 54.1,
        "floors": 1,
        "vegetation_pct": 5,
        "encroachment_area_sqm": 0,
        "encroachment_status": "None",
        "previous": {
          "observed_on": "2026-03-05",
          "built_up_area_sqm": 89.4,
          "vegetation_pct": 9,
          "encroachment_area_sqm": 0
        },
        "assessed_value_inr": 28700000,
        "last_updated": "2026-09-01",
        "data_source": "Demonstration data — synthetic, not an official land record",
        "data_quality": "DEMO"
      }
    },
    {
      "type": "Feature",
      "id": "IND-TN-CHN-DEMO-0137",
      "geometry": {
        "type": "Polygon",
        "coordinates": [
          [
            [
              80.23380031879923,
              13.042909414301114
            ],
            [
              80.23390174935949,
              13.042909414301114
            ],
            [
              80.23390174935949,
              13.043062127200862
            ],
            [
              80.23380031879923,
              13.043062127200862
            ],
            [
              80.23380031879923,
              13.042909414301114
            ]
          ]
        ]
      },
      "properties": {
        "parcel_id": "IND-TN-CHN-DEMO-0137",
        "survey_no": "T.S. No. 1369",
        "subdivision_no": "3",
        "state": "Tamil Nadu",
        "district": "Chennai",
        "taluk": "Mambalam",
        "village_ward": "Ward 123, T. Nagar",
        "local_body": "Greater Chennai Corporation",
        "pin_code": "600017",
        "city": "Chennai",
        "locality": "T. Nagar",
        "address": "Plot 5, Madley Rd, T. Nagar",
        "land_use": "Vacant",
        "observed_use": "No active use observed",
        "zoning_code": "R1",
        "zoning_description": "Primary Residential Use Zone (undeveloped)",
        "development_status": "Vacant / Undeveloped",
        "tenure_class": "Private",
        "agri_status": "Non-agricultural",
        "ownership_status": "On record (details not public in this dataset)",
        "owner_record_available": false,
        "ownership_type": "Individual / private",
        "last_verified": "2026-09-01",
        "area_sqm": 186.6,
        "area_sqft": 2008,
        "perimeter_m": 56,
        "reference_area_sqm": 179.9,
        "reference_area_sqft": 1937,
        "discrepancy_area_sqm": 6.7,
        "discrepancy_pct": 3.7,
        "boundary_confidence": 0.46,
        "boundary_confidence_label": "Low",
        "boundary_source": "Derived — regular grid aligned to a real basemap location",
        "built_up_area_sqm": 5.7,
        "built_up_pct": 3,
        "floors": 0,
        "vegetation_pct": 30,
        "encroachment_area_sqm": 8.1,
        "encroachment_status": "Minor",
        "previous": {
          "observed_on": "2026-03-05",
          "built_up_area_sqm": 4.9,
          "vegetation_pct": 38,
          "encroachment_area_sqm": 4.8
        },
        "assessed_value_inr": 41800000,
        "last_updated": "2026-09-01",
        "data_source": "Demonstration data — synthetic, not an official land record",
        "data_quality": "DEMO"
      }
    },
    {
      "type": "Feature",
      "id": "IND-TN-CHN-DEMO-0138",
      "geometry": {
        "type": "Polygon",
        "coordinates": [
          [
            [
              80.23396629607966,
              13.042909414301114
            ],
            [
              80.23406772663992,
              13.042909414301114
            ],
            [
              80.23406772663992,
              13.043062127200862
            ],
            [
              80.23396629607966,
              13.043062127200862
            ],
            [
              80.23396629607966,
              13.042909414301114
            ]
          ]
        ]
      },
      "properties": {
        "parcel_id": "IND-TN-CHN-DEMO-0138",
        "survey_no": "T.S. No. 1372",
        "subdivision_no": "4",
        "state": "Tamil Nadu",
        "district": "Chennai",
        "taluk": "Mambalam",
        "village_ward": "Ward 123, T. Nagar",
        "local_body": "Greater Chennai Corporation",
        "pin_code": "600017",
        "city": "Chennai",
        "locality": "T. Nagar",
        "address": "Plot 6, Madley Rd, T. Nagar",
        "land_use": "Commercial",
        "observed_use": "Commercial",
        "zoning_code": "C2",
        "zoning_description": "General Commercial Use Zone",
        "development_status": "Developed",
        "tenure_class": "Institutional",
        "agri_status": "Non-agricultural",
        "ownership_status": "On record (details not public in this dataset)",
        "owner_record_available": false,
        "ownership_type": "Institutional",
        "last_verified": "2026-09-01",
        "area_sqm": 186.6,
        "area_sqft": 2008,
        "perimeter_m": 56,
        "reference_area_sqm": 175.4,
        "reference_area_sqft": 1888,
        "discrepancy_area_sqm": 11.2,
        "discrepancy_pct": 6.37,
        "boundary_confidence": 0.89,
        "boundary_confidence_label": "High",
        "boundary_source": "Derived — regular grid aligned to a real basemap location",
        "built_up_area_sqm": 128.7,
        "built_up_pct": 69,
        "floors": 5,
        "vegetation_pct": 5,
        "encroachment_area_sqm": 0,
        "encroachment_status": "None",
        "previous": {
          "observed_on": "2026-03-05",
          "built_up_area_sqm": 111.4,
          "vegetation_pct": 12,
          "encroachment_area_sqm": 0
        },
        "assessed_value_inr": 71900000,
        "last_updated": "2026-09-01",
        "data_source": "Demonstration data — synthetic, not an official land record",
        "data_quality": "DEMO"
      }
    },
    {
      "type": "Feature",
      "id": "IND-TN-CHN-DEMO-0139",
      "geometry": {
        "type": "Polygon",
        "coordinates": [
          [
            [
              80.23413227336009,
              13.042909414301114
            ],
            [
              80.23423370392035,
              13.042909414301114
            ],
            [
              80.23423370392035,
              13.043062127200862
            ],
            [
              80.23413227336009,
              13.043062127200862
            ],
            [
              80.23413227336009,
              13.042909414301114
            ]
          ]
        ]
      },
      "properties": {
        "parcel_id": "IND-TN-CHN-DEMO-0139",
        "survey_no": "T.S. No. 1375",
        "subdivision_no": "5",
        "state": "Tamil Nadu",
        "district": "Chennai",
        "taluk": "Mambalam",
        "village_ward": "Ward 123, T. Nagar",
        "local_body": "Greater Chennai Corporation",
        "pin_code": "600017",
        "city": "Chennai",
        "locality": "T. Nagar",
        "address": "Plot 7, Madley Rd, T. Nagar",
        "land_use": "Commercial",
        "observed_use": "Commercial",
        "zoning_code": "C2",
        "zoning_description": "General Commercial Use Zone",
        "development_status": "Developed — discrepancy flagged",
        "tenure_class": "Public",
        "agri_status": "Non-agricultural",
        "ownership_status": "On record (details not public in this dataset)",
        "owner_record_available": false,
        "ownership_type": "Public",
        "last_verified": "2026-09-01",
        "area_sqm": 186.6,
        "area_sqft": 2008,
        "perimeter_m": 56,
        "reference_area_sqm": 178.6,
        "reference_area_sqft": 1922,
        "discrepancy_area_sqm": 8,
        "discrepancy_pct": 4.49,
        "boundary_confidence": 0.48,
        "boundary_confidence_label": "Low",
        "boundary_source": "Derived — regular grid aligned to a real basemap location",
        "built_up_area_sqm": 129.3,
        "built_up_pct": 69.3,
        "floors": 3,
        "vegetation_pct": 7,
        "encroachment_area_sqm": 46.8,
        "encroachment_status": "Significant",
        "previous": {
          "observed_on": "2026-03-05",
          "built_up_area_sqm": 109.3,
          "vegetation_pct": 13,
          "encroachment_area_sqm": 28.1
        },
        "assessed_value_inr": 71700000,
        "last_updated": "2026-09-01",
        "data_source": "Demonstration data — synthetic, not an official land record",
        "data_quality": "DEMO"
      }
    },
    {
      "type": "Feature",
      "id": "IND-TN-CHN-DEMO-0140",
      "geometry": {
        "type": "Polygon",
        "coordinates": [
          [
            [
              80.2342982506405,
              13.042909414301114
            ],
            [
              80.23439968120077,
              13.042909414301114
            ],
            [
              80.23439968120077,
              13.043062127200862
            ],
            [
              80.2342982506405,
              13.043062127200862
            ],
            [
              80.2342982506405,
              13.042909414301114
            ]
          ]
        ]
      },
      "properties": {
        "parcel_id": "IND-TN-CHN-DEMO-0140",
        "survey_no": "T.S. No. 1378",
        "subdivision_no": "6",
        "state": "Tamil Nadu",
        "district": "Chennai",
        "taluk": "Mambalam",
        "village_ward": "Ward 123, T. Nagar",
        "local_body": "Greater Chennai Corporation",
        "pin_code": "600017",
        "city": "Chennai",
        "locality": "T. Nagar",
        "address": "Plot 8, Madley Rd, T. Nagar",
        "land_use": "Vacant",
        "observed_use": "No active use observed",
        "zoning_code": "R1",
        "zoning_description": "Primary Residential Use Zone (undeveloped)",
        "development_status": "Vacant / Undeveloped",
        "tenure_class": "Institutional",
        "agri_status": "Non-agricultural",
        "ownership_status": "On record (details not public in this dataset)",
        "owner_record_available": false,
        "ownership_type": "Institutional",
        "last_verified": "2026-09-01",
        "area_sqm": 186.6,
        "area_sqft": 2008,
        "perimeter_m": 56,
        "reference_area_sqm": 173.9,
        "reference_area_sqft": 1872,
        "discrepancy_area_sqm": 12.7,
        "discrepancy_pct": 7.29,
        "boundary_confidence": 0.42,
        "boundary_confidence_label": "Low",
        "boundary_source": "Derived — regular grid aligned to a real basemap location",
        "built_up_area_sqm": 0.6,
        "built_up_pct": 0.3,
        "floors": 0,
        "vegetation_pct": 24,
        "encroachment_area_sqm": 0,
        "encroachment_status": "None",
        "previous": {
          "observed_on": "2026-03-05",
          "built_up_area_sqm": 0.4,
          "vegetation_pct": 25,
          "encroachment_area_sqm": 0
        },
        "assessed_value_inr": 37200000,
        "last_updated": "2026-09-01",
        "data_source": "Demonstration data — synthetic, not an official land record",
        "data_quality": "DEMO"
      }
    },
    {
      "type": "Feature",
      "id": "IND-TN-CHN-DEMO-0141",
      "geometry": {
        "type": "Polygon",
        "coordinates": [
          [
            [
              80.23446422792094,
              13.042909414301114
            ],
            [
              80.2345656584812,
              13.042909414301114
            ],
            [
              80.2345656584812,
              13.043062127200862
            ],
            [
              80.23446422792094,
              13.043062127200862
            ],
            [
              80.23446422792094,
              13.042909414301114
            ]
          ]
        ]
      },
      "properties": {
        "parcel_id": "IND-TN-CHN-DEMO-0141",
        "survey_no": "T.S. No. 1380",
        "subdivision_no": "7",
        "state": "Tamil Nadu",
        "district": "Chennai",
        "taluk": "Mambalam",
        "village_ward": "Ward 123, T. Nagar",
        "local_body": "Greater Chennai Corporation",
        "pin_code": "600017",
        "city": "Chennai",
        "locality": "T. Nagar",
        "address": "Plot 9, Madley Rd, T. Nagar",
        "land_use": "Vacant",
        "observed_use": "No active use observed",
        "zoning_code": "R1",
        "zoning_description": "Primary Residential Use Zone (undeveloped)",
        "development_status": "Vacant / Undeveloped",
        "tenure_class": "Private",
        "agri_status": "Non-agricultural",
        "ownership_status": "On record (details not public in this dataset)",
        "owner_record_available": false,
        "ownership_type": "Individual / private",
        "last_verified": "2026-09-01",
        "area_sqm": 186.6,
        "area_sqft": 2008,
        "perimeter_m": 56,
        "reference_area_sqm": 185,
        "reference_area_sqft": 1991,
        "discrepancy_area_sqm": 1.6,
        "discrepancy_pct": 0.88,
        "boundary_confidence": 0.8,
        "boundary_confidence_label": "Medium",
        "boundary_source": "Derived — regular grid aligned to a real basemap location",
        "built_up_area_sqm": 2.3,
        "built_up_pct": 1.2,
        "floors": 0,
        "vegetation_pct": 55,
        "encroachment_area_sqm": 0,
        "encroachment_status": "None",
        "previous": {
          "observed_on": "2026-03-05",
          "built_up_area_sqm": 2,
          "vegetation_pct": 56,
          "encroachment_area_sqm": 0
        },
        "assessed_value_inr": 40800000,
        "last_updated": "2026-09-01",
        "data_source": "Demonstration data — synthetic, not an official land record",
        "data_quality": "DEMO"
      }
    },
    {
      "type": "Feature",
      "id": "IND-TN-CHN-DEMO-0142",
      "geometry": {
        "type": "Polygon",
        "coordinates": [
          [
            [
              80.23463020520136,
              13.042909414301114
            ],
            [
              80.23473163576162,
              13.042909414301114
            ],
            [
              80.23473163576162,
              13.043062127200862
            ],
            [
              80.23463020520136,
              13.043062127200862
            ],
            [
              80.23463020520136,
              13.042909414301114
            ]
          ]
        ]
      },
      "properties": {
        "parcel_id": "IND-TN-CHN-DEMO-0142",
        "survey_no": "T.S. No. 1383",
        "subdivision_no": "8",
        "state": "Tamil Nadu",
        "district": "Chennai",
        "taluk": "Mambalam",
        "village_ward": "Ward 123, T. Nagar",
        "local_body": "Greater Chennai Corporation",
        "pin_code": "600017",
        "city": "Chennai",
        "locality": "T. Nagar",
        "address": "Plot 10, Madley Rd, T. Nagar",
        "land_use": "Vacant",
        "observed_use": "No active use observed",
        "zoning_code": "R1",
        "zoning_description": "Primary Residential Use Zone (undeveloped)",
        "development_status": "Vacant / Undeveloped",
        "tenure_class": "Government",
        "agri_status": "Non-agricultural",
        "ownership_status": "On record (details not public in this dataset)",
        "owner_record_available": false,
        "ownership_type": "Government",
        "last_verified": "2026-09-01",
        "area_sqm": 186.6,
        "area_sqft": 2008,
        "perimeter_m": 56,
        "reference_area_sqm": 187.6,
        "reference_area_sqft": 2020,
        "discrepancy_area_sqm": 1.1,
        "discrepancy_pct": 0.56,
        "boundary_confidence": 0.64,
        "boundary_confidence_label": "Medium",
        "boundary_source": "Derived — regular grid aligned to a real basemap location",
        "built_up_area_sqm": 4.8,
        "built_up_pct": 2.6,
        "floors": 0,
        "vegetation_pct": 38,
        "encroachment_area_sqm": 0,
        "encroachment_status": "None",
        "previous": {
          "observed_on": "2026-03-05",
          "built_up_area_sqm": 3.8,
          "vegetation_pct": 44,
          "encroachment_area_sqm": 0
        },
        "assessed_value_inr": 43200000,
        "last_updated": "2026-09-01",
        "data_source": "Demonstration data — synthetic, not an official land record",
        "data_quality": "DEMO"
      }
    },
    {
      "type": "Feature",
      "id": "IND-TN-CHN-DEMO-0143",
      "geometry": {
        "type": "Polygon",
        "coordinates": [
          [
            [
              80.23479618248179,
              13.042909414301114
            ],
            [
              80.23489761304205,
              13.042909414301114
            ],
            [
              80.23489761304205,
              13.043062127200862
            ],
            [
              80.23479618248179,
              13.043062127200862
            ],
            [
              80.23479618248179,
              13.042909414301114
            ]
          ]
        ]
      },
      "properties": {
        "parcel_id": "IND-TN-CHN-DEMO-0143",
        "survey_no": "T.S. No. 1386",
        "subdivision_no": "9",
        "state": "Tamil Nadu",
        "district": "Chennai",
        "taluk": "Mambalam",
        "village_ward": "Ward 123, T. Nagar",
        "local_body": "Greater Chennai Corporation",
        "pin_code": "600017",
        "city": "Chennai",
        "locality": "T. Nagar",
        "address": "Plot 11, Madley Rd, T. Nagar",
        "land_use": "Residential",
        "observed_use": "Residential",
        "zoning_code": "R1",
        "zoning_description": "Primary Residential Use Zone",
        "development_status": "Developed",
        "tenure_class": "Private",
        "agri_status": "Non-agricultural",
        "ownership_status": "On record (details not public in this dataset)",
        "owner_record_available": false,
        "ownership_type": "Individual / private",
        "last_verified": "2026-09-01",
        "area_sqm": 186.6,
        "area_sqft": 2008,
        "perimeter_m": 56,
        "reference_area_sqm": 175.7,
        "reference_area_sqft": 1891,
        "discrepancy_area_sqm": 10.9,
        "discrepancy_pct": 6.22,
        "boundary_confidence": 0.48,
        "boundary_confidence_label": "Low",
        "boundary_source": "Derived — regular grid aligned to a real basemap location",
        "built_up_area_sqm": 112.5,
        "built_up_pct": 60.3,
        "floors": 2,
        "vegetation_pct": 22,
        "encroachment_area_sqm": 0,
        "encroachment_status": "None",
        "previous": {
          "observed_on": "2026-03-05",
          "built_up_area_sqm": 89.4,
          "vegetation_pct": 26,
          "encroachment_area_sqm": 0
        },
        "assessed_value_inr": 48000000,
        "last_updated": "2026-09-01",
        "data_source": "Demonstration data — synthetic, not an official land record",
        "data_quality": "DEMO"
      }
    },
    {
      "type": "Feature",
      "id": "IND-TN-CHN-DEMO-0144",
      "geometry": {
        "type": "Polygon",
        "coordinates": [
          [
            [
              80.23496215976222,
              13.042909414301114
            ],
            [
              80.23506359032248,
              13.042909414301114
            ],
            [
              80.23506359032248,
              13.043062127200862
            ],
            [
              80.23496215976222,
              13.043062127200862
            ],
            [
              80.23496215976222,
              13.042909414301114
            ]
          ]
        ]
      },
      "properties": {
        "parcel_id": "IND-TN-CHN-DEMO-0144",
        "survey_no": "T.S. No. 1388",
        "subdivision_no": "1",
        "state": "Tamil Nadu",
        "district": "Chennai",
        "taluk": "Mambalam",
        "village_ward": "Ward 123, T. Nagar",
        "local_body": "Greater Chennai Corporation",
        "pin_code": "600017",
        "city": "Chennai",
        "locality": "T. Nagar",
        "address": "Plot 12, Madley Rd, T. Nagar",
        "land_use": "Institutional",
        "observed_use": "Institutional",
        "zoning_code": "I1",
        "zoning_description": "Institutional Use Zone",
        "development_status": "Developed",
        "tenure_class": "Institutional",
        "agri_status": "Non-agricultural",
        "ownership_status": "On record (details not public in this dataset)",
        "owner_record_available": false,
        "ownership_type": "Institutional",
        "last_verified": "2026-09-01",
        "area_sqm": 186.6,
        "area_sqft": 2008,
        "perimeter_m": 56,
        "reference_area_sqm": 184.3,
        "reference_area_sqft": 1984,
        "discrepancy_area_sqm": 2.3,
        "discrepancy_pct": 1.24,
        "boundary_confidence": 0.71,
        "boundary_confidence_label": "Medium",
        "boundary_source": "Derived — regular grid aligned to a real basemap location",
        "built_up_area_sqm": 86.3,
        "built_up_pct": 46.2,
        "floors": 3,
        "vegetation_pct": 33,
        "encroachment_area_sqm": 0,
        "encroachment_status": "None",
        "previous": {
          "observed_on": "2026-03-05",
          "built_up_area_sqm": 71.3,
          "vegetation_pct": 42,
          "encroachment_area_sqm": 0
        },
        "assessed_value_inr": 35700000,
        "last_updated": "2026-09-01",
        "data_source": "Demonstration data — synthetic, not an official land record",
        "data_quality": "DEMO"
      }
    }
  ]
}
