{
  "type": "FeatureCollection",
  "name": "demo-buildings",
  "crs": {
    "type": "name",
    "properties": {
      "name": "urn:ogc:def:crs:OGC:1.3:CRS84"
    }
  },
  "metadata": {
    "generated_by": "scripts/generate-demo-parcels.mjs",
    "note": "Demonstration data — synthetic, not an official land record",
    "disclaimer": "ESTIMATED demo massing: centred rectangle sized to the built-up area; height = floors x 3.2 m. Not surveyed structures.",
    "feature_count": 122
  },
  "features": [
    {
      "type": "Feature",
      "id": "IND-TN-CHN-DEMO-0002",
      "geometry": {
        "type": "Polygon",
        "coordinates": [
          [
            [
              80.23330996403739,
              13.040549280778828
            ],
            [
              80.23339624043878,
              13.040549280778828
            ],
            [
              80.23339624043878,
              13.040679177719197
            ],
            [
              80.23330996403739,
              13.040679177719197
            ],
            [
              80.23330996403739,
              13.040549280778828
            ]
          ]
        ]
      },
      "properties": {
        "parcel_id": "IND-TN-CHN-DEMO-0002",
        "floors": 2,
        "height_m": 6.4,
        "height_basis": "Estimated: 2 floors x 3.2 m",
        "footprint_area_sqm": 135,
        "land_use": "Mixed Residential",
        "data_source": "Demonstration data — synthetic, not an official land record",
        "data_quality": "DEMO"
      }
    },
    {
      "type": "Feature",
      "id": "IND-TN-CHN-DEMO-0003",
      "geometry": {
        "type": "Polygon",
        "coordinates": [
          [
            [
              80.23348431729818,
              13.040561891576267
            ],
            [
              80.23355384173885,
              13.040561891576267
            ],
            [
              80.23355384173885,
              13.040666566921757
            ],
            [
              80.23348431729818,
              13.040666566921757
            ],
            [
              80.23348431729818,
              13.040561891576267
            ]
          ]
        ]
      },
      "properties": {
        "parcel_id": "IND-TN-CHN-DEMO-0003",
        "floors": 2,
        "height_m": 6.4,
        "height_basis": "Estimated: 2 floors x 3.2 m",
        "footprint_area_sqm": 87.7,
        "land_use": "Residential",
        "data_source": "Demonstration data — synthetic, not an official land record",
        "data_quality": "DEMO"
      }
    },
    {
      "type": "Feature",
      "id": "IND-TN-CHN-DEMO-0004",
      "geometry": {
        "type": "Polygon",
        "coordinates": [
          [
            [
              80.23364743408136,
              13.04055758483846
            ],
            [
              80.23372267951653,
              13.04055758483846
            ],
            [
              80.23372267951653,
              13.040670873659565
            ],
            [
              80.23364743408136,
              13.040670873659565
            ],
            [
              80.23364743408136,
              13.04055758483846
            ]
          ]
        ]
      },
      "properties": {
        "parcel_id": "IND-TN-CHN-DEMO-0004",
        "floors": 2,
        "height_m": 6.4,
        "height_basis": "Estimated: 2 floors x 3.2 m",
        "footprint_area_sqm": 102.7,
        "land_use": "Mixed Residential",
        "data_source": "Demonstration data — synthetic, not an official land record",
        "data_quality": "DEMO"
      }
    },
    {
      "type": "Feature",
      "id": "IND-TN-CHN-DEMO-0005",
      "geometry": {
        "type": "Polygon",
        "coordinates": [
          [
            [
              80.23381648302762,
              13.04056220950974
            ],
            [
              80.23388558513108,
              13.04056220950974
            ],
            [
              80.23388558513108,
              13.040666248988284
            ],
            [
              80.23381648302762,
              13.040666248988284
            ],
            [
              80.23381648302762,
              13.04056220950974
            ]
          ]
        ]
      },
      "properties": {
        "parcel_id": "IND-TN-CHN-DEMO-0005",
        "floors": 1,
        "height_m": 3.2,
        "height_basis": "Estimated: 1 floors x 3.2 m",
        "footprint_area_sqm": 86.6,
        "land_use": "Institutional",
        "data_source": "Demonstration data — synthetic, not an official land record",
        "data_quality": "DEMO"
      }
    },
    {
      "type": "Feature",
      "id": "IND-TN-CHN-DEMO-0006",
      "geometry": {
        "type": "Polygon",
        "coordinates": [
          [
            [
              80.23397945771949,
              13.040557688840572
            ],
            [
              80.23405456500008,
              13.040557688840572
            ],
            [
              80.23405456500008,
              13.040670769657453
            ],
            [
              80.23397945771949,
              13.040670769657453
            ],
            [
              80.23397945771949,
              13.040557688840572
            ]
          ]
        ]
      },
      "properties": {
        "parcel_id": "IND-TN-CHN-DEMO-0006",
        "floors": 2,
        "height_m": 6.4,
        "height_basis": "Estimated: 2 floors x 3.2 m",
        "footprint_area_sqm": 102.3,
        "land_use": "Residential",
        "data_source": "Demonstration data — synthetic, not an official land record",
        "data_quality": "DEMO"
      }
    },
    {
      "type": "Feature",
      "id": "IND-TN-CHN-DEMO-0007",
      "geometry": {
        "type": "Polygon",
        "coordinates": [
          [
            [
              80.234143434457,
              13.04055467684193
            ],
            [
              80.23422254282343,
              13.04055467684193
            ],
            [
              80.23422254282343,
              13.040673781656094
            ],
            [
              80.234143434457,
              13.040673781656094
            ],
            [
              80.234143434457,
              13.04055467684193
            ]
          ]
        ]
      },
      "properties": {
        "parcel_id": "IND-TN-CHN-DEMO-0007",
        "floors": 3,
        "height_m": 9.6,
        "height_basis": "Estimated: 3 floors x 3.2 m",
        "footprint_area_sqm": 113.5,
        "land_use": "Commercial",
        "data_source": "Demonstration data — synthetic, not an official land record",
        "data_quality": "DEMO"
      }
    },
    {
      "type": "Feature",
      "id": "IND-TN-CHN-DEMO-0008",
      "geometry": {
        "type": "Polygon",
        "coordinates": [
          [
            [
              80.23431783563822,
              13.040567359787907
            ],
            [
              80.23438009620307,
              13.040567359787907
            ],
            [
              80.23438009620307,
              13.040661098710117
            ],
            [
              80.23431783563822,
              13.040661098710117
            ],
            [
              80.23431783563822,
              13.040567359787907
            ]
          ]
        ]
      },
      "properties": {
        "parcel_id": "IND-TN-CHN-DEMO-0008",
        "floors": 2,
        "height_m": 6.4,
        "height_basis": "Estimated: 2 floors x 3.2 m",
        "footprint_area_sqm": 70.3,
        "land_use": "Institutional",
        "data_source": "Demonstration data — synthetic, not an official land record",
        "data_quality": "DEMO"
      }
    },
    {
      "type": "Feature",
      "id": "IND-TN-CHN-DEMO-0009",
      "geometry": {
        "type": "Polygon",
        "coordinates": [
          [
            [
              80.23447806370349,
              13.040558703823516
            ],
            [
              80.23455182269866,
              13.040558703823516
            ],
            [
              80.23455182269866,
              13.040669754674509
            ],
            [
              80.23447806370349,
              13.040669754674509
            ],
            [
              80.23447806370349,
              13.040558703823516
            ]
          ]
        ]
      },
      "properties": {
        "parcel_id": "IND-TN-CHN-DEMO-0009",
        "floors": 3,
        "height_m": 9.6,
        "height_basis": "Estimated: 3 floors x 3.2 m",
        "footprint_area_sqm": 98.7,
        "land_use": "Residential",
        "data_source": "Demonstration data — synthetic, not an official land record",
        "data_quality": "DEMO"
      }
    },
    {
      "type": "Feature",
      "id": "IND-TN-CHN-DEMO-0010",
      "geometry": {
        "type": "Polygon",
        "coordinates": [
          [
            [
              80.23463934913512,
              13.040551639820025
            ],
            [
              80.23472249182784,
              13.040551639820025
            ],
            [
              80.23472249182784,
              13.040676818678
            ],
            [
              80.23463934913512,
              13.040676818678
            ],
            [
              80.23463934913512,
              13.040551639820025
            ]
          ]
        ]
      },
      "properties": {
        "parcel_id": "IND-TN-CHN-DEMO-0010",
        "floors": 3,
        "height_m": 9.6,
        "height_basis": "Estimated: 3 floors x 3.2 m",
        "footprint_area_sqm": 125.4,
        "land_use": "Mixed Residential",
        "data_source": "Demonstration data — synthetic, not an official land record",
        "data_quality": "DEMO"
      }
    },
    {
      "type": "Feature",
      "id": "IND-TN-CHN-DEMO-0011",
      "geometry": {
        "type": "Polygon",
        "coordinates": [
          [
            [
              80.23480645032681,
              13.040553331970278
            ],
            [
              80.23488734519701,
              13.040553331970278
            ],
            [
              80.23488734519701,
              13.040675126527747
            ],
            [
              80.23480645032681,
              13.040675126527747
            ],
            [
              80.23480645032681,
              13.040553331970278
            ]
          ]
        ]
      },
      "properties": {
        "parcel_id": "IND-TN-CHN-DEMO-0011",
        "floors": 3,
        "height_m": 9.6,
        "height_basis": "Estimated: 3 floors x 3.2 m",
        "footprint_area_sqm": 118.7,
        "land_use": "Residential",
        "data_source": "Demonstration data — synthetic, not an official land record",
        "data_quality": "DEMO"
      }
    },
    {
      "type": "Feature",
      "id": "IND-TN-CHN-DEMO-0012",
      "geometry": {
        "type": "Polygon",
        "coordinates": [
          [
            [
              80.23497337304791,
              13.040554755416855
            ],
            [
              80.23505237703678,
              13.040554755416855
            ],
            [
              80.23505237703678,
              13.04067370308117
            ],
            [
              80.23497337304791,
              13.04067370308117
            ],
            [
              80.23497337304791,
              13.040554755416855
            ]
          ]
        ]
      },
      "properties": {
        "parcel_id": "IND-TN-CHN-DEMO-0012",
        "floors": 2,
        "height_m": 6.4,
        "height_basis": "Estimated: 2 floors x 3.2 m",
        "footprint_area_sqm": 113.2,
        "land_use": "Residential",
        "data_source": "Demonstration data — synthetic, not an official land record",
        "data_quality": "DEMO"
      }
    },
    {
      "type": "Feature",
      "id": "IND-TN-CHN-DEMO-0013",
      "geometry": {
        "type": "Polygon",
        "coordinates": [
          [
            [
              80.2331506689007,
              13.040774936033756
            ],
            [
              80.2332235810146,
              13.040774936033756
            ],
            [
              80.2332235810146,
              13.040884711828266
            ],
            [
              80.2331506689007,
              13.040884711828266
            ],
            [
              80.2331506689007,
              13.040774936033756
            ]
          ]
        ]
      },
      "properties": {
        "parcel_id": "IND-TN-CHN-DEMO-0013",
        "floors": 3,
        "height_m": 9.6,
        "height_basis": "Estimated: 3 floors x 3.2 m",
        "footprint_area_sqm": 96.4,
        "land_use": "Mixed Residential",
        "data_source": "Demonstration data — synthetic, not an official land record",
        "data_quality": "DEMO"
      }
    },
    {
      "type": "Feature",
      "id": "IND-TN-CHN-DEMO-0014",
      "geometry": {
        "type": "Polygon",
        "coordinates": [
          [
            [
              80.23331093030487,
              13.04076633026409
            ],
            [
              80.2333952741713,
              13.04076633026409
            ],
            [
              80.2333952741713,
              13.040893317597932
            ],
            [
              80.23331093030487,
              13.040893317597932
            ],
            [
              80.23331093030487,
              13.04076633026409
            ]
          ]
        ]
      },
      "properties": {
        "parcel_id": "IND-TN-CHN-DEMO-0014",
        "floors": 2,
        "height_m": 6.4,
        "height_basis": "Estimated: 2 floors x 3.2 m",
        "footprint_area_sqm": 129,
        "land_use": "Mixed Residential",
        "data_source": "Demonstration data — synthetic, not an official land record",
        "data_quality": "DEMO"
      }
    },
    {
      "type": "Feature",
      "id": "IND-TN-CHN-DEMO-0015",
      "geometry": {
        "type": "Polygon",
        "coordinates": [
          [
            [
              80.23347642339397,
              13.040765601270152
            ],
            [
              80.23356173564306,
              13.040765601270152
            ],
            [
              80.23356173564306,
              13.04089404659187
            ],
            [
              80.23347642339397,
              13.04089404659187
            ],
            [
              80.23347642339397,
              13.040765601270152
            ]
          ]
        ]
      },
      "properties": {
        "parcel_id": "IND-TN-CHN-DEMO-0015",
        "floors": 3,
        "height_m": 9.6,
        "height_basis": "Estimated: 3 floors x 3.2 m",
        "footprint_area_sqm": 132,
        "land_use": "Commercial",
        "data_source": "Demonstration data — synthetic, not an official land record",
        "data_quality": "DEMO"
      }
    },
    {
      "type": "Feature",
      "id": "IND-TN-CHN-DEMO-0016",
      "geometry": {
        "type": "Polygon",
        "coordinates": [
          [
            [
              80.23364706392866,
              13.040772622222015
            ],
            [
              80.23372304966924,
              13.040772622222015
            ],
            [
              80.23372304966924,
              13.040887025640007
            ],
            [
              80.23364706392866,
              13.040887025640007
            ],
            [
              80.23364706392866,
              13.040772622222015
            ]
          ]
        ]
      },
      "properties": {
        "parcel_id": "IND-TN-CHN-DEMO-0016",
        "floors": 3,
        "height_m": 9.6,
        "height_basis": "Estimated: 3 floors x 3.2 m",
        "footprint_area_sqm": 104.7,
        "land_use": "Mixed Residential",
        "data_source": "Demonstration data — synthetic, not an official land record",
        "data_quality": "DEMO"
      }
    },
    {
      "type": "Feature",
      "id": "IND-TN-CHN-DEMO-0017",
      "geometry": {
        "type": "Polygon",
        "coordinates": [
          [
            [
              80.23381158064613,
              13.040770423212173
            ],
            [
              80.23389048751257,
              13.040770423212173
            ],
            [
              80.23389048751257,
              13.040889224649849
            ],
            [
              80.23381158064613,
              13.040889224649849
            ],
            [
              80.23381158064613,
              13.040770423212173
            ]
          ]
        ]
      },
      "properties": {
        "parcel_id": "IND-TN-CHN-DEMO-0017",
        "floors": 3,
        "height_m": 9.6,
        "height_basis": "Estimated: 3 floors x 3.2 m",
        "footprint_area_sqm": 112.9,
        "land_use": "Commercial",
        "data_source": "Demonstration data — synthetic, not an official land record",
        "data_quality": "DEMO"
      }
    },
    {
      "type": "Feature",
      "id": "IND-TN-CHN-DEMO-0018",
      "geometry": {
        "type": "Polygon",
        "coordinates": [
          [
            [
              80.23397261591893,
              13.040762982571858
            ],
            [
              80.23406140680063,
              13.040762982571858
            ],
            [
              80.23406140680063,
              13.040896665290164
            ],
            [
              80.23397261591893,
              13.040896665290164
            ],
            [
              80.23397261591893,
              13.040762982571858
            ]
          ]
        ]
      },
      "properties": {
        "parcel_id": "IND-TN-CHN-DEMO-0018",
        "floors": 4,
        "height_m": 12.8,
        "height_basis": "Estimated: 4 floors x 3.2 m",
        "footprint_area_sqm": 143,
        "land_use": "Commercial",
        "data_source": "Demonstration data — synthetic, not an official land record",
        "data_quality": "DEMO"
      }
    },
    {
      "type": "Feature",
      "id": "IND-TN-CHN-DEMO-0019",
      "geometry": {
        "type": "Polygon",
        "coordinates": [
          [
            [
              80.23414473232596,
              13.04077222558326
            ],
            [
              80.23422124495447,
              13.04077222558326
            ],
            [
              80.23422124495447,
              13.040887422278763
            ],
            [
              80.23414473232596,
              13.040887422278763
            ],
            [
              80.23414473232596,
              13.04077222558326
            ]
          ]
        ]
      },
      "properties": {
        "parcel_id": "IND-TN-CHN-DEMO-0019",
        "floors": 2,
        "height_m": 6.4,
        "height_basis": "Estimated: 2 floors x 3.2 m",
        "footprint_area_sqm": 106.2,
        "land_use": "Residential",
        "data_source": "Demonstration data — synthetic, not an official land record",
        "data_quality": "DEMO"
      }
    },
    {
      "type": "Feature",
      "id": "IND-TN-CHN-DEMO-0021",
      "geometry": {
        "type": "Polygon",
        "coordinates": [
          [
            [
              80.23448055237586,
              13.040778045427267
            ],
            [
              80.2345493340263,
              13.040778045427267
            ],
            [
              80.2345493340263,
              13.040881602434755
            ],
            [
              80.23448055237586,
              13.040881602434755
            ],
            [
              80.23448055237586,
              13.040778045427267
            ]
          ]
        ]
      },
      "properties": {
        "parcel_id": "IND-TN-CHN-DEMO-0021",
        "floors": 2,
        "height_m": 6.4,
        "height_basis": "Estimated: 2 floors x 3.2 m",
        "footprint_area_sqm": 85.8,
        "land_use": "Residential",
        "data_source": "Demonstration data — synthetic, not an official land record",
        "data_quality": "DEMO"
      }
    },
    {
      "type": "Feature",
      "id": "IND-TN-CHN-DEMO-0022",
      "geometry": {
        "type": "Polygon",
        "coordinates": [
          [
            [
              80.23463345307562,
              13.040758357450159
            ],
            [
              80.23472838788734,
              13.040758357450159
            ],
            [
              80.23472838788734,
              13.040901290411863
            ],
            [
              80.23463345307562,
              13.040901290411863
            ],
            [
              80.23463345307562,
              13.040758357450159
            ]
          ]
        ]
      },
      "properties": {
        "parcel_id": "IND-TN-CHN-DEMO-0022",
        "floors": 4,
        "height_m": 12.8,
        "height_basis": "Estimated: 4 floors x 3.2 m",
        "footprint_area_sqm": 163.4,
        "land_use": "Commercial",
        "data_source": "Demonstration data — synthetic, not an official land record",
        "data_quality": "DEMO"
      }
    },
    {
      "type": "Feature",
      "id": "IND-TN-CHN-DEMO-0023",
      "geometry": {
        "type": "Polygon",
        "coordinates": [
          [
            [
              80.23480746037293,
              13.040770447368224
            ],
            [
              80.23488633515089,
              13.040770447368224
            ],
            [
              80.23488633515089,
              13.040889200493798
            ],
            [
              80.23480746037293,
              13.040889200493798
            ],
            [
              80.23480746037293,
              13.040770447368224
            ]
          ]
        ]
      },
      "properties": {
        "parcel_id": "IND-TN-CHN-DEMO-0023",
        "floors": 2,
        "height_m": 6.4,
        "height_basis": "Estimated: 2 floors x 3.2 m",
        "footprint_area_sqm": 112.8,
        "land_use": "Commercial",
        "data_source": "Demonstration data — synthetic, not an official land record",
        "data_quality": "DEMO"
      }
    },
    {
      "type": "Feature",
      "id": "IND-TN-CHN-DEMO-0024",
      "geometry": {
        "type": "Polygon",
        "coordinates": [
          [
            [
              80.23497808119716,
              13.040777438644199
            ],
            [
              80.23504766888753,
              13.040777438644199
            ],
            [
              80.23504766888753,
              13.040882209217823
            ],
            [
              80.23497808119716,
              13.040882209217823
            ],
            [
              80.23497808119716,
              13.040777438644199
            ]
          ]
        ]
      },
      "properties": {
        "parcel_id": "IND-TN-CHN-DEMO-0024",
        "floors": 2,
        "height_m": 6.4,
        "height_basis": "Estimated: 2 floors x 3.2 m",
        "footprint_area_sqm": 87.8,
        "land_use": "Institutional",
        "data_source": "Demonstration data — synthetic, not an official land record",
        "data_quality": "DEMO"
      }
    },
    {
      "type": "Feature",
      "id": "IND-TN-CHN-DEMO-0025",
      "geometry": {
        "type": "Polygon",
        "coordinates": [
          [
            [
              80.23314900317192,
              13.040988022810117
            ],
            [
              80.23322524674339,
              13.040988022810117
            ],
            [
              80.23322524674339,
              13.041102814415899
            ],
            [
              80.23314900317192,
              13.041102814415899
            ],
            [
              80.23314900317192,
              13.040988022810117
            ]
          ]
        ]
      },
      "properties": {
        "parcel_id": "IND-TN-CHN-DEMO-0025",
        "floors": 3,
        "height_m": 9.6,
        "height_basis": "Estimated: 3 floors x 3.2 m",
        "footprint_area_sqm": 105.4,
        "land_use": "Residential",
        "data_source": "Demonstration data — synthetic, not an official land record",
        "data_quality": "DEMO"
      }
    },
    {
      "type": "Feature",
      "id": "IND-TN-CHN-DEMO-0026",
      "geometry": {
        "type": "Polygon",
        "coordinates": [
          [
            [
              80.2333148479408,
              13.040987823301995
            ],
            [
              80.23339135653536,
              13.040987823301995
            ],
            [
              80.23339135653536,
              13.04110301392402
            ],
            [
              80.2333148479408,
              13.04110301392402
            ],
            [
              80.2333148479408,
              13.040987823301995
            ]
          ]
        ]
      },
      "properties": {
        "parcel_id": "IND-TN-CHN-DEMO-0026",
        "floors": 3,
        "height_m": 9.6,
        "height_basis": "Estimated: 3 floors x 3.2 m",
        "footprint_area_sqm": 106.2,
        "land_use": "Residential",
        "data_source": "Demonstration data — synthetic, not an official land record",
        "data_quality": "DEMO"
      }
    },
    {
      "type": "Feature",
      "id": "IND-TN-CHN-DEMO-0027",
      "geometry": {
        "type": "Polygon",
        "coordinates": [
          [
            [
              80.23348017941561,
              13.040986850983096
            ],
            [
              80.23355797962142,
              13.040986850983096
            ],
            [
              80.23355797962142,
              13.04110398624292
            ],
            [
              80.23348017941561,
              13.04110398624292
            ],
            [
              80.23348017941561,
              13.040986850983096
            ]
          ]
        ]
      },
      "properties": {
        "parcel_id": "IND-TN-CHN-DEMO-0027",
        "floors": 2,
        "height_m": 6.4,
        "height_basis": "Estimated: 2 floors x 3.2 m",
        "footprint_area_sqm": 109.8,
        "land_use": "Residential",
        "data_source": "Demonstration data — synthetic, not an official land record",
        "data_quality": "DEMO"
      }
    },
    {
      "type": "Feature",
      "id": "IND-TN-CHN-DEMO-0028",
      "geometry": {
        "type": "Polygon",
        "coordinates": [
          [
            [
              80.23364401396603,
              13.040983624908897
            ],
            [
              80.23372609963187,
              13.040983624908897
            ],
            [
              80.23372609963187,
              13.041107212317119
            ],
            [
              80.23364401396603,
              13.041107212317119
            ],
            [
              80.23364401396603,
              13.040983624908897
            ]
          ]
        ]
      },
      "properties": {
        "parcel_id": "IND-TN-CHN-DEMO-0028",
        "floors": 4,
        "height_m": 12.8,
        "height_basis": "Estimated: 4 floors x 3.2 m",
        "footprint_area_sqm": 122.2,
        "land_use": "Commercial",
        "data_source": "Demonstration data — synthetic, not an official land record",
        "data_quality": "DEMO"
      }
    },
    {
      "type": "Feature",
      "id": "IND-TN-CHN-DEMO-0029",
      "geometry": {
        "type": "Polygon",
        "coordinates": [
          [
            [
              80.23380772928404,
              13.040980219319536
            ],
            [
              80.23389433887466,
              13.040980219319536
            ],
            [
              80.23389433887466,
              13.04111061790648
            ],
            [
              80.23380772928404,
              13.04111061790648
            ],
            [
              80.23380772928404,
              13.040980219319536
            ]
          ]
        ]
      },
      "properties": {
        "parcel_id": "IND-TN-CHN-DEMO-0029",
        "floors": 2,
        "height_m": 6.4,
        "height_basis": "Estimated: 2 floors x 3.2 m",
        "footprint_area_sqm": 136,
        "land_use": "Mixed Residential",
        "data_source": "Demonstration data — synthetic, not an official land record",
        "data_quality": "DEMO"
      }
    },
    {
      "type": "Feature",
      "id": "IND-TN-CHN-DEMO-0030",
      "geometry": {
        "type": "Polygon",
        "coordinates": [
          [
            [
              80.23397631361344,
              13.040984144468007
            ],
            [
              80.23405770910612,
              13.040984144468007
            ],
            [
              80.23405770910612,
              13.041106692758008
            ],
            [
              80.23397631361344,
              13.041106692758008
            ],
            [
              80.23397631361344,
              13.040984144468007
            ]
          ]
        ]
      },
      "properties": {
        "parcel_id": "IND-TN-CHN-DEMO-0030",
        "floors": 2,
        "height_m": 6.4,
        "height_basis": "Estimated: 2 floors x 3.2 m",
        "footprint_area_sqm": 120.2,
        "land_use": "Residential",
        "data_source": "Demonstration data — synthetic, not an official land record",
        "data_quality": "DEMO"
      }
    },
    {
      "type": "Feature",
      "id": "IND-TN-CHN-DEMO-0031",
      "geometry": {
        "type": "Polygon",
        "coordinates": [
          [
            [
              80.2341460926665,
              13.040989868381216
            ],
            [
              80.23421988461392,
              13.040989868381216
            ],
            [
              80.23421988461392,
              13.0411009688448
            ],
            [
              80.2341460926665,
              13.0411009688448
            ],
            [
              80.2341460926665,
              13.040989868381216
            ]
          ]
        ]
      },
      "properties": {
        "parcel_id": "IND-TN-CHN-DEMO-0031",
        "floors": 3,
        "height_m": 9.6,
        "height_basis": "Estimated: 3 floors x 3.2 m",
        "footprint_area_sqm": 98.8,
        "land_use": "Residential",
        "data_source": "Demonstration data — synthetic, not an official land record",
        "data_quality": "DEMO"
      }
    },
    {
      "type": "Feature",
      "id": "IND-TN-CHN-DEMO-0032",
      "geometry": {
        "type": "Polygon",
        "coordinates": [
          [
            [
              80.23430848136726,
              13.040984465449329
            ],
            [
              80.23438945047403,
              13.040984465449329
            ],
            [
              80.23438945047403,
              13.041106371776687
            ],
            [
              80.23430848136726,
              13.041106371776687
            ],
            [
              80.23430848136726,
              13.040984465449329
            ]
          ]
        ]
      },
      "properties": {
        "parcel_id": "IND-TN-CHN-DEMO-0032",
        "floors": 3,
        "height_m": 9.6,
        "height_basis": "Estimated: 3 floors x 3.2 m",
        "footprint_area_sqm": 118.9,
        "land_use": "Mixed Residential",
        "data_source": "Demonstration data — synthetic, not an official land record",
        "data_quality": "DEMO"
      }
    },
    {
      "type": "Feature",
      "id": "IND-TN-CHN-DEMO-0033",
      "geometry": {
        "type": "Polygon",
        "coordinates": [
          [
            [
              80.23446965115801,
              13.040977227337972
            ],
            [
              80.23456023524415,
              13.040977227337972
            ],
            [
              80.23456023524415,
              13.041113609888043
            ],
            [
              80.23446965115801,
              13.041113609888043
            ],
            [
              80.23446965115801,
              13.040977227337972
            ]
          ]
        ]
      },
      "properties": {
        "parcel_id": "IND-TN-CHN-DEMO-0033",
        "floors": 6,
        "height_m": 19.2,
        "height_basis": "Estimated: 6 floors x 3.2 m",
        "footprint_area_sqm": 148.8,
        "land_use": "Commercial",
        "data_source": "Demonstration data — synthetic, not an official land record",
        "data_quality": "DEMO"
      }
    },
    {
      "type": "Feature",
      "id": "IND-TN-CHN-DEMO-0034",
      "geometry": {
        "type": "Polygon",
        "coordinates": [
          [
            [
              80.23463698646106,
              13.040979271964115
            ],
            [
              80.2347248545019,
              13.040979271964115
            ],
            [
              80.2347248545019,
              13.0411115652619
            ],
            [
              80.23463698646106,
              13.0411115652619
            ],
            [
              80.23463698646106,
              13.040979271964115
            ]
          ]
        ]
      },
      "properties": {
        "parcel_id": "IND-TN-CHN-DEMO-0034",
        "floors": 5,
        "height_m": 16,
        "height_basis": "Estimated: 5 floors x 3.2 m",
        "footprint_area_sqm": 140,
        "land_use": "Commercial",
        "data_source": "Demonstration data — synthetic, not an official land record",
        "data_quality": "DEMO"
      }
    },
    {
      "type": "Feature",
      "id": "IND-TN-CHN-DEMO-0035",
      "geometry": {
        "type": "Polygon",
        "coordinates": [
          [
            [
              80.2348107964287,
              13.040991064784492
            ],
            [
              80.23488299909512,
              13.040991064784492
            ],
            [
              80.23488299909512,
              13.041099772441523
            ],
            [
              80.2348107964287,
              13.041099772441523
            ],
            [
              80.2348107964287,
              13.040991064784492
            ]
          ]
        ]
      },
      "properties": {
        "parcel_id": "IND-TN-CHN-DEMO-0035",
        "floors": 2,
        "height_m": 6.4,
        "height_basis": "Estimated: 2 floors x 3.2 m",
        "footprint_area_sqm": 94.5,
        "land_use": "Industrial",
        "data_source": "Demonstration data — synthetic, not an official land record",
        "data_quality": "DEMO"
      }
    },
    {
      "type": "Feature",
      "id": "IND-TN-CHN-DEMO-0036",
      "geometry": {
        "type": "Polygon",
        "coordinates": [
          [
            [
              80.23498025049865,
              13.040996299406165
            ],
            [
              80.23504549958604,
              13.040996299406165
            ],
            [
              80.23504549958604,
              13.04109453781985
            ],
            [
              80.23498025049865,
              13.04109453781985
            ],
            [
              80.23498025049865,
              13.040996299406165
            ]
          ]
        ]
      },
      "properties": {
        "parcel_id": "IND-TN-CHN-DEMO-0036",
        "floors": 3,
        "height_m": 9.6,
        "height_basis": "Estimated: 3 floors x 3.2 m",
        "footprint_area_sqm": 77.2,
        "land_use": "Institutional",
        "data_source": "Demonstration data — synthetic, not an official land record",
        "data_quality": "DEMO"
      }
    },
    {
      "type": "Feature",
      "id": "IND-TN-CHN-DEMO-0038",
      "geometry": {
        "type": "Polygon",
        "coordinates": [
          [
            [
              80.23331557296592,
              13.041204509574992
            ],
            [
              80.23339063151025,
              13.041204509574992
            ],
            [
              80.23339063151025,
              13.04131751701502
            ],
            [
              80.23331557296592,
              13.04131751701502
            ],
            [
              80.23331557296592,
              13.041204509574992
            ]
          ]
        ]
      },
      "properties": {
        "parcel_id": "IND-TN-CHN-DEMO-0038",
        "floors": 2,
        "height_m": 6.4,
        "height_basis": "Estimated: 2 floors x 3.2 m",
        "footprint_area_sqm": 102.2,
        "land_use": "Residential",
        "data_source": "Demonstration data — synthetic, not an official land record",
        "data_quality": "DEMO"
      }
    },
    {
      "type": "Feature",
      "id": "IND-TN-CHN-DEMO-0039",
      "geometry": {
        "type": "Polygon",
        "coordinates": [
          [
            [
              80.23347425355388,
              13.041193523743276
            ],
            [
              80.23356390548315,
              13.041193523743276
            ],
            [
              80.23356390548315,
              13.041328502846737
            ],
            [
              80.23347425355388,
              13.041328502846737
            ],
            [
              80.23347425355388,
              13.041193523743276
            ]
          ]
        ]
      },
      "properties": {
        "parcel_id": "IND-TN-CHN-DEMO-0039",
        "floors": 5,
        "height_m": 16,
        "height_basis": "Estimated: 5 floors x 3.2 m",
        "footprint_area_sqm": 145.8,
        "land_use": "Commercial",
        "data_source": "Demonstration data — synthetic, not an official land record",
        "data_quality": "DEMO"
      }
    },
    {
      "type": "Feature",
      "id": "IND-TN-CHN-DEMO-0040",
      "geometry": {
        "type": "Polygon",
        "coordinates": [
          [
            [
              80.23364958166587,
              13.041207602267535
            ],
            [
              80.23372053193202,
              13.041207602267535
            ],
            [
              80.23372053193202,
              13.041314424322477
            ],
            [
              80.23364958166587,
              13.041314424322477
            ],
            [
              80.23364958166587,
              13.041207602267535
            ]
          ]
        ]
      },
      "properties": {
        "parcel_id": "IND-TN-CHN-DEMO-0040",
        "floors": 1,
        "height_m": 3.2,
        "height_basis": "Estimated: 1 floors x 3.2 m",
        "footprint_area_sqm": 91.3,
        "land_use": "Residential",
        "data_source": "Demonstration data — synthetic, not an official land record",
        "data_quality": "DEMO"
      }
    },
    {
      "type": "Feature",
      "id": "IND-TN-CHN-DEMO-0041",
      "geometry": {
        "type": "Polygon",
        "coordinates": [
          [
            [
              80.23381305743321,
              13.041203836012942
            ],
            [
              80.23388901072549,
              13.041203836012942
            ],
            [
              80.23388901072549,
              13.041318190577071
            ],
            [
              80.23381305743321,
              13.041318190577071
            ],
            [
              80.23381305743321,
              13.041203836012942
            ]
          ]
        ]
      },
      "properties": {
        "parcel_id": "IND-TN-CHN-DEMO-0041",
        "floors": 3,
        "height_m": 9.6,
        "height_basis": "Estimated: 3 floors x 3.2 m",
        "footprint_area_sqm": 104.6,
        "land_use": "Residential",
        "data_source": "Demonstration data — synthetic, not an official land record",
        "data_quality": "DEMO"
      }
    },
    {
      "type": "Feature",
      "id": "IND-TN-CHN-DEMO-0042",
      "geometry": {
        "type": "Polygon",
        "coordinates": [
          [
            [
              80.23397447117533,
              13.041196965192468
            ],
            [
              80.23405955154423,
              13.041196965192468
            ],
            [
              80.23405955154423,
              13.041325061397545
            ],
            [
              80.23397447117533,
              13.041325061397545
            ],
            [
              80.23397447117533,
              13.041196965192468
            ]
          ]
        ]
      },
      "properties": {
        "parcel_id": "IND-TN-CHN-DEMO-0042",
        "floors": 3,
        "height_m": 9.6,
        "height_basis": "Estimated: 3 floors x 3.2 m",
        "footprint_area_sqm": 131.3,
        "land_use": "Mixed Residential",
        "data_source": "Demonstration data — synthetic, not an official land record",
        "data_quality": "DEMO"
      }
    },
    {
      "type": "Feature",
      "id": "IND-TN-CHN-DEMO-0043",
      "geometry": {
        "type": "Polygon",
        "coordinates": [
          [
            [
              80.23416517350365,
              13.041234190992565
            ],
            [
              80.23420080377677,
              13.041234190992565
            ],
            [
              80.23420080377677,
              13.041287835597448
            ],
            [
              80.23416517350365,
              13.041287835597448
            ],
            [
              80.23416517350365,
              13.041234190992565
            ]
          ]
        ]
      },
      "properties": {
        "parcel_id": "IND-TN-CHN-DEMO-0043",
        "floors": 1,
        "height_m": 3.2,
        "height_basis": "Estimated: 1 floors x 3.2 m",
        "footprint_area_sqm": 23,
        "land_use": "Public/Semi-Public",
        "data_source": "Demonstration data — synthetic, not an official land record",
        "data_quality": "DEMO"
      }
    },
    {
      "type": "Feature",
      "id": "IND-TN-CHN-DEMO-0044",
      "geometry": {
        "type": "Polygon",
        "coordinates": [
          [
            [
              80.23432257719332,
              13.041221282674769
            ],
            [
              80.23437535464797,
              13.041221282674769
            ],
            [
              80.23437535464797,
              13.041300743915244
            ],
            [
              80.23432257719332,
              13.041300743915244
            ],
            [
              80.23432257719332,
              13.041221282674769
            ]
          ]
        ]
      },
      "properties": {
        "parcel_id": "IND-TN-CHN-DEMO-0044",
        "floors": 1,
        "height_m": 3.2,
        "height_basis": "Estimated: 1 floors x 3.2 m",
        "footprint_area_sqm": 50.5,
        "land_use": "Public/Semi-Public",
        "data_source": "Demonstration data — synthetic, not an official land record",
        "data_quality": "DEMO"
      }
    },
    {
      "type": "Feature",
      "id": "IND-TN-CHN-DEMO-0045",
      "geometry": {
        "type": "Polygon",
        "coordinates": [
          [
            [
              80.23447737155975,
              13.04120444578437
            ],
            [
              80.2345525148424,
              13.04120444578437
            ],
            [
              80.2345525148424,
              13.041317580805643
            ],
            [
              80.23447737155975,
              13.041317580805643
            ],
            [
              80.23447737155975,
              13.04120444578437
            ]
          ]
        ]
      },
      "properties": {
        "parcel_id": "IND-TN-CHN-DEMO-0045",
        "floors": 2,
        "height_m": 6.4,
        "height_basis": "Estimated: 2 floors x 3.2 m",
        "footprint_area_sqm": 102.4,
        "land_use": "Residential",
        "data_source": "Demonstration data — synthetic, not an official land record",
        "data_quality": "DEMO"
      }
    },
    {
      "type": "Feature",
      "id": "IND-TN-CHN-DEMO-0046",
      "geometry": {
        "type": "Polygon",
        "coordinates": [
          [
            [
              80.23464135604883,
              13.041201445456453
            ],
            [
              80.23472048491413,
              13.041201445456453
            ],
            [
              80.23472048491413,
              13.04132058113356
            ],
            [
              80.23464135604883,
              13.04132058113356
            ],
            [
              80.23464135604883,
              13.041201445456453
            ]
          ]
        ]
      },
      "properties": {
        "parcel_id": "IND-TN-CHN-DEMO-0046",
        "floors": 2,
        "height_m": 6.4,
        "height_basis": "Estimated: 2 floors x 3.2 m",
        "footprint_area_sqm": 113.6,
        "land_use": "Residential",
        "data_source": "Demonstration data — synthetic, not an official land record",
        "data_quality": "DEMO"
      }
    },
    {
      "type": "Feature",
      "id": "IND-TN-CHN-DEMO-0047",
      "geometry": {
        "type": "Polygon",
        "coordinates": [
          [
            [
              80.23481000921889,
              13.041205474250779
            ],
            [
              80.23488378630493,
              13.041205474250779
            ],
            [
              80.23488378630493,
              13.041316552339234
            ],
            [
              80.23481000921889,
              13.041316552339234
            ],
            [
              80.23481000921889,
              13.041205474250779
            ]
          ]
        ]
      },
      "properties": {
        "parcel_id": "IND-TN-CHN-DEMO-0047",
        "floors": 2,
        "height_m": 6.4,
        "height_basis": "Estimated: 2 floors x 3.2 m",
        "footprint_area_sqm": 98.7,
        "land_use": "Residential",
        "data_source": "Demonstration data — synthetic, not an official land record",
        "data_quality": "DEMO"
      }
    },
    {
      "type": "Feature",
      "id": "IND-TN-CHN-DEMO-0048",
      "geometry": {
        "type": "Polygon",
        "coordinates": [
          [
            [
              80.23497305116383,
              13.041201054837222
            ],
            [
              80.23505269892085,
              13.041201054837222
            ],
            [
              80.23505269892085,
              13.041320971752791
            ],
            [
              80.23497305116383,
              13.041320971752791
            ],
            [
              80.23497305116383,
              13.041201054837222
            ]
          ]
        ]
      },
      "properties": {
        "parcel_id": "IND-TN-CHN-DEMO-0048",
        "floors": 1,
        "height_m": 3.2,
        "height_basis": "Estimated: 1 floors x 3.2 m",
        "footprint_area_sqm": 115,
        "land_use": "Residential",
        "data_source": "Demonstration data — synthetic, not an official land record",
        "data_quality": "DEMO"
      }
    },
    {
      "type": "Feature",
      "id": "IND-TN-CHN-DEMO-0050",
      "geometry": {
        "type": "Polygon",
        "coordinates": [
          [
            [
              80.23331864039427,
              13.041424722548346
            ],
            [
              80.2333875640819,
              13.041424722548346
            ],
            [
              80.2333875640819,
              13.04152849340566
            ],
            [
              80.23331864039427,
              13.04152849340566
            ],
            [
              80.23331864039427,
              13.041424722548346
            ]
          ]
        ]
      },
      "properties": {
        "parcel_id": "IND-TN-CHN-DEMO-0050",
        "floors": 2,
        "height_m": 6.4,
        "height_basis": "Estimated: 2 floors x 3.2 m",
        "footprint_area_sqm": 86.2,
        "land_use": "Residential",
        "data_source": "Demonstration data — synthetic, not an official land record",
        "data_quality": "DEMO"
      }
    },
    {
      "type": "Feature",
      "id": "IND-TN-CHN-DEMO-0051",
      "geometry": {
        "type": "Polygon",
        "coordinates": [
          [
            [
              80.2334718842458,
              13.041405551217263
            ],
            [
              80.23356627479123,
              13.041405551217263
            ],
            [
              80.23356627479123,
              13.041547664736743
            ],
            [
              80.2334718842458,
              13.041547664736743
            ],
            [
              80.2334718842458,
              13.041405551217263
            ]
          ]
        ]
      },
      "properties": {
        "parcel_id": "IND-TN-CHN-DEMO-0051",
        "floors": 5,
        "height_m": 16,
        "height_basis": "Estimated: 5 floors x 3.2 m",
        "footprint_area_sqm": 161.6,
        "land_use": "Commercial",
        "data_source": "Demonstration data — synthetic, not an official land record",
        "data_quality": "DEMO"
      }
    },
    {
      "type": "Feature",
      "id": "IND-TN-CHN-DEMO-0052",
      "geometry": {
        "type": "Polygon",
        "coordinates": [
          [
            [
              80.23364580927367,
              13.04141751727122
            ],
            [
              80.23372430432423,
              13.04141751727122
            ],
            [
              80.23372430432423,
              13.041535698682786
            ],
            [
              80.23364580927367,
              13.041535698682786
            ],
            [
              80.23364580927367,
              13.04141751727122
            ]
          ]
        ]
      },
      "properties": {
        "parcel_id": "IND-TN-CHN-DEMO-0052",
        "floors": 2,
        "height_m": 6.4,
        "height_basis": "Estimated: 2 floors x 3.2 m",
        "footprint_area_sqm": 111.7,
        "land_use": "Residential",
        "data_source": "Demonstration data — synthetic, not an official land record",
        "data_quality": "DEMO"
      }
    },
    {
      "type": "Feature",
      "id": "IND-TN-CHN-DEMO-0053",
      "geometry": {
        "type": "Polygon",
        "coordinates": [
          [
            [
              80.23380939578252,
              13.041413917748011
            ],
            [
              80.23389267237619,
              13.041413917748011
            ],
            [
              80.23389267237619,
              13.041539298205995
            ],
            [
              80.23380939578252,
              13.041539298205995
            ],
            [
              80.23380939578252,
              13.041413917748011
            ]
          ]
        ]
      },
      "properties": {
        "parcel_id": "IND-TN-CHN-DEMO-0053",
        "floors": 5,
        "height_m": 16,
        "height_basis": "Estimated: 5 floors x 3.2 m",
        "footprint_area_sqm": 125.8,
        "land_use": "Commercial",
        "data_source": "Demonstration data — synthetic, not an official land record",
        "data_quality": "DEMO"
      }
    },
    {
      "type": "Feature",
      "id": "IND-TN-CHN-DEMO-0054",
      "geometry": {
        "type": "Polygon",
        "coordinates": [
          [
            [
              80.23397725750438,
              13.041416754945336
            ],
            [
              80.23405676521519,
              13.041416754945336
            ],
            [
              80.23405676521519,
              13.04153646100867
            ],
            [
              80.23397725750438,
              13.04153646100867
            ],
            [
              80.23397725750438,
              13.041416754945336
            ]
          ]
        ]
      },
      "properties": {
        "parcel_id": "IND-TN-CHN-DEMO-0054",
        "floors": 3,
        "height_m": 9.6,
        "height_basis": "Estimated: 3 floors x 3.2 m",
        "footprint_area_sqm": 114.6,
        "land_use": "Residential",
        "data_source": "Demonstration data — synthetic, not an official land record",
        "data_quality": "DEMO"
      }
    },
    {
      "type": "Feature",
      "id": "IND-TN-CHN-DEMO-0055",
      "geometry": {
        "type": "Polygon",
        "coordinates": [
          [
            [
              80.23416229273067,
              13.041445448409803
            ],
            [
              80.23420368454975,
              13.041445448409803
            ],
            [
              80.23420368454975,
              13.041507767544203
            ],
            [
              80.23416229273067,
              13.041507767544203
            ],
            [
              80.23416229273067,
              13.041445448409803
            ]
          ]
        ]
      },
      "properties": {
        "parcel_id": "IND-TN-CHN-DEMO-0055",
        "floors": 2,
        "height_m": 6.4,
        "height_basis": "Estimated: 2 floors x 3.2 m",
        "footprint_area_sqm": 31.1,
        "land_use": "Public/Semi-Public",
        "data_source": "Demonstration data — synthetic, not an official land record",
        "data_quality": "DEMO"
      }
    },
    {
      "type": "Feature",
      "id": "IND-TN-CHN-DEMO-0056",
      "geometry": {
        "type": "Polygon",
        "coordinates": [
          [
            [
              80.23431933314632,
              13.041431993150042
            ],
            [
              80.23437859869497,
              13.041431993150042
            ],
            [
              80.23437859869497,
              13.041521222803965
            ],
            [
              80.23431933314632,
              13.041521222803965
            ],
            [
              80.23431933314632,
              13.041431993150042
            ]
          ]
        ]
      },
      "properties": {
        "parcel_id": "IND-TN-CHN-DEMO-0056",
        "floors": 1,
        "height_m": 3.2,
        "height_basis": "Estimated: 1 floors x 3.2 m",
        "footprint_area_sqm": 63.7,
        "land_use": "Institutional",
        "data_source": "Demonstration data — synthetic, not an official land record",
        "data_quality": "DEMO"
      }
    },
    {
      "type": "Feature",
      "id": "IND-TN-CHN-DEMO-0057",
      "geometry": {
        "type": "Polygon",
        "coordinates": [
          [
            [
              80.2344758697271,
              13.041417779321243
            ],
            [
              80.23455401667505,
              13.041417779321243
            ],
            [
              80.23455401667505,
              13.041535436632763
            ],
            [
              80.2344758697271,
              13.041535436632763
            ],
            [
              80.2344758697271,
              13.041417779321243
            ]
          ]
        ]
      },
      "properties": {
        "parcel_id": "IND-TN-CHN-DEMO-0057",
        "floors": 2,
        "height_m": 6.4,
        "height_basis": "Estimated: 2 floors x 3.2 m",
        "footprint_area_sqm": 110.8,
        "land_use": "Mixed Residential",
        "data_source": "Demonstration data — synthetic, not an official land record",
        "data_quality": "DEMO"
      }
    },
    {
      "type": "Feature",
      "id": "IND-TN-CHN-DEMO-0058",
      "geometry": {
        "type": "Polygon",
        "coordinates": [
          [
            [
              80.23464144730417,
              13.041417177531656
            ],
            [
              80.23472039365879,
              13.041417177531656
            ],
            [
              80.23472039365879,
              13.04153603842235
            ],
            [
              80.23464144730417,
              13.04153603842235
            ],
            [
              80.23464144730417,
              13.041417177531656
            ]
          ]
        ]
      },
      "properties": {
        "parcel_id": "IND-TN-CHN-DEMO-0058",
        "floors": 1,
        "height_m": 3.2,
        "height_basis": "Estimated: 1 floors x 3.2 m",
        "footprint_area_sqm": 113,
        "land_use": "Residential",
        "data_source": "Demonstration data — synthetic, not an official land record",
        "data_quality": "DEMO"
      }
    },
    {
      "type": "Feature",
      "id": "IND-TN-CHN-DEMO-0059",
      "geometry": {
        "type": "Polygon",
        "coordinates": [
          [
            [
              80.23480063881068,
              13.041406960934117
            ],
            [
              80.23489315671314,
              13.041406960934117
            ],
            [
              80.23489315671314,
              13.04154625501989
            ],
            [
              80.23480063881068,
              13.04154625501989
            ],
            [
              80.23480063881068,
              13.041406960934117
            ]
          ]
        ]
      },
      "properties": {
        "parcel_id": "IND-TN-CHN-DEMO-0059",
        "floors": 5,
        "height_m": 16,
        "height_basis": "Estimated: 5 floors x 3.2 m",
        "footprint_area_sqm": 155.2,
        "land_use": "Commercial",
        "data_source": "Demonstration data — synthetic, not an official land record",
        "data_quality": "DEMO"
      }
    },
    {
      "type": "Feature",
      "id": "IND-TN-CHN-DEMO-0060",
      "geometry": {
        "type": "Polygon",
        "coordinates": [
          [
            [
              80.23498231148538,
              13.04143059177244
            ],
            [
              80.2350434385993,
              13.04143059177244
            ],
            [
              80.2350434385993,
              13.041522624181567
            ],
            [
              80.23498231148538,
              13.041522624181567
            ],
            [
              80.23498231148538,
              13.04143059177244
            ]
          ]
        ]
      },
      "properties": {
        "parcel_id": "IND-TN-CHN-DEMO-0060",
        "floors": 4,
        "height_m": 12.8,
        "height_basis": "Estimated: 4 floors x 3.2 m",
        "footprint_area_sqm": 67.8,
        "land_use": "Institutional",
        "data_source": "Demonstration data — synthetic, not an official land record",
        "data_quality": "DEMO"
      }
    },
    {
      "type": "Feature",
      "id": "IND-TN-CHN-DEMO-0061",
      "geometry": {
        "type": "Polygon",
        "coordinates": [
          [
            [
              80.23314570462091,
              13.041629840588675
            ],
            [
              80.2332285452944,
              13.041629840588675
            ],
            [
              80.2332285452944,
              13.04175456472933
            ],
            [
              80.23314570462091,
              13.04175456472933
            ],
            [
              80.23314570462091,
              13.041629840588675
            ]
          ]
        ]
      },
      "properties": {
        "parcel_id": "IND-TN-CHN-DEMO-0061",
        "floors": 2,
        "height_m": 6.4,
        "height_basis": "Estimated: 2 floors x 3.2 m",
        "footprint_area_sqm": 124.5,
        "land_use": "Residential",
        "data_source": "Demonstration data — synthetic, not an official land record",
        "data_quality": "DEMO"
      }
    },
    {
      "type": "Feature",
      "id": "IND-TN-CHN-DEMO-0062",
      "geometry": {
        "type": "Polygon",
        "coordinates": [
          [
            [
              80.23331481358309,
              13.041634555619332
            ],
            [
              80.23339139089308,
              13.041634555619332
            ],
            [
              80.23339139089308,
              13.041749849698672
            ],
            [
              80.23331481358309,
              13.041749849698672
            ],
            [
              80.23331481358309,
              13.041634555619332
            ]
          ]
        ]
      },
      "properties": {
        "parcel_id": "IND-TN-CHN-DEMO-0062",
        "floors": 2,
        "height_m": 6.4,
        "height_basis": "Estimated: 2 floors x 3.2 m",
        "footprint_area_sqm": 106.3,
        "land_use": "Residential",
        "data_source": "Demonstration data — synthetic, not an official land record",
        "data_quality": "DEMO"
      }
    },
    {
      "type": "Feature",
      "id": "IND-TN-CHN-DEMO-0063",
      "geometry": {
        "type": "Polygon",
        "coordinates": [
          [
            [
              80.23347855083853,
              13.041631183058708
            ],
            [
              80.2335596081985,
              13.041631183058708
            ],
            [
              80.2335596081985,
              13.041753222259295
            ],
            [
              80.23347855083853,
              13.041753222259295
            ],
            [
              80.23347855083853,
              13.041631183058708
            ]
          ]
        ]
      },
      "properties": {
        "parcel_id": "IND-TN-CHN-DEMO-0063",
        "floors": 2,
        "height_m": 6.4,
        "height_basis": "Estimated: 2 floors x 3.2 m",
        "footprint_area_sqm": 119.2,
        "land_use": "Residential",
        "data_source": "Demonstration data — synthetic, not an official land record",
        "data_quality": "DEMO"
      }
    },
    {
      "type": "Feature",
      "id": "IND-TN-CHN-DEMO-0064",
      "geometry": {
        "type": "Polygon",
        "coordinates": [
          [
            [
              80.2336558106233,
              13.041648169891392
            ],
            [
              80.23371430297459,
              13.041648169891392
            ],
            [
              80.23371430297459,
              13.041736235426612
            ],
            [
              80.2336558106233,
              13.041736235426612
            ],
            [
              80.2336558106233,
              13.041648169891392
            ]
          ]
        ]
      },
      "properties": {
        "parcel_id": "IND-TN-CHN-DEMO-0064",
        "floors": 1,
        "height_m": 3.2,
        "height_basis": "Estimated: 1 floors x 3.2 m",
        "footprint_area_sqm": 62,
        "land_use": "Public/Semi-Public",
        "data_source": "Demonstration data — synthetic, not an official land record",
        "data_quality": "DEMO"
      }
    },
    {
      "type": "Feature",
      "id": "IND-TN-CHN-DEMO-0066",
      "geometry": {
        "type": "Polygon",
        "coordinates": [
          [
            [
              80.23397622517798,
              13.041630795366407
            ],
            [
              80.23405779754158,
              13.041630795366407
            ],
            [
              80.23405779754158,
              13.041753609951597
            ],
            [
              80.23397622517798,
              13.041753609951597
            ],
            [
              80.23397622517798,
              13.041630795366407
            ]
          ]
        ]
      },
      "properties": {
        "parcel_id": "IND-TN-CHN-DEMO-0066",
        "floors": 2,
        "height_m": 6.4,
        "height_basis": "Estimated: 2 floors x 3.2 m",
        "footprint_area_sqm": 120.7,
        "land_use": "Residential",
        "data_source": "Demonstration data — synthetic, not an official land record",
        "data_quality": "DEMO"
      }
    },
    {
      "type": "Feature",
      "id": "IND-TN-CHN-DEMO-0069",
      "geometry": {
        "type": "Polygon",
        "coordinates": [
          [
            [
              80.23447255916531,
              13.041628389652466
            ],
            [
              80.23455732723684,
              13.041628389652466
            ],
            [
              80.23455732723684,
              13.041756015665538
            ],
            [
              80.23447255916531,
              13.041756015665538
            ],
            [
              80.23447255916531,
              13.041628389652466
            ]
          ]
        ]
      },
      "properties": {
        "parcel_id": "IND-TN-CHN-DEMO-0069",
        "floors": 4,
        "height_m": 12.8,
        "height_basis": "Estimated: 4 floors x 3.2 m",
        "footprint_area_sqm": 130.3,
        "land_use": "Commercial",
        "data_source": "Demonstration data — synthetic, not an official land record",
        "data_quality": "DEMO"
      }
    },
    {
      "type": "Feature",
      "id": "IND-TN-CHN-DEMO-0070",
      "geometry": {
        "type": "Polygon",
        "coordinates": [
          [
            [
              80.23464593095713,
              13.041639522759475
            ],
            [
              80.23471591000583,
              13.041639522759475
            ],
            [
              80.23471591000583,
              13.041744882558529
            ],
            [
              80.23464593095713,
              13.041744882558529
            ],
            [
              80.23464593095713,
              13.041639522759475
            ]
          ]
        ]
      },
      "properties": {
        "parcel_id": "IND-TN-CHN-DEMO-0070",
        "floors": 2,
        "height_m": 6.4,
        "height_basis": "Estimated: 2 floors x 3.2 m",
        "footprint_area_sqm": 88.8,
        "land_use": "Residential",
        "data_source": "Demonstration data — synthetic, not an official land record",
        "data_quality": "DEMO"
      }
    },
    {
      "type": "Feature",
      "id": "IND-TN-CHN-DEMO-0071",
      "geometry": {
        "type": "Polygon",
        "coordinates": [
          [
            [
              80.2348093804551,
              13.041635716953929
            ],
            [
              80.23488441506872,
              13.041635716953929
            ],
            [
              80.23488441506872,
              13.041748688364075
            ],
            [
              80.2348093804551,
              13.041748688364075
            ],
            [
              80.2348093804551,
              13.041635716953929
            ]
          ]
        ]
      },
      "properties": {
        "parcel_id": "IND-TN-CHN-DEMO-0071",
        "floors": 2,
        "height_m": 6.4,
        "height_basis": "Estimated: 2 floors x 3.2 m",
        "footprint_area_sqm": 102.1,
        "land_use": "Residential",
        "data_source": "Demonstration data — synthetic, not an official land record",
        "data_quality": "DEMO"
      }
    },
    {
      "type": "Feature",
      "id": "IND-TN-CHN-DEMO-0072",
      "geometry": {
        "type": "Polygon",
        "coordinates": [
          [
            [
              80.23497369744628,
              13.04163321723799
            ],
            [
              80.23505205263841,
              13.04163321723799
            ],
            [
              80.23505205263841,
              13.041751188080013
            ],
            [
              80.23497369744628,
              13.041751188080013
            ],
            [
              80.23497369744628,
              13.04163321723799
            ]
          ]
        ]
      },
      "properties": {
        "parcel_id": "IND-TN-CHN-DEMO-0072",
        "floors": 2,
        "height_m": 6.4,
        "height_basis": "Estimated: 2 floors x 3.2 m",
        "footprint_area_sqm": 111.3,
        "land_use": "Residential",
        "data_source": "Demonstration data — synthetic, not an official land record",
        "data_quality": "DEMO"
      }
    },
    {
      "type": "Feature",
      "id": "IND-TN-CHN-DEMO-0073",
      "geometry": {
        "type": "Polygon",
        "coordinates": [
          [
            [
              80.23315301575185,
              13.041856442840814
            ],
            [
              80.23322123416345,
              13.041856442840814
            ],
            [
              80.23322123416345,
              13.041959151841183
            ],
            [
              80.23315301575185,
              13.041959151841183
            ],
            [
              80.23315301575185,
              13.041856442840814
            ]
          ]
        ]
      },
      "properties": {
        "parcel_id": "IND-TN-CHN-DEMO-0073",
        "floors": 3,
        "height_m": 9.6,
        "height_basis": "Estimated: 3 floors x 3.2 m",
        "footprint_area_sqm": 84.4,
        "land_use": "Residential",
        "data_source": "Demonstration data — synthetic, not an official land record",
        "data_quality": "DEMO"
      }
    },
    {
      "type": "Feature",
      "id": "IND-TN-CHN-DEMO-0074",
      "geometry": {
        "type": "Polygon",
        "coordinates": [
          [
            [
              80.23331079717501,
              13.041844103235
            ],
            [
              80.23339540730116,
              13.041844103235
            ],
            [
              80.23339540730116,
              13.041971491446997
            ],
            [
              80.23331079717501,
              13.041971491446997
            ],
            [
              80.23331079717501,
              13.041844103235
            ]
          ]
        ]
      },
      "properties": {
        "parcel_id": "IND-TN-CHN-DEMO-0074",
        "floors": 6,
        "height_m": 19.2,
        "height_basis": "Estimated: 6 floors x 3.2 m",
        "footprint_area_sqm": 129.8,
        "land_use": "Commercial",
        "data_source": "Demonstration data — synthetic, not an official land record",
        "data_quality": "DEMO"
      }
    },
    {
      "type": "Feature",
      "id": "IND-TN-CHN-DEMO-0075",
      "geometry": {
        "type": "Polygon",
        "coordinates": [
          [
            [
              80.23349042091527,
              13.041864649216874
            ],
            [
              80.23354773812176,
              13.041864649216874
            ],
            [
              80.23354773812176,
              13.041950945465123
            ],
            [
              80.23349042091527,
              13.041950945465123
            ],
            [
              80.23349042091527,
              13.041864649216874
            ]
          ]
        ]
      },
      "properties": {
        "parcel_id": "IND-TN-CHN-DEMO-0075",
        "floors": 2,
        "height_m": 6.4,
        "height_basis": "Estimated: 2 floors x 3.2 m",
        "footprint_area_sqm": 59.6,
        "land_use": "Institutional",
        "data_source": "Demonstration data — synthetic, not an official land record",
        "data_quality": "DEMO"
      }
    },
    {
      "type": "Feature",
      "id": "IND-TN-CHN-DEMO-0077",
      "geometry": {
        "type": "Polygon",
        "coordinates": [
          [
            [
              80.23381094495197,
              13.041847439526993
            ],
            [
              80.23389112320673,
              13.041847439526993
            ],
            [
              80.23389112320673,
              13.041968155155004
            ],
            [
              80.23381094495197,
              13.041968155155004
            ],
            [
              80.23381094495197,
              13.041847439526993
            ]
          ]
        ]
      },
      "properties": {
        "parcel_id": "IND-TN-CHN-DEMO-0077",
        "floors": 4,
        "height_m": 12.8,
        "height_basis": "Estimated: 4 floors x 3.2 m",
        "footprint_area_sqm": 116.6,
        "land_use": "Mixed Residential",
        "data_source": "Demonstration data — synthetic, not an official land record",
        "data_quality": "DEMO"
      }
    },
    {
      "type": "Feature",
      "id": "IND-TN-CHN-DEMO-0078",
      "geometry": {
        "type": "Polygon",
        "coordinates": [
          [
            [
              80.23397188423445,
              13.041839854364559
            ],
            [
              80.23406213848511,
              13.041839854364559
            ],
            [
              80.23406213848511,
              13.041975740317438
            ],
            [
              80.23397188423445,
              13.041975740317438
            ],
            [
              80.23397188423445,
              13.041839854364559
            ]
          ]
        ]
      },
      "properties": {
        "parcel_id": "IND-TN-CHN-DEMO-0078",
        "floors": 2,
        "height_m": 6.4,
        "height_basis": "Estimated: 2 floors x 3.2 m",
        "footprint_area_sqm": 147.7,
        "land_use": "Commercial",
        "data_source": "Demonstration data — synthetic, not an official land record",
        "data_quality": "DEMO"
      }
    },
    {
      "type": "Feature",
      "id": "IND-TN-CHN-DEMO-0079",
      "geometry": {
        "type": "Polygon",
        "coordinates": [
          [
            [
              80.23414670249444,
              13.041853165260422
            ],
            [
              80.23421927478599,
              13.041853165260422
            ],
            [
              80.23421927478599,
              13.041962429421575
            ],
            [
              80.23414670249444,
              13.041962429421575
            ],
            [
              80.23414670249444,
              13.041853165260422
            ]
          ]
        ]
      },
      "properties": {
        "parcel_id": "IND-TN-CHN-DEMO-0079",
        "floors": 3,
        "height_m": 9.6,
        "height_basis": "Estimated: 3 floors x 3.2 m",
        "footprint_area_sqm": 95.5,
        "land_use": "Mixed Residential",
        "data_source": "Demonstration data — synthetic, not an official land record",
        "data_quality": "DEMO"
      }
    },
    {
      "type": "Feature",
      "id": "IND-TN-CHN-DEMO-0080",
      "geometry": {
        "type": "Polygon",
        "coordinates": [
          [
            [
              80.23431013446684,
              13.041849333068528
            ],
            [
              80.23438779737445,
              13.041849333068528
            ],
            [
              80.23438779737445,
              13.041966261613469
            ],
            [
              80.23431013446684,
              13.041966261613469
            ],
            [
              80.23431013446684,
              13.041849333068528
            ]
          ]
        ]
      },
      "properties": {
        "parcel_id": "IND-TN-CHN-DEMO-0080",
        "floors": 1,
        "height_m": 3.2,
        "height_basis": "Estimated: 1 floors x 3.2 m",
        "footprint_area_sqm": 109.4,
        "land_use": "Industrial",
        "data_source": "Demonstration data — synthetic, not an official land record",
        "data_quality": "DEMO"
      }
    },
    {
      "type": "Feature",
      "id": "IND-TN-CHN-DEMO-0081",
      "geometry": {
        "type": "Polygon",
        "coordinates": [
          [
            [
              80.23447462288648,
              13.041847091453683
            ],
            [
              80.23455526351567,
              13.041847091453683
            ],
            [
              80.23455526351567,
              13.041968503228315
            ],
            [
              80.23447462288648,
              13.041968503228315
            ],
            [
              80.23447462288648,
              13.041847091453683
            ]
          ]
        ]
      },
      "properties": {
        "parcel_id": "IND-TN-CHN-DEMO-0081",
        "floors": 3,
        "height_m": 9.6,
        "height_basis": "Estimated: 3 floors x 3.2 m",
        "footprint_area_sqm": 117.9,
        "land_use": "Mixed Residential",
        "data_source": "Demonstration data — synthetic, not an official land record",
        "data_quality": "DEMO"
      }
    },
    {
      "type": "Feature",
      "id": "IND-TN-CHN-DEMO-0082",
      "geometry": {
        "type": "Polygon",
        "coordinates": [
          [
            [
              80.23463878046299,
              13.041844351724574
            ],
            [
              80.23472306049997,
              13.041844351724574
            ],
            [
              80.23472306049997,
              13.041971242957423
            ],
            [
              80.23463878046299,
              13.041971242957423
            ],
            [
              80.23463878046299,
              13.041844351724574
            ]
          ]
        ]
      },
      "properties": {
        "parcel_id": "IND-TN-CHN-DEMO-0082",
        "floors": 4,
        "height_m": 12.8,
        "height_basis": "Estimated: 4 floors x 3.2 m",
        "footprint_area_sqm": 128.8,
        "land_use": "Mixed Residential",
        "data_source": "Demonstration data — synthetic, not an official land record",
        "data_quality": "DEMO"
      }
    },
    {
      "type": "Feature",
      "id": "IND-TN-CHN-DEMO-0083",
      "geometry": {
        "type": "Polygon",
        "coordinates": [
          [
            [
              80.23480576847064,
              13.041845873465993
            ],
            [
              80.23488802705319,
              13.041845873465993
            ],
            [
              80.23488802705319,
              13.041969721216004
            ],
            [
              80.23480576847064,
              13.041969721216004
            ],
            [
              80.23480576847064,
              13.041845873465993
            ]
          ]
        ]
      },
      "properties": {
        "parcel_id": "IND-TN-CHN-DEMO-0083",
        "floors": 2,
        "height_m": 6.4,
        "height_basis": "Estimated: 2 floors x 3.2 m",
        "footprint_area_sqm": 122.7,
        "land_use": "Mixed Residential",
        "data_source": "Demonstration data — synthetic, not an official land record",
        "data_quality": "DEMO"
      }
    },
    {
      "type": "Feature",
      "id": "IND-TN-CHN-DEMO-0085",
      "geometry": {
        "type": "Polygon",
        "coordinates": [
          [
            [
              80.23314942293284,
              13.042066628208229
            ],
            [
              80.23322482698246,
              13.042066628208229
            ],
            [
              80.23322482698246,
              13.042180155837766
            ],
            [
              80.23314942293284,
              13.042180155837766
            ],
            [
              80.23314942293284,
              13.042066628208229
            ]
          ]
        ]
      },
      "properties": {
        "parcel_id": "IND-TN-CHN-DEMO-0085",
        "floors": 4,
        "height_m": 12.8,
        "height_basis": "Estimated: 4 floors x 3.2 m",
        "footprint_area_sqm": 103.1,
        "land_use": "Mixed Residential",
        "data_source": "Demonstration data — synthetic, not an official land record",
        "data_quality": "DEMO"
      }
    },
    {
      "type": "Feature",
      "id": "IND-TN-CHN-DEMO-0086",
      "geometry": {
        "type": "Polygon",
        "coordinates": [
          [
            [
              80.23330939007215,
              13.042057579396142
            ],
            [
              80.23339681440402,
              13.042057579396142
            ],
            [
              80.23339681440402,
              13.042189204649853
            ],
            [
              80.23330939007215,
              13.042189204649853
            ],
            [
              80.23330939007215,
              13.042057579396142
            ]
          ]
        ]
      },
      "properties": {
        "parcel_id": "IND-TN-CHN-DEMO-0086",
        "floors": 4,
        "height_m": 12.8,
        "height_basis": "Estimated: 4 floors x 3.2 m",
        "footprint_area_sqm": 138.6,
        "land_use": "Commercial",
        "data_source": "Demonstration data — synthetic, not an official land record",
        "data_quality": "DEMO"
      }
    },
    {
      "type": "Feature",
      "id": "IND-TN-CHN-DEMO-0087",
      "geometry": {
        "type": "Polygon",
        "coordinates": [
          [
            [
              80.23349025479938,
              13.042079993796351
            ],
            [
              80.23354790423765,
              13.042079993796351
            ],
            [
              80.23354790423765,
              13.042166790249643
            ],
            [
              80.23349025479938,
              13.042166790249643
            ],
            [
              80.23349025479938,
              13.042079993796351
            ]
          ]
        ]
      },
      "properties": {
        "parcel_id": "IND-TN-CHN-DEMO-0087",
        "floors": 1,
        "height_m": 3.2,
        "height_basis": "Estimated: 1 floors x 3.2 m",
        "footprint_area_sqm": 60.3,
        "land_use": "Institutional",
        "data_source": "Demonstration data — synthetic, not an official land record",
        "data_quality": "DEMO"
      }
    },
    {
      "type": "Feature",
      "id": "IND-TN-CHN-DEMO-0088",
      "geometry": {
        "type": "Polygon",
        "coordinates": [
          [
            [
              80.23365051446478,
              13.042071385408825
            ],
            [
              80.23371959913311,
              13.042071385408825
            ],
            [
              80.23371959913311,
              13.04217539863717
            ],
            [
              80.23365051446478,
              13.04217539863717
            ],
            [
              80.23365051446478,
              13.042071385408825
            ]
          ]
        ]
      },
      "properties": {
        "parcel_id": "IND-TN-CHN-DEMO-0088",
        "floors": 1,
        "height_m": 3.2,
        "height_basis": "Estimated: 1 floors x 3.2 m",
        "footprint_area_sqm": 86.6,
        "land_use": "Residential",
        "data_source": "Demonstration data — synthetic, not an official land record",
        "data_quality": "DEMO"
      }
    },
    {
      "type": "Feature",
      "id": "IND-TN-CHN-DEMO-0089",
      "geometry": {
        "type": "Polygon",
        "coordinates": [
          [
            [
              80.23381079273106,
              13.04206280502662
            ],
            [
              80.23389127542764,
              13.04206280502662
            ],
            [
              80.23389127542764,
              13.042183979019375
            ],
            [
              80.23381079273106,
              13.042183979019375
            ],
            [
              80.23381079273106,
              13.04206280502662
            ]
          ]
        ]
      },
      "properties": {
        "parcel_id": "IND-TN-CHN-DEMO-0089",
        "floors": 2,
        "height_m": 6.4,
        "height_basis": "Estimated: 2 floors x 3.2 m",
        "footprint_area_sqm": 117.5,
        "land_use": "Residential",
        "data_source": "Demonstration data — synthetic, not an official land record",
        "data_quality": "DEMO"
      }
    },
    {
      "type": "Feature",
      "id": "IND-TN-CHN-DEMO-0090",
      "geometry": {
        "type": "Polygon",
        "coordinates": [
          [
            [
              80.23398709908555,
              13.042078356383609
            ],
            [
              80.23404692363401,
              13.042078356383609
            ],
            [
              80.23404692363401,
              13.042168427662386
            ],
            [
              80.23398709908555,
              13.042168427662386
            ],
            [
              80.23398709908555,
              13.042078356383609
            ]
          ]
        ]
      },
      "properties": {
        "parcel_id": "IND-TN-CHN-DEMO-0090",
        "floors": 2,
        "height_m": 6.4,
        "height_basis": "Estimated: 2 floors x 3.2 m",
        "footprint_area_sqm": 64.9,
        "land_use": "Institutional",
        "data_source": "Demonstration data — synthetic, not an official land record",
        "data_quality": "DEMO"
      }
    },
    {
      "type": "Feature",
      "id": "IND-TN-CHN-DEMO-0091",
      "geometry": {
        "type": "Polygon",
        "coordinates": [
          [
            [
              80.23414704048892,
              13.042069268823736
            ],
            [
              80.2342189367915,
              13.042069268823736
            ],
            [
              80.2342189367915,
              13.042177515222258
            ],
            [
              80.23414704048892,
              13.042177515222258
            ],
            [
              80.23414704048892,
              13.042069268823736
            ]
          ]
        ]
      },
      "properties": {
        "parcel_id": "IND-TN-CHN-DEMO-0091",
        "floors": 2,
        "height_m": 6.4,
        "height_basis": "Estimated: 2 floors x 3.2 m",
        "footprint_area_sqm": 93.7,
        "land_use": "Residential",
        "data_source": "Demonstration data — synthetic, not an official land record",
        "data_quality": "DEMO"
      }
    },
    {
      "type": "Feature",
      "id": "IND-TN-CHN-DEMO-0092",
      "geometry": {
        "type": "Polygon",
        "coordinates": [
          [
            [
              80.234310533425,
              13.042065528418188
            ],
            [
              80.23438739841629,
              13.042065528418188
            ],
            [
              80.23438739841629,
              13.042181255627806
            ],
            [
              80.234310533425,
              13.042181255627806
            ],
            [
              80.234310533425,
              13.042065528418188
            ]
          ]
        ]
      },
      "properties": {
        "parcel_id": "IND-TN-CHN-DEMO-0092",
        "floors": 3,
        "height_m": 9.6,
        "height_basis": "Estimated: 3 floors x 3.2 m",
        "footprint_area_sqm": 107.1,
        "land_use": "Residential",
        "data_source": "Demonstration data — synthetic, not an official land record",
        "data_quality": "DEMO"
      }
    },
    {
      "type": "Feature",
      "id": "IND-TN-CHN-DEMO-0095",
      "geometry": {
        "type": "Polygon",
        "coordinates": [
          [
            [
              80.23481044288788,
              13.04206850590673
            ],
            [
              80.23488335263595,
              13.04206850590673
            ],
            [
              80.23488335263595,
              13.042178278139264
            ],
            [
              80.23481044288788,
              13.042178278139264
            ],
            [
              80.23481044288788,
              13.04206850590673
            ]
          ]
        ]
      },
      "properties": {
        "parcel_id": "IND-TN-CHN-DEMO-0095",
        "floors": 2,
        "height_m": 6.4,
        "height_basis": "Estimated: 2 floors x 3.2 m",
        "footprint_area_sqm": 96.4,
        "land_use": "Industrial",
        "data_source": "Demonstration data — synthetic, not an official land record",
        "data_quality": "DEMO"
      }
    },
    {
      "type": "Feature",
      "id": "IND-TN-CHN-DEMO-0096",
      "geometry": {
        "type": "Polygon",
        "coordinates": [
          [
            [
              80.23497138820503,
              13.042060929830035
            ],
            [
              80.23505436187966,
              13.042060929830035
            ],
            [
              80.23505436187966,
              13.04218585421596
            ],
            [
              80.23497138820503,
              13.04218585421596
            ],
            [
              80.23497138820503,
              13.042060929830035
            ]
          ]
        ]
      },
      "properties": {
        "parcel_id": "IND-TN-CHN-DEMO-0096",
        "floors": 2,
        "height_m": 6.4,
        "height_basis": "Estimated: 2 floors x 3.2 m",
        "footprint_area_sqm": 124.9,
        "land_use": "Residential",
        "data_source": "Demonstration data — synthetic, not an official land record",
        "data_quality": "DEMO"
      }
    },
    {
      "type": "Feature",
      "id": "IND-TN-CHN-DEMO-0097",
      "geometry": {
        "type": "Polygon",
        "coordinates": [
          [
            [
              80.23314565184064,
              13.042276545169205
            ],
            [
              80.23322859807466,
              13.042276545169205
            ],
            [
              80.23322859807466,
              13.042401428240787
            ],
            [
              80.23314565184064,
              13.042401428240787
            ],
            [
              80.23314565184064,
              13.042276545169205
            ]
          ]
        ]
      },
      "properties": {
        "parcel_id": "IND-TN-CHN-DEMO-0097",
        "floors": 3,
        "height_m": 9.6,
        "height_basis": "Estimated: 3 floors x 3.2 m",
        "footprint_area_sqm": 124.8,
        "land_use": "Commercial",
        "data_source": "Demonstration data — synthetic, not an official land record",
        "data_quality": "DEMO"
      }
    },
    {
      "type": "Feature",
      "id": "IND-TN-CHN-DEMO-0098",
      "geometry": {
        "type": "Polygon",
        "coordinates": [
          [
            [
              80.23332291657148,
              13.04229353944862
            ],
            [
              80.23338328790469,
              13.04229353944862
            ],
            [
              80.23338328790469,
              13.042384433961372
            ],
            [
              80.23332291657148,
              13.042384433961372
            ],
            [
              80.23332291657148,
              13.04229353944862
            ]
          ]
        ]
      },
      "properties": {
        "parcel_id": "IND-TN-CHN-DEMO-0098",
        "floors": 2,
        "height_m": 6.4,
        "height_basis": "Estimated: 2 floors x 3.2 m",
        "footprint_area_sqm": 66.1,
        "land_use": "Institutional",
        "data_source": "Demonstration data — synthetic, not an official land record",
        "data_quality": "DEMO"
      }
    },
    {
      "type": "Feature",
      "id": "IND-TN-CHN-DEMO-0099",
      "geometry": {
        "type": "Polygon",
        "coordinates": [
          [
            [
              80.23347910672423,
              13.042278804041011
            ],
            [
              80.2335590523128,
              13.042278804041011
            ],
            [
              80.2335590523128,
              13.04239916936898
            ],
            [
              80.23347910672423,
              13.04239916936898
            ],
            [
              80.23347910672423,
              13.042278804041011
            ]
          ]
        ]
      },
      "properties": {
        "parcel_id": "IND-TN-CHN-DEMO-0099",
        "floors": 3,
        "height_m": 9.6,
        "height_basis": "Estimated: 3 floors x 3.2 m",
        "footprint_area_sqm": 115.9,
        "land_use": "Mixed Residential",
        "data_source": "Demonstration data — synthetic, not an official land record",
        "data_quality": "DEMO"
      }
    },
    {
      "type": "Feature",
      "id": "IND-TN-CHN-DEMO-0101",
      "geometry": {
        "type": "Polygon",
        "coordinates": [
          [
            [
              80.23381956107751,
              13.042291601248762
            ],
            [
              80.23388250708119,
              13.042291601248762
            ],
            [
              80.23388250708119,
              13.04238637216123
            ],
            [
              80.23381956107751,
              13.04238637216123
            ],
            [
              80.23381956107751,
              13.042291601248762
            ]
          ]
        ]
      },
      "properties": {
        "parcel_id": "IND-TN-CHN-DEMO-0101",
        "floors": 3,
        "height_m": 9.6,
        "height_basis": "Estimated: 3 floors x 3.2 m",
        "footprint_area_sqm": 71.9,
        "land_use": "Institutional",
        "data_source": "Demonstration data — synthetic, not an official land record",
        "data_quality": "DEMO"
      }
    },
    {
      "type": "Feature",
      "id": "IND-TN-CHN-DEMO-0102",
      "geometry": {
        "type": "Polygon",
        "coordinates": [
          [
            [
              80.2339718652222,
              13.04227101510389
            ],
            [
              80.23406215749736,
              13.04227101510389
            ],
            [
              80.23406215749736,
              13.042406958306103
            ],
            [
              80.2339718652222,
              13.042406958306103
            ],
            [
              80.2339718652222,
              13.04227101510389
            ]
          ]
        ]
      },
      "properties": {
        "parcel_id": "IND-TN-CHN-DEMO-0102",
        "floors": 4,
        "height_m": 12.8,
        "height_basis": "Estimated: 4 floors x 3.2 m",
        "footprint_area_sqm": 147.9,
        "land_use": "Commercial",
        "data_source": "Demonstration data — synthetic, not an official land record",
        "data_quality": "DEMO"
      }
    },
    {
      "type": "Feature",
      "id": "IND-TN-CHN-DEMO-0103",
      "geometry": {
        "type": "Polygon",
        "coordinates": [
          [
            [
              80.23414125352238,
              13.042276150703216
            ],
            [
              80.23422472375805,
              13.042276150703216
            ],
            [
              80.23422472375805,
              13.042401822706776
            ],
            [
              80.23414125352238,
              13.042401822706776
            ],
            [
              80.23414125352238,
              13.042276150703216
            ]
          ]
        ]
      },
      "properties": {
        "parcel_id": "IND-TN-CHN-DEMO-0103",
        "floors": 3,
        "height_m": 9.6,
        "height_basis": "Estimated: 3 floors x 3.2 m",
        "footprint_area_sqm": 126.4,
        "land_use": "Mixed Residential",
        "data_source": "Demonstration data — synthetic, not an official land record",
        "data_quality": "DEMO"
      }
    },
    {
      "type": "Feature",
      "id": "IND-TN-CHN-DEMO-0104",
      "geometry": {
        "type": "Polygon",
        "coordinates": [
          [
            [
              80.2343064046778,
              13.042274906897132
            ],
            [
              80.2343915271635,
              13.042274906897132
            ],
            [
              80.2343915271635,
              13.04240306651286
            ],
            [
              80.2343064046778,
              13.04240306651286
            ],
            [
              80.2343064046778,
              13.042274906897132
            ]
          ]
        ]
      },
      "properties": {
        "parcel_id": "IND-TN-CHN-DEMO-0104",
        "floors": 2,
        "height_m": 6.4,
        "height_basis": "Estimated: 2 floors x 3.2 m",
        "footprint_area_sqm": 131.4,
        "land_use": "Commercial",
        "data_source": "Demonstration data — synthetic, not an official land record",
        "data_quality": "DEMO"
      }
    },
    {
      "type": "Feature",
      "id": "IND-TN-CHN-DEMO-0105",
      "geometry": {
        "type": "Polygon",
        "coordinates": [
          [
            [
              80.23447003190665,
              13.042271368681552
            ],
            [
              80.2345598544955,
              13.042271368681552
            ],
            [
              80.2345598544955,
              13.04240660472844
            ],
            [
              80.23447003190665,
              13.04240660472844
            ],
            [
              80.23447003190665,
              13.042271368681552
            ]
          ]
        ]
      },
      "properties": {
        "parcel_id": "IND-TN-CHN-DEMO-0105",
        "floors": 3,
        "height_m": 9.6,
        "height_basis": "Estimated: 3 floors x 3.2 m",
        "footprint_area_sqm": 146.3,
        "land_use": "Commercial",
        "data_source": "Demonstration data — synthetic, not an official land record",
        "data_quality": "DEMO"
      }
    },
    {
      "type": "Feature",
      "id": "IND-TN-CHN-DEMO-0106",
      "geometry": {
        "type": "Polygon",
        "coordinates": [
          [
            [
              80.23464426169225,
              13.042283793575937
            ],
            [
              80.23471757927071,
              13.042283793575937
            ],
            [
              80.23471757927071,
              13.042394179834055
            ],
            [
              80.23464426169225,
              13.042394179834055
            ],
            [
              80.23464426169225,
              13.042283793575937
            ]
          ]
        ]
      },
      "properties": {
        "parcel_id": "IND-TN-CHN-DEMO-0106",
        "floors": 3,
        "height_m": 9.6,
        "height_basis": "Estimated: 3 floors x 3.2 m",
        "footprint_area_sqm": 97.5,
        "land_use": "Mixed Residential",
        "data_source": "Demonstration data — synthetic, not an official land record",
        "data_quality": "DEMO"
      }
    },
    {
      "type": "Feature",
      "id": "IND-TN-CHN-DEMO-0107",
      "geometry": {
        "type": "Polygon",
        "coordinates": [
          [
            [
              80.23480535619746,
              13.042276442115368
            ],
            [
              80.23488843932637,
              13.042276442115368
            ],
            [
              80.23488843932637,
              13.042401531294624
            ],
            [
              80.23480535619746,
              13.042401531294624
            ],
            [
              80.23480535619746,
              13.042276442115368
            ]
          ]
        ]
      },
      "properties": {
        "parcel_id": "IND-TN-CHN-DEMO-0107",
        "floors": 3,
        "height_m": 9.6,
        "height_basis": "Estimated: 3 floors x 3.2 m",
        "footprint_area_sqm": 125.2,
        "land_use": "Residential",
        "data_source": "Demonstration data — synthetic, not an official land record",
        "data_quality": "DEMO"
      }
    },
    {
      "type": "Feature",
      "id": "IND-TN-CHN-DEMO-0108",
      "geometry": {
        "type": "Polygon",
        "coordinates": [
          [
            [
              80.23497070373836,
              13.042275493985434
            ],
            [
              80.23505504634633,
              13.042275493985434
            ],
            [
              80.23505504634633,
              13.042402479424558
            ],
            [
              80.23497070373836,
              13.042402479424558
            ],
            [
              80.23497070373836,
              13.042275493985434
            ]
          ]
        ]
      },
      "properties": {
        "parcel_id": "IND-TN-CHN-DEMO-0108",
        "floors": 4,
        "height_m": 12.8,
        "height_basis": "Estimated: 4 floors x 3.2 m",
        "footprint_area_sqm": 129,
        "land_use": "Mixed Residential",
        "data_source": "Demonstration data — synthetic, not an official land record",
        "data_quality": "DEMO"
      }
    },
    {
      "type": "Feature",
      "id": "IND-TN-CHN-DEMO-0110",
      "geometry": {
        "type": "Polygon",
        "coordinates": [
          [
            [
              80.23331651210107,
              13.042499491620061
            ],
            [
              80.2333896923751,
              13.042499491620061
            ],
            [
              80.2333896923751,
              13.042609671153924
            ],
            [
              80.23331651210107,
              13.042609671153924
            ],
            [
              80.23331651210107,
              13.042499491620061
            ]
          ]
        ]
      },
      "properties": {
        "parcel_id": "IND-TN-CHN-DEMO-0110",
        "floors": 4,
        "height_m": 12.8,
        "height_basis": "Estimated: 4 floors x 3.2 m",
        "footprint_area_sqm": 97.1,
        "land_use": "Mixed Residential",
        "data_source": "Demonstration data — synthetic, not an official land record",
        "data_quality": "DEMO"
      }
    },
    {
      "type": "Feature",
      "id": "IND-TN-CHN-DEMO-0111",
      "geometry": {
        "type": "Polygon",
        "coordinates": [
          [
            [
              80.23348292806654,
              13.042500152100127
            ],
            [
              80.2335552309705,
              13.042500152100127
            ],
            [
              80.2335552309705,
              13.042609010673859
            ],
            [
              80.23348292806654,
              13.042609010673859
            ],
            [
              80.23348292806654,
              13.042500152100127
            ]
          ]
        ]
      },
      "properties": {
        "parcel_id": "IND-TN-CHN-DEMO-0111",
        "floors": 2,
        "height_m": 6.4,
        "height_basis": "Estimated: 2 floors x 3.2 m",
        "footprint_area_sqm": 94.8,
        "land_use": "Residential",
        "data_source": "Demonstration data — synthetic, not an official land record",
        "data_quality": "DEMO"
      }
    },
    {
      "type": "Feature",
      "id": "IND-TN-CHN-DEMO-0112",
      "geometry": {
        "type": "Polygon",
        "coordinates": [
          [
            [
              80.23364964591423,
              13.042501267091243
            ],
            [
              80.23372046768367,
              13.042501267091243
            ],
            [
              80.23372046768367,
              13.042607895682742
            ],
            [
              80.23364964591423,
              13.042607895682742
            ],
            [
              80.23364964591423,
              13.042501267091243
            ]
          ]
        ]
      },
      "properties": {
        "parcel_id": "IND-TN-CHN-DEMO-0112",
        "floors": 1,
        "height_m": 3.2,
        "height_basis": "Estimated: 1 floors x 3.2 m",
        "footprint_area_sqm": 91,
        "land_use": "Residential",
        "data_source": "Demonstration data — synthetic, not an official land record",
        "data_quality": "DEMO"
      }
    },
    {
      "type": "Feature",
      "id": "IND-TN-CHN-DEMO-0114",
      "geometry": {
        "type": "Polygon",
        "coordinates": [
          [
            [
              80.23398117696917,
              13.042500629464742
            ],
            [
              80.2340528457504,
              13.042500629464742
            ],
            [
              80.2340528457504,
              13.042608533309243
            ],
            [
              80.23398117696917,
              13.042608533309243
            ],
            [
              80.23398117696917,
              13.042500629464742
            ]
          ]
        ]
      },
      "properties": {
        "parcel_id": "IND-TN-CHN-DEMO-0114",
        "floors": 1,
        "height_m": 3.2,
        "height_basis": "Estimated: 1 floors x 3.2 m",
        "footprint_area_sqm": 93.2,
        "land_use": "Residential",
        "data_source": "Demonstration data — synthetic, not an official land record",
        "data_quality": "DEMO"
      }
    },
    {
      "type": "Feature",
      "id": "IND-TN-CHN-DEMO-0115",
      "geometry": {
        "type": "Polygon",
        "coordinates": [
          [
            [
              80.23413651580064,
              13.042484612315823
            ],
            [
              80.23422946147979,
              13.042484612315823
            ],
            [
              80.23422946147979,
              13.042624550458163
            ],
            [
              80.23413651580064,
              13.042624550458163
            ],
            [
              80.23413651580064,
              13.042484612315823
            ]
          ]
        ]
      },
      "properties": {
        "parcel_id": "IND-TN-CHN-DEMO-0115",
        "floors": 4,
        "height_m": 12.8,
        "height_basis": "Estimated: 4 floors x 3.2 m",
        "footprint_area_sqm": 156.7,
        "land_use": "Commercial",
        "data_source": "Demonstration data — synthetic, not an official land record",
        "data_quality": "DEMO"
      }
    },
    {
      "type": "Feature",
      "id": "IND-TN-CHN-DEMO-0116",
      "geometry": {
        "type": "Polygon",
        "coordinates": [
          [
            [
              80.23432574251301,
              13.042519616442384
            ],
            [
              80.23437218932828,
              13.042519616442384
            ],
            [
              80.23437218932828,
              13.042589546331602
            ],
            [
              80.23432574251301,
              13.042589546331602
            ],
            [
              80.23432574251301,
              13.042519616442384
            ]
          ]
        ]
      },
      "properties": {
        "parcel_id": "IND-TN-CHN-DEMO-0116",
        "floors": 2,
        "height_m": 6.4,
        "height_basis": "Estimated: 2 floors x 3.2 m",
        "footprint_area_sqm": 39.1,
        "land_use": "Public/Semi-Public",
        "data_source": "Demonstration data — synthetic, not an official land record",
        "data_quality": "DEMO"
      }
    },
    {
      "type": "Feature",
      "id": "IND-TN-CHN-DEMO-0118",
      "geometry": {
        "type": "Polygon",
        "coordinates": [
          [
            [
              80.23464064247015,
              13.042493939191095
            ],
            [
              80.2347211984928,
              13.042493939191095
            ],
            [
              80.2347211984928,
              13.04261522358289
            ],
            [
              80.23464064247015,
              13.04261522358289
            ],
            [
              80.23464064247015,
              13.042493939191095
            ]
          ]
        ]
      },
      "properties": {
        "parcel_id": "IND-TN-CHN-DEMO-0118",
        "floors": 1,
        "height_m": 3.2,
        "height_basis": "Estimated: 1 floors x 3.2 m",
        "footprint_area_sqm": 117.7,
        "land_use": "Residential",
        "data_source": "Demonstration data — synthetic, not an official land record",
        "data_quality": "DEMO"
      }
    },
    {
      "type": "Feature",
      "id": "IND-TN-CHN-DEMO-0119",
      "geometry": {
        "type": "Polygon",
        "coordinates": [
          [
            [
              80.23481242461501,
              13.0425026789405
            ],
            [
              80.23488137090881,
              13.0425026789405
            ],
            [
              80.23488137090881,
              13.042606483833486
            ],
            [
              80.23481242461501,
              13.042606483833486
            ],
            [
              80.23481242461501,
              13.0425026789405
            ]
          ]
        ]
      },
      "properties": {
        "parcel_id": "IND-TN-CHN-DEMO-0119",
        "floors": 2,
        "height_m": 6.4,
        "height_basis": "Estimated: 2 floors x 3.2 m",
        "footprint_area_sqm": 86.2,
        "land_use": "Residential",
        "data_source": "Demonstration data — synthetic, not an official land record",
        "data_quality": "DEMO"
      }
    },
    {
      "type": "Feature",
      "id": "IND-TN-CHN-DEMO-0120",
      "geometry": {
        "type": "Polygon",
        "coordinates": [
          [
            [
              80.23497133440283,
              13.042492038189948
            ],
            [
              80.23505441568186,
              13.042492038189948
            ],
            [
              80.23505441568186,
              13.042617124584037
            ],
            [
              80.23497133440283,
              13.042617124584037
            ],
            [
              80.23497133440283,
              13.042492038189948
            ]
          ]
        ]
      },
      "properties": {
        "parcel_id": "IND-TN-CHN-DEMO-0120",
        "floors": 1,
        "height_m": 3.2,
        "height_basis": "Estimated: 1 floors x 3.2 m",
        "footprint_area_sqm": 125.2,
        "land_use": "Industrial",
        "data_source": "Demonstration data — synthetic, not an official land record",
        "data_quality": "DEMO"
      }
    },
    {
      "type": "Feature",
      "id": "IND-TN-CHN-DEMO-0121",
      "geometry": {
        "type": "Polygon",
        "coordinates": [
          [
            [
              80.23314968457515,
              13.042713806180418
            ],
            [
              80.23322456534015,
              13.042713806180418
            ],
            [
              80.23322456534015,
              13.042826545957565
            ],
            [
              80.23314968457515,
              13.042826545957565
            ],
            [
              80.23314968457515,
              13.042713806180418
            ]
          ]
        ]
      },
      "properties": {
        "parcel_id": "IND-TN-CHN-DEMO-0121",
        "floors": 3,
        "height_m": 9.6,
        "height_basis": "Estimated: 3 floors x 3.2 m",
        "footprint_area_sqm": 101.7,
        "land_use": "Institutional",
        "data_source": "Demonstration data — synthetic, not an official land record",
        "data_quality": "DEMO"
      }
    },
    {
      "type": "Feature",
      "id": "IND-TN-CHN-DEMO-0122",
      "geometry": {
        "type": "Polygon",
        "coordinates": [
          [
            [
              80.23332824555057,
              13.042732752073517
            ],
            [
              80.2333779589256,
              13.042732752073517
            ],
            [
              80.2333779589256,
              13.042807600064465
            ],
            [
              80.23332824555057,
              13.042807600064465
            ],
            [
              80.23332824555057,
              13.042732752073517
            ]
          ]
        ]
      },
      "properties": {
        "parcel_id": "IND-TN-CHN-DEMO-0122",
        "floors": 1,
        "height_m": 3.2,
        "height_basis": "Estimated: 1 floors x 3.2 m",
        "footprint_area_sqm": 44.8,
        "land_use": "Public/Semi-Public",
        "data_source": "Demonstration data — synthetic, not an official land record",
        "data_quality": "DEMO"
      }
    },
    {
      "type": "Feature",
      "id": "IND-TN-CHN-DEMO-0123",
      "geometry": {
        "type": "Polygon",
        "coordinates": [
          [
            [
              80.23347942512224,
              13.042710472782058
            ],
            [
              80.23355873391479,
              13.042710472782058
            ],
            [
              80.23355873391479,
              13.042829879355924
            ],
            [
              80.23347942512224,
              13.042829879355924
            ],
            [
              80.23347942512224,
              13.042710472782058
            ]
          ]
        ]
      },
      "properties": {
        "parcel_id": "IND-TN-CHN-DEMO-0123",
        "floors": 3,
        "height_m": 9.6,
        "height_basis": "Estimated: 3 floors x 3.2 m",
        "footprint_area_sqm": 114.1,
        "land_use": "Residential",
        "data_source": "Demonstration data — synthetic, not an official land record",
        "data_quality": "DEMO"
      }
    },
    {
      "type": "Feature",
      "id": "IND-TN-CHN-DEMO-0124",
      "geometry": {
        "type": "Polygon",
        "coordinates": [
          [
            [
              80.23364481062453,
              13.042709581806426
            ],
            [
              80.23372530297337,
              13.042709581806426
            ],
            [
              80.23372530297337,
              13.042830770331557
            ],
            [
              80.23364481062453,
              13.042830770331557
            ],
            [
              80.23364481062453,
              13.042709581806426
            ]
          ]
        ]
      },
      "properties": {
        "parcel_id": "IND-TN-CHN-DEMO-0124",
        "floors": 4,
        "height_m": 12.8,
        "height_basis": "Estimated: 4 floors x 3.2 m",
        "footprint_area_sqm": 117.5,
        "land_use": "Mixed Residential",
        "data_source": "Demonstration data — synthetic, not an official land record",
        "data_quality": "DEMO"
      }
    },
    {
      "type": "Feature",
      "id": "IND-TN-CHN-DEMO-0125",
      "geometry": {
        "type": "Polygon",
        "coordinates": [
          [
            [
              80.2338078174169,
              13.04270510946753
            ],
            [
              80.2338942507418,
              13.04270510946753
            ],
            [
              80.2338942507418,
              13.042835242670453
            ],
            [
              80.2338078174169,
              13.042835242670453
            ],
            [
              80.2338078174169,
              13.04270510946753
            ]
          ]
        ]
      },
      "properties": {
        "parcel_id": "IND-TN-CHN-DEMO-0125",
        "floors": 3,
        "height_m": 9.6,
        "height_basis": "Estimated: 3 floors x 3.2 m",
        "footprint_area_sqm": 135.5,
        "land_use": "Mixed Residential",
        "data_source": "Demonstration data — synthetic, not an official land record",
        "data_quality": "DEMO"
      }
    },
    {
      "type": "Feature",
      "id": "IND-TN-CHN-DEMO-0129",
      "geometry": {
        "type": "Polygon",
        "coordinates": [
          [
            [
              80.23448251299838,
              13.04272134946013
            ],
            [
              80.23454737340377,
              13.04272134946013
            ],
            [
              80.23454737340377,
              13.042819002677852
            ],
            [
              80.23448251299838,
              13.042819002677852
            ],
            [
              80.23448251299838,
              13.04272134946013
            ]
          ]
        ]
      },
      "properties": {
        "parcel_id": "IND-TN-CHN-DEMO-0129",
        "floors": 1,
        "height_m": 3.2,
        "height_basis": "Estimated: 1 floors x 3.2 m",
        "footprint_area_sqm": 76.3,
        "land_use": "Industrial",
        "data_source": "Demonstration data — synthetic, not an official land record",
        "data_quality": "DEMO"
      }
    },
    {
      "type": "Feature",
      "id": "IND-TN-CHN-DEMO-0130",
      "geometry": {
        "type": "Polygon",
        "coordinates": [
          [
            [
              80.23463334533164,
              13.04269854736982
            ],
            [
              80.23472849563132,
              13.04269854736982
            ],
            [
              80.23472849563132,
              13.042841804768162
            ],
            [
              80.23463334533164,
              13.042841804768162
            ],
            [
              80.23463334533164,
              13.04269854736982
            ]
          ]
        ]
      },
      "properties": {
        "parcel_id": "IND-TN-CHN-DEMO-0130",
        "floors": 3,
        "height_m": 9.6,
        "height_basis": "Estimated: 3 floors x 3.2 m",
        "footprint_area_sqm": 164.2,
        "land_use": "Commercial",
        "data_source": "Demonstration data — synthetic, not an official land record",
        "data_quality": "DEMO"
      }
    },
    {
      "type": "Feature",
      "id": "IND-TN-CHN-DEMO-0131",
      "geometry": {
        "type": "Polygon",
        "coordinates": [
          [
            [
              80.23480856664682,
              13.042712465101788
            ],
            [
              80.234885228877,
              13.042712465101788
            ],
            [
              80.234885228877,
              13.042827887036195
            ],
            [
              80.23480856664682,
              13.042827887036195
            ],
            [
              80.23480856664682,
              13.042712465101788
            ]
          ]
        ]
      },
      "properties": {
        "parcel_id": "IND-TN-CHN-DEMO-0131",
        "floors": 1,
        "height_m": 3.2,
        "height_basis": "Estimated: 1 floors x 3.2 m",
        "footprint_area_sqm": 106.6,
        "land_use": "Residential",
        "data_source": "Demonstration data — synthetic, not an official land record",
        "data_quality": "DEMO"
      }
    },
    {
      "type": "Feature",
      "id": "IND-TN-CHN-DEMO-0132",
      "geometry": {
        "type": "Polygon",
        "coordinates": [
          [
            [
              80.23497704623989,
              13.042716232560231
            ],
            [
              80.2350487038448,
              13.042716232560231
            ],
            [
              80.2350487038448,
              13.042824119577752
            ],
            [
              80.23497704623989,
              13.042824119577752
            ],
            [
              80.23497704623989,
              13.042716232560231
            ]
          ]
        ]
      },
      "properties": {
        "parcel_id": "IND-TN-CHN-DEMO-0132",
        "floors": 3,
        "height_m": 9.6,
        "height_basis": "Estimated: 3 floors x 3.2 m",
        "footprint_area_sqm": 93.1,
        "land_use": "Residential",
        "data_source": "Demonstration data — synthetic, not an official land record",
        "data_quality": "DEMO"
      }
    },
    {
      "type": "Feature",
      "id": "IND-TN-CHN-DEMO-0133",
      "geometry": {
        "type": "Polygon",
        "coordinates": [
          [
            [
              80.23316577345712,
              13.042953624132139
            ],
            [
              80.23320847645819,
              13.042953624132139
            ],
            [
              80.23320847645819,
              13.043017917369838
            ],
            [
              80.23316577345712,
              13.043017917369838
            ],
            [
              80.23316577345712,
              13.042953624132139
            ]
          ]
        ]
      },
      "properties": {
        "parcel_id": "IND-TN-CHN-DEMO-0133",
        "floors": 1,
        "height_m": 3.2,
        "height_basis": "Estimated: 1 floors x 3.2 m",
        "footprint_area_sqm": 33.1,
        "land_use": "Public/Semi-Public",
        "data_source": "Demonstration data — synthetic, not an official land record",
        "data_quality": "DEMO"
      }
    },
    {
      "type": "Feature",
      "id": "IND-TN-CHN-DEMO-0134",
      "geometry": {
        "type": "Polygon",
        "coordinates": [
          [
            [
              80.23330903114369,
              13.04291941772482
            ],
            [
              80.23339717333248,
              13.04291941772482
            ],
            [
              80.23339717333248,
              13.043052123777157
            ],
            [
              80.23330903114369,
              13.043052123777157
            ],
            [
              80.23330903114369,
              13.04291941772482
            ]
          ]
        ]
      },
      "properties": {
        "parcel_id": "IND-TN-CHN-DEMO-0134",
        "floors": 3,
        "height_m": 9.6,
        "height_basis": "Estimated: 3 floors x 3.2 m",
        "footprint_area_sqm": 140.9,
        "land_use": "Commercial",
        "data_source": "Demonstration data — synthetic, not an official land record",
        "data_quality": "DEMO"
      }
    },
    {
      "type": "Feature",
      "id": "IND-TN-CHN-DEMO-0135",
      "geometry": {
        "type": "Polygon",
        "coordinates": [
          [
            [
              80.23347913119223,
              13.042925624925784
            ],
            [
              80.2335590278448,
              13.042925624925784
            ],
            [
              80.2335590278448,
              13.043045916576192
            ],
            [
              80.23347913119223,
              13.043045916576192
            ],
            [
              80.23347913119223,
              13.042925624925784
            ]
          ]
        ]
      },
      "properties": {
        "parcel_id": "IND-TN-CHN-DEMO-0135",
        "floors": 2,
        "height_m": 6.4,
        "height_basis": "Estimated: 2 floors x 3.2 m",
        "footprint_area_sqm": 115.8,
        "land_use": "Residential",
        "data_source": "Demonstration data — synthetic, not an official land record",
        "data_quality": "DEMO"
      }
    },
    {
      "type": "Feature",
      "id": "IND-TN-CHN-DEMO-0136",
      "geometry": {
        "type": "Polygon",
        "coordinates": [
          [
            [
              80.23364775374651,
              13.042929607625279
            ],
            [
              80.23372235985138,
              13.042929607625279
            ],
            [
              80.23372235985138,
              13.043041933876697
            ],
            [
              80.23364775374651,
              13.043041933876697
            ],
            [
              80.23364775374651,
              13.042929607625279
            ]
          ]
        ]
      },
      "properties": {
        "parcel_id": "IND-TN-CHN-DEMO-0136",
        "floors": 1,
        "height_m": 3.2,
        "height_basis": "Estimated: 1 floors x 3.2 m",
        "footprint_area_sqm": 100.9,
        "land_use": "Industrial",
        "data_source": "Demonstration data — synthetic, not an official land record",
        "data_quality": "DEMO"
      }
    },
    {
      "type": "Feature",
      "id": "IND-TN-CHN-DEMO-0138",
      "geometry": {
        "type": "Polygon",
        "coordinates": [
          [
            [
              80.23397488824807,
              13.042922350589258
            ],
            [
              80.2340591344715,
              13.042922350589258
            ],
            [
              80.2340591344715,
              13.043049190912718
            ],
            [
              80.23397488824807,
              13.043049190912718
            ],
            [
              80.23397488824807,
              13.042922350589258
            ]
          ]
        ]
      },
      "properties": {
        "parcel_id": "IND-TN-CHN-DEMO-0138",
        "floors": 5,
        "height_m": 16,
        "height_basis": "Estimated: 5 floors x 3.2 m",
        "footprint_area_sqm": 128.7,
        "land_use": "Commercial",
        "data_source": "Demonstration data — synthetic, not an official land record",
        "data_quality": "DEMO"
      }
    },
    {
      "type": "Feature",
      "id": "IND-TN-CHN-DEMO-0139",
      "geometry": {
        "type": "Polygon",
        "coordinates": [
          [
            [
              80.23414077684963,
              13.042922217075175
            ],
            [
              80.2342252004308,
              13.042922217075175
            ],
            [
              80.2342252004308,
              13.043049324426802
            ],
            [
              80.23414077684963,
              13.043049324426802
            ],
            [
              80.23414077684963,
              13.042922217075175
            ]
          ]
        ]
      },
      "properties": {
        "parcel_id": "IND-TN-CHN-DEMO-0139",
        "floors": 3,
        "height_m": 9.6,
        "height_basis": "Estimated: 3 floors x 3.2 m",
        "footprint_area_sqm": 129.3,
        "land_use": "Commercial",
        "data_source": "Demonstration data — synthetic, not an official land record",
        "data_quality": "DEMO"
      }
    },
    {
      "type": "Feature",
      "id": "IND-TN-CHN-DEMO-0143",
      "geometry": {
        "type": "Polygon",
        "coordinates": [
          [
            [
              80.23480752432725,
              13.04292649047723
            ],
            [
              80.23488627119657,
              13.04292649047723
            ],
            [
              80.23488627119657,
              13.043045051024746
            ],
            [
              80.23480752432725,
              13.043045051024746
            ],
            [
              80.23480752432725,
              13.04292649047723
            ]
          ]
        ]
      },
      "properties": {
        "parcel_id": "IND-TN-CHN-DEMO-0143",
        "floors": 2,
        "height_m": 6.4,
        "height_basis": "Estimated: 2 floors x 3.2 m",
        "footprint_area_sqm": 112.5,
        "land_use": "Residential",
        "data_source": "Demonstration data — synthetic, not an official land record",
        "data_quality": "DEMO"
      }
    },
    {
      "type": "Feature",
      "id": "IND-TN-CHN-DEMO-0144",
      "geometry": {
        "type": "Polygon",
        "coordinates": [
          [
            [
              80.23497839278362,
              13.042933854585813
            ],
            [
              80.23504735730107,
              13.042933854585813
            ],
            [
              80.23504735730107,
              13.043037686916163
            ],
            [
              80.23497839278362,
              13.043037686916163
            ],
            [
              80.23497839278362,
              13.042933854585813
            ]
          ]
        ]
      },
      "properties": {
        "parcel_id": "IND-TN-CHN-DEMO-0144",
        "floors": 3,
        "height_m": 9.6,
        "height_basis": "Estimated: 3 floors x 3.2 m",
        "footprint_area_sqm": 86.3,
        "land_use": "Institutional",
        "data_source": "Demonstration data — synthetic, not an official land record",
        "data_quality": "DEMO"
      }
    }
  ]
}
